{
  "type": "FeatureCollection",
  "name": "CCTV DIY with live stream",
  "features": [
    {
      "type": "Feature",
      "properties": {
        "id": "809",
        "slug": "simpang-apmd",
        "name": "APMD",
        "alias_name": "Simpang APMD",
        "group_name": "Dinas Kominfosan Yogyakarta",
        "pin_type": "cctv",
        "category": "simpang, kota",
        "connected": true,
        "featured": false,
        "descr": "Dinas Kominfosan Yogyakarta • simpang, kota",
        "stream_url": "https://cctv.jogjaprov.go.id/cctv-proxy/atcs-kota/APMD.stream/playlist.m3u8",
        "video_url": "https://cctv.jogjaprov.go.id/cctv-proxy/atcs-kota/APMD.stream/playlist.m3u8",
        "cctv_link": "https://cctv.jogjaprov.go.id/cctv-proxy/atcs-kota/APMD.stream/playlist.m3u8",
        "portal_url": "https://cctv.jogjaprov.go.id",
        "source_url": "https://cctv.jogjaprov.go.id/api/v1/location-pins?include=area,categories&filter%5Bhas_coords%5D=true&filter%5Bhas_slug%5D=true&filter%5Bevent_active%5D=true&filter%5Bdisabled%5D=false"
      },
      "geometry": {
        "type": "Point",
        "coordinates": [
          110.39314845,
          -7.79254456
        ]
      }
    },
    {
      "type": "Feature",
      "properties": {
        "id": "810",
        "slug": "simpang-bpk",
        "name": "BPK",
        "alias_name": "Simpang BPK",
        "group_name": "Dinas Kominfosan Yogyakarta",
        "pin_type": "cctv",
        "category": "simpang, kota",
        "connected": true,
        "featured": false,
        "descr": "Dinas Kominfosan Yogyakarta • simpang, kota",
        "stream_url": "https://cctv.jogjaprov.go.id/cctv-proxy/atcs-kota/BPK.stream/playlist.m3u8",
        "video_url": "https://cctv.jogjaprov.go.id/cctv-proxy/atcs-kota/BPK.stream/playlist.m3u8",
        "cctv_link": "https://cctv.jogjaprov.go.id/cctv-proxy/atcs-kota/BPK.stream/playlist.m3u8",
        "portal_url": "https://cctv.jogjaprov.go.id",
        "source_url": "https://cctv.jogjaprov.go.id/api/v1/location-pins?include=area,categories&filter%5Bhas_coords%5D=true&filter%5Bhas_slug%5D=true&filter%5Bevent_active%5D=true&filter%5Bdisabled%5D=false"
      },
      "geometry": {
        "type": "Point",
        "coordinates": [
          110.35384918,
          -7.79013346
        ]
      }
    },
    {
      "type": "Feature",
      "properties": {
        "id": "811",
        "slug": "simpang-cendana",
        "name": "Cendana",
        "alias_name": "Simpang Cendana",
        "group_name": "Dinas Kominfosan Yogyakarta",
        "pin_type": "cctv",
        "category": "simpang, kota",
        "connected": true,
        "featured": false,
        "descr": "Dinas Kominfosan Yogyakarta • simpang, kota",
        "stream_url": "https://cctv.jogjaprov.go.id/cctv-proxy/atcs-kota/Cendana.stream/playlist.m3u8",
        "video_url": "https://cctv.jogjaprov.go.id/cctv-proxy/atcs-kota/Cendana.stream/playlist.m3u8",
        "cctv_link": "https://cctv.jogjaprov.go.id/cctv-proxy/atcs-kota/Cendana.stream/playlist.m3u8",
        "portal_url": "https://cctv.jogjaprov.go.id",
        "source_url": "https://cctv.jogjaprov.go.id/api/v1/location-pins?include=area,categories&filter%5Bhas_coords%5D=true&filter%5Bhas_slug%5D=true&filter%5Bevent_active%5D=true&filter%5Bdisabled%5D=false"
      },
      "geometry": {
        "type": "Point",
        "coordinates": [
          110.38419577,
          -7.80191403
        ]
      }
    },
    {
      "type": "Feature",
      "properties": {
        "id": "813",
        "slug": "simpang-gayam",
        "name": "Gayam",
        "alias_name": "Simpang Gayam",
        "group_name": "Dinas Kominfosan Yogyakarta",
        "pin_type": "cctv",
        "category": "simpang, kota",
        "connected": false,
        "featured": false,
        "descr": "Dinas Kominfosan Yogyakarta • simpang, kota",
        "stream_url": "https://cctv.jogjaprov.go.id/cctv-proxy/atcs-kota/Gayam.stream/playlist.m3u8",
        "video_url": "https://cctv.jogjaprov.go.id/cctv-proxy/atcs-kota/Gayam.stream/playlist.m3u8",
        "cctv_link": "https://cctv.jogjaprov.go.id/cctv-proxy/atcs-kota/Gayam.stream/playlist.m3u8",
        "portal_url": "https://cctv.jogjaprov.go.id",
        "source_url": "https://cctv.jogjaprov.go.id/api/v1/location-pins?include=area,categories&filter%5Bhas_coords%5D=true&filter%5Bhas_slug%5D=true&filter%5Bevent_active%5D=true&filter%5Bdisabled%5D=false"
      },
      "geometry": {
        "type": "Point",
        "coordinates": [
          110.37746942,
          -7.79732678
        ]
      }
    },
    {
      "type": "Feature",
      "properties": {
        "id": "814",
        "slug": "simpang-gedongkuning",
        "name": "Gedongkuning",
        "alias_name": "Simpang Gedongkuning",
        "group_name": "Dinas Kominfosan Yogyakarta",
        "pin_type": "cctv",
        "category": "simpang, kota",
        "connected": true,
        "featured": false,
        "descr": "Dinas Kominfosan Yogyakarta • simpang, kota",
        "stream_url": "https://cctv.jogjaprov.go.id/cctv-proxy/atcs-kota/Gedongkuning.stream/playlist.m3u8",
        "video_url": "https://cctv.jogjaprov.go.id/cctv-proxy/atcs-kota/Gedongkuning.stream/playlist.m3u8",
        "cctv_link": "https://cctv.jogjaprov.go.id/cctv-proxy/atcs-kota/Gedongkuning.stream/playlist.m3u8",
        "portal_url": "https://cctv.jogjaprov.go.id",
        "source_url": "https://cctv.jogjaprov.go.id/api/v1/location-pins?include=area,categories&filter%5Bhas_coords%5D=true&filter%5Bhas_slug%5D=true&filter%5Bevent_active%5D=true&filter%5Bdisabled%5D=false"
      },
      "geometry": {
        "type": "Point",
        "coordinates": [
          110.40226847,
          -7.80231441
        ]
      }
    },
    {
      "type": "Feature",
      "properties": {
        "id": "815",
        "slug": "simpang-gondomanan",
        "name": "Gondomanan",
        "alias_name": "Simpang Gondomanan",
        "group_name": "Dinas Kominfosan Yogyakarta",
        "pin_type": "cctv",
        "category": "simpang",
        "connected": true,
        "featured": false,
        "descr": "Dinas Kominfosan Yogyakarta • simpang",
        "stream_url": "https://cctv.jogjaprov.go.id/cctv-proxy/atcs-kota/Gondomanan.stream/playlist.m3u8",
        "video_url": "https://cctv.jogjaprov.go.id/cctv-proxy/atcs-kota/Gondomanan.stream/playlist.m3u8",
        "cctv_link": "https://cctv.jogjaprov.go.id/cctv-proxy/atcs-kota/Gondomanan.stream/playlist.m3u8",
        "portal_url": "https://cctv.jogjaprov.go.id",
        "source_url": "https://cctv.jogjaprov.go.id/api/v1/location-pins?include=area,categories&filter%5Bhas_coords%5D=true&filter%5Bhas_slug%5D=true&filter%5Bevent_active%5D=true&filter%5Bdisabled%5D=false"
      },
      "geometry": {
        "type": "Point",
        "coordinates": [
          110.36919683,
          -7.80146937
        ]
      }
    },
    {
      "type": "Feature",
      "properties": {
        "id": "816",
        "slug": "simpang-gramedia-view-utara-timur",
        "name": "Gramedia",
        "alias_name": "Simpang Gramedia (view Utara-Timur)",
        "group_name": "Dinas Kominfosan Yogyakarta",
        "pin_type": "cctv",
        "category": "simpang, kota",
        "connected": true,
        "featured": false,
        "descr": "Dinas Kominfosan Yogyakarta • simpang, kota",
        "stream_url": "https://cctv.jogjaprov.go.id/cctv-proxy/atcs-kota/Gramedia.stream/playlist.m3u8",
        "video_url": "https://cctv.jogjaprov.go.id/cctv-proxy/atcs-kota/Gramedia.stream/playlist.m3u8",
        "cctv_link": "https://cctv.jogjaprov.go.id/cctv-proxy/atcs-kota/Gramedia.stream/playlist.m3u8",
        "portal_url": "https://cctv.jogjaprov.go.id",
        "source_url": "https://cctv.jogjaprov.go.id/api/v1/location-pins?include=area,categories&filter%5Bhas_coords%5D=true&filter%5Bhas_slug%5D=true&filter%5Bevent_active%5D=true&filter%5Bdisabled%5D=false"
      },
      "geometry": {
        "type": "Point",
        "coordinates": [
          110.37482806,
          -7.78302724
        ]
      }
    },
    {
      "type": "Feature",
      "properties": {
        "id": "817",
        "slug": "simpang-ibu-ruswo",
        "name": "IbuRuswo",
        "alias_name": "Simpang Ibu Ruswo",
        "group_name": "Dinas Kominfosan Yogyakarta",
        "pin_type": "cctv",
        "category": "simpang, kota",
        "connected": true,
        "featured": false,
        "descr": "Dinas Kominfosan Yogyakarta • simpang, kota",
        "stream_url": "https://cctv.jogjaprov.go.id/cctv-proxy/atcs-kota/IbuRuswo.stream/playlist.m3u8",
        "video_url": "https://cctv.jogjaprov.go.id/cctv-proxy/atcs-kota/IbuRuswo.stream/playlist.m3u8",
        "cctv_link": "https://cctv.jogjaprov.go.id/cctv-proxy/atcs-kota/IbuRuswo.stream/playlist.m3u8",
        "portal_url": "https://cctv.jogjaprov.go.id",
        "source_url": "https://cctv.jogjaprov.go.id/api/v1/location-pins?include=area,categories&filter%5Bhas_coords%5D=true&filter%5Bhas_slug%5D=true&filter%5Bevent_active%5D=true&filter%5Bdisabled%5D=false"
      },
      "geometry": {
        "type": "Point",
        "coordinates": [
          110.3693696,
          -7.80374386
        ]
      }
    },
    {
      "type": "Feature",
      "properties": {
        "id": "818",
        "slug": "simpang-jetis",
        "name": "Jetis",
        "alias_name": "Simpang Jetis",
        "group_name": "Dinas Kominfosan Yogyakarta",
        "pin_type": "cctv",
        "category": "simpang, kota",
        "connected": false,
        "featured": false,
        "descr": "Dinas Kominfosan Yogyakarta • simpang, kota",
        "stream_url": "https://cctv.jogjaprov.go.id/cctv-proxy/atcs-kota/Jetis.stream/playlist.m3u8",
        "video_url": "https://cctv.jogjaprov.go.id/cctv-proxy/atcs-kota/Jetis.stream/playlist.m3u8",
        "cctv_link": "https://cctv.jogjaprov.go.id/cctv-proxy/atcs-kota/Jetis.stream/playlist.m3u8",
        "portal_url": "https://cctv.jogjaprov.go.id",
        "source_url": "https://cctv.jogjaprov.go.id/api/v1/location-pins?include=area,categories&filter%5Bhas_coords%5D=true&filter%5Bhas_slug%5D=true&filter%5Bevent_active%5D=true&filter%5Bdisabled%5D=false"
      },
      "geometry": {
        "type": "Point",
        "coordinates": [
          110.36753355,
          -7.77803002
        ]
      }
    },
    {
      "type": "Feature",
      "properties": {
        "id": "819",
        "slug": "simpang-jlagranbadran-view-utara",
        "name": "Jlagran",
        "alias_name": "Simpang Jlagran/Badran (view Utara)",
        "group_name": "Dinas Kominfosan Yogyakarta",
        "pin_type": "cctv",
        "category": "simpang, kota",
        "connected": true,
        "featured": false,
        "descr": "Dinas Kominfosan Yogyakarta • simpang, kota",
        "stream_url": "https://cctv.jogjaprov.go.id/cctv-proxy/atcs-kota/Jlagran.stream/playlist.m3u8",
        "video_url": "https://cctv.jogjaprov.go.id/cctv-proxy/atcs-kota/Jlagran.stream/playlist.m3u8",
        "cctv_link": "https://cctv.jogjaprov.go.id/cctv-proxy/atcs-kota/Jlagran.stream/playlist.m3u8",
        "portal_url": "https://cctv.jogjaprov.go.id",
        "source_url": "https://cctv.jogjaprov.go.id/api/v1/location-pins?include=area,categories&filter%5Bhas_coords%5D=true&filter%5Bhas_slug%5D=true&filter%5Bevent_active%5D=true&filter%5Bdisabled%5D=false"
      },
      "geometry": {
        "type": "Point",
        "coordinates": [
          110.35758233,
          -7.7891337
        ]
      }
    },
    {
      "type": "Feature",
      "properties": {
        "id": "820",
        "slug": "simpang-jokteng-pojok-beteng-kulon",
        "name": "JoktengKulon",
        "alias_name": "Simpang Jokteng (Pojok Beteng) Kulon",
        "group_name": "Dinas Kominfosan Yogyakarta",
        "pin_type": "cctv",
        "category": "simpang, kota",
        "connected": true,
        "featured": false,
        "descr": "Dinas Kominfosan Yogyakarta • simpang, kota",
        "stream_url": "https://cctv.jogjaprov.go.id/cctv-proxy/atcs-kota/JoktengKulon.stream/playlist.m3u8",
        "video_url": "https://cctv.jogjaprov.go.id/cctv-proxy/atcs-kota/JoktengKulon.stream/playlist.m3u8",
        "cctv_link": "https://cctv.jogjaprov.go.id/cctv-proxy/atcs-kota/JoktengKulon.stream/playlist.m3u8",
        "portal_url": "https://cctv.jogjaprov.go.id",
        "source_url": "https://cctv.jogjaprov.go.id/api/v1/location-pins?include=area,categories&filter%5Bhas_coords%5D=true&filter%5Bhas_slug%5D=true&filter%5Bevent_active%5D=true&filter%5Bdisabled%5D=false"
      },
      "geometry": {
        "type": "Point",
        "coordinates": [
          110.35595942,
          -7.81307132
        ]
      }
    },
    {
      "type": "Feature",
      "properties": {
        "id": "821",
        "slug": "simpang-jokteng-pojok-beteng-wetan-view-timur",
        "name": "JoktengWetan",
        "alias_name": "Simpang Jokteng (Pojok Beteng) Wetan view Timur",
        "group_name": "Dinas Kominfosan Yogyakarta",
        "pin_type": "cctv",
        "category": "simpang, kota",
        "connected": true,
        "featured": false,
        "descr": "Dinas Kominfosan Yogyakarta • simpang, kota",
        "stream_url": "https://cctv.jogjaprov.go.id/cctv-proxy/atcs-kota/JoktengWetan.stream/playlist.m3u8",
        "video_url": "https://cctv.jogjaprov.go.id/cctv-proxy/atcs-kota/JoktengWetan.stream/playlist.m3u8",
        "cctv_link": "https://cctv.jogjaprov.go.id/cctv-proxy/atcs-kota/JoktengWetan.stream/playlist.m3u8",
        "portal_url": "https://cctv.jogjaprov.go.id",
        "source_url": "https://cctv.jogjaprov.go.id/api/v1/location-pins?include=area,categories&filter%5Bhas_coords%5D=true&filter%5Bhas_slug%5D=true&filter%5Bevent_active%5D=true&filter%5Bdisabled%5D=false"
      },
      "geometry": {
        "type": "Point",
        "coordinates": [
          110.36825867,
          -7.81484473
        ]
      }
    },
    {
      "type": "Feature",
      "properties": {
        "id": "822",
        "slug": "titik-nol-kilometer-view-barat",
        "name": "KMNol",
        "alias_name": "Titik Nol Kilometer (view Barat)",
        "group_name": "Dinas Kominfosan Yogyakarta",
        "pin_type": "cctv",
        "category": "malioboro, simpang, kota, PBTY 2026",
        "connected": true,
        "featured": false,
        "descr": "Dinas Kominfosan Yogyakarta • malioboro, simpang, kota, PBTY 2026",
        "stream_url": "https://cctv.jogjaprov.go.id/cctv-proxy/atcs-kota/KMNol.stream/playlist.m3u8",
        "video_url": "https://cctv.jogjaprov.go.id/cctv-proxy/atcs-kota/KMNol.stream/playlist.m3u8",
        "cctv_link": "https://cctv.jogjaprov.go.id/cctv-proxy/atcs-kota/KMNol.stream/playlist.m3u8",
        "portal_url": "https://cctv.jogjaprov.go.id",
        "source_url": "https://cctv.jogjaprov.go.id/api/v1/location-pins?include=area,categories&filter%5Bhas_coords%5D=true&filter%5Bhas_slug%5D=true&filter%5Bevent_active%5D=true&filter%5Bdisabled%5D=false"
      },
      "geometry": {
        "type": "Point",
        "coordinates": [
          110.36493672,
          -7.80126925
        ]
      }
    },
    {
      "type": "Feature",
      "properties": {
        "id": "823",
        "slug": "simpang-kyai-mojo-view-barat",
        "name": "KyaiMojo1",
        "alias_name": "Simpang Kyai Mojo view Barat",
        "group_name": "Dinas Kominfosan Yogyakarta",
        "pin_type": "cctv",
        "category": "simpang, kota",
        "connected": true,
        "featured": false,
        "descr": "Dinas Kominfosan Yogyakarta • simpang, kota",
        "stream_url": "https://cctv.jogjaprov.go.id/cctv-proxy/atcs-kota/KyaiMojo1.stream/playlist.m3u8",
        "video_url": "https://cctv.jogjaprov.go.id/cctv-proxy/atcs-kota/KyaiMojo1.stream/playlist.m3u8",
        "cctv_link": "https://cctv.jogjaprov.go.id/cctv-proxy/atcs-kota/KyaiMojo1.stream/playlist.m3u8",
        "portal_url": "https://cctv.jogjaprov.go.id",
        "source_url": "https://cctv.jogjaprov.go.id/api/v1/location-pins?include=area,categories&filter%5Bhas_coords%5D=true&filter%5Bhas_slug%5D=true&filter%5Bevent_active%5D=true&filter%5Bdisabled%5D=false"
      },
      "geometry": {
        "type": "Point",
        "coordinates": [
          110.35800492,
          -7.78289136
        ]
      }
    },
    {
      "type": "Feature",
      "properties": {
        "id": "824",
        "slug": "mirota-kampus-ugm",
        "name": "MirotaKampus",
        "alias_name": "Mirota Kampus UGM",
        "group_name": "Dinas Kominfosan Yogyakarta",
        "pin_type": "cctv",
        "category": "simpang, kota",
        "connected": true,
        "featured": false,
        "descr": "Dinas Kominfosan Yogyakarta • simpang, kota",
        "stream_url": "https://cctv.jogjaprov.go.id/cctv-proxy/atcs-kota/MirotaKampus.stream/playlist.m3u8",
        "video_url": "https://cctv.jogjaprov.go.id/cctv-proxy/atcs-kota/MirotaKampus.stream/playlist.m3u8",
        "cctv_link": "https://cctv.jogjaprov.go.id/cctv-proxy/atcs-kota/MirotaKampus.stream/playlist.m3u8",
        "portal_url": "https://cctv.jogjaprov.go.id",
        "source_url": "https://cctv.jogjaprov.go.id/api/v1/location-pins?include=area,categories&filter%5Bhas_coords%5D=true&filter%5Bhas_slug%5D=true&filter%5Bevent_active%5D=true&filter%5Bdisabled%5D=false"
      },
      "geometry": {
        "type": "Point",
        "coordinates": [
          110.37438047,
          -7.77613139
        ]
      }
    },
    {
      "type": "Feature",
      "properties": {
        "id": "825",
        "slug": "simpang-permata",
        "name": "Permata",
        "alias_name": "Simpang Permata",
        "group_name": "Dinas Kominfosan Yogyakarta",
        "pin_type": "cctv",
        "category": "simpang, kota",
        "connected": true,
        "featured": false,
        "descr": "Dinas Kominfosan Yogyakarta • simpang, kota",
        "stream_url": "https://cctv.jogjaprov.go.id/cctv-proxy/atcs-kota/Permata.stream/playlist.m3u8",
        "video_url": "https://cctv.jogjaprov.go.id/cctv-proxy/atcs-kota/Permata.stream/playlist.m3u8",
        "cctv_link": "https://cctv.jogjaprov.go.id/cctv-proxy/atcs-kota/Permata.stream/playlist.m3u8",
        "portal_url": "https://cctv.jogjaprov.go.id",
        "source_url": "https://cctv.jogjaprov.go.id/api/v1/location-pins?include=area,categories&filter%5Bhas_coords%5D=true&filter%5Bhas_slug%5D=true&filter%5Bevent_active%5D=true&filter%5Bdisabled%5D=false"
      },
      "geometry": {
        "type": "Point",
        "coordinates": [
          110.37316521,
          -7.80149145
        ]
      }
    },
    {
      "type": "Feature",
      "properties": {
        "id": "826",
        "slug": "simpang-rs-pku-muhammadiyah-kota",
        "name": "PKUMuh",
        "alias_name": "Simpang RS PKU Muhammadiyah Kota",
        "group_name": "Dinas Kominfosan Yogyakarta",
        "pin_type": "cctv",
        "category": "simpang, kota",
        "connected": true,
        "featured": false,
        "descr": "Dinas Kominfosan Yogyakarta • simpang, kota",
        "stream_url": "https://cctv.jogjaprov.go.id/cctv-proxy/atcs-kota/PKUMuh.stream/playlist.m3u8",
        "video_url": "https://cctv.jogjaprov.go.id/cctv-proxy/atcs-kota/PKUMuh.stream/playlist.m3u8",
        "cctv_link": "https://cctv.jogjaprov.go.id/cctv-proxy/atcs-kota/PKUMuh.stream/playlist.m3u8",
        "portal_url": "https://cctv.jogjaprov.go.id",
        "source_url": "https://cctv.jogjaprov.go.id/api/v1/location-pins?include=area,categories&filter%5Bhas_coords%5D=true&filter%5Bhas_slug%5D=true&filter%5Bevent_active%5D=true&filter%5Bdisabled%5D=false"
      },
      "geometry": {
        "type": "Point",
        "coordinates": [
          110.36211774,
          -7.80132718
        ]
      }
    },
    {
      "type": "Feature",
      "properties": {
        "id": "827",
        "slug": "simpang-sentul",
        "name": "Sentul",
        "alias_name": "Simpang Sentul",
        "group_name": "Dinas Kominfosan Yogyakarta",
        "pin_type": "cctv",
        "category": "simpang, kota",
        "connected": true,
        "featured": false,
        "descr": "Dinas Kominfosan Yogyakarta • simpang, kota",
        "stream_url": "https://cctv.jogjaprov.go.id/cctv-proxy/atcs-kota/Sentul.stream/playlist.m3u8",
        "video_url": "https://cctv.jogjaprov.go.id/cctv-proxy/atcs-kota/Sentul.stream/playlist.m3u8",
        "cctv_link": "https://cctv.jogjaprov.go.id/cctv-proxy/atcs-kota/Sentul.stream/playlist.m3u8",
        "portal_url": "https://cctv.jogjaprov.go.id",
        "source_url": "https://cctv.jogjaprov.go.id/api/v1/location-pins?include=area,categories&filter%5Bhas_coords%5D=true&filter%5Bhas_slug%5D=true&filter%5Bevent_active%5D=true&filter%5Bdisabled%5D=false"
      },
      "geometry": {
        "type": "Point",
        "coordinates": [
          110.37883861,
          -7.80168644
        ]
      }
    },
    {
      "type": "Feature",
      "properties": {
        "id": "828",
        "slug": "serangan",
        "name": "Serangan",
        "alias_name": "Serangan",
        "group_name": "Dinas Kominfosan Yogyakarta",
        "pin_type": "cctv",
        "category": "simpang, kota",
        "connected": true,
        "featured": false,
        "descr": "Dinas Kominfosan Yogyakarta • simpang, kota",
        "stream_url": "https://cctv.jogjaprov.go.id/cctv-proxy/atcs-kota/Serangan.stream/playlist.m3u8",
        "video_url": "https://cctv.jogjaprov.go.id/cctv-proxy/atcs-kota/Serangan.stream/playlist.m3u8",
        "cctv_link": "https://cctv.jogjaprov.go.id/cctv-proxy/atcs-kota/Serangan.stream/playlist.m3u8",
        "portal_url": "https://cctv.jogjaprov.go.id",
        "source_url": "https://cctv.jogjaprov.go.id/api/v1/location-pins?include=area,categories&filter%5Bhas_coords%5D=true&filter%5Bhas_slug%5D=true&filter%5Bevent_active%5D=true&filter%5Bdisabled%5D=false"
      },
      "geometry": {
        "type": "Point",
        "coordinates": [
          110.35609669,
          -7.80103045
        ]
      }
    },
    {
      "type": "Feature",
      "properties": {
        "id": "831",
        "slug": "simpang-menteri-supeno-view-barat",
        "name": "Simpang_MenteriSupeno1",
        "alias_name": "Simpang Menteri Supeno view Barat",
        "group_name": "Dinas Kominfosan Yogyakarta",
        "pin_type": "cctv",
        "category": "simpang, kota",
        "connected": true,
        "featured": false,
        "descr": "Dinas Kominfosan Yogyakarta • simpang, kota",
        "stream_url": "https://cctv.jogjaprov.go.id/cctv-proxy/atcs-kota/Simpang_MenteriSupeno1.stream/playlist.m3u8",
        "video_url": "https://cctv.jogjaprov.go.id/cctv-proxy/atcs-kota/Simpang_MenteriSupeno1.stream/playlist.m3u8",
        "cctv_link": "https://cctv.jogjaprov.go.id/cctv-proxy/atcs-kota/Simpang_MenteriSupeno1.stream/playlist.m3u8",
        "portal_url": "https://cctv.jogjaprov.go.id",
        "source_url": "https://cctv.jogjaprov.go.id/api/v1/location-pins?include=area,categories&filter%5Bhas_coords%5D=true&filter%5Bhas_slug%5D=true&filter%5Bevent_active%5D=true&filter%5Bdisabled%5D=false"
      },
      "geometry": {
        "type": "Point",
        "coordinates": [
          110.38422351,
          -7.81677062
        ]
      }
    },
    {
      "type": "Feature",
      "properties": {
        "id": "832",
        "slug": "simpang-menteri-supeno-view-timur",
        "name": "Simpang_MenteriSupeno2",
        "alias_name": "Simpang Menteri Supeno view Timur",
        "group_name": "Dinas Kominfosan Yogyakarta",
        "pin_type": "cctv",
        "category": "simpang, kota",
        "connected": true,
        "featured": false,
        "descr": "Dinas Kominfosan Yogyakarta • simpang, kota",
        "stream_url": "https://cctv.jogjaprov.go.id/cctv-proxy/atcs-kota/Simpang_MenteriSupeno2.stream/playlist.m3u8",
        "video_url": "https://cctv.jogjaprov.go.id/cctv-proxy/atcs-kota/Simpang_MenteriSupeno2.stream/playlist.m3u8",
        "cctv_link": "https://cctv.jogjaprov.go.id/cctv-proxy/atcs-kota/Simpang_MenteriSupeno2.stream/playlist.m3u8",
        "portal_url": "https://cctv.jogjaprov.go.id",
        "source_url": "https://cctv.jogjaprov.go.id/api/v1/location-pins?include=area,categories&filter%5Bhas_coords%5D=true&filter%5Bhas_slug%5D=true&filter%5Bevent_active%5D=true&filter%5Bdisabled%5D=false"
      },
      "geometry": {
        "type": "Point",
        "coordinates": [
          110.38426508,
          -7.81675468
        ]
      }
    },
    {
      "type": "Feature",
      "properties": {
        "id": "833",
        "slug": "simpang-pasar-gading-view-timur",
        "name": "Simpang_PasarGading2",
        "alias_name": "Simpang Pasar Gading view Timur",
        "group_name": "Dinas Kominfosan Yogyakarta",
        "pin_type": "cctv",
        "category": "simpang, kota",
        "connected": true,
        "featured": false,
        "descr": "Dinas Kominfosan Yogyakarta • simpang, kota",
        "stream_url": "https://cctv.jogjaprov.go.id/cctv-proxy/atcs-kota/Simpang_PasarGading2.stream/playlist.m3u8",
        "video_url": "https://cctv.jogjaprov.go.id/cctv-proxy/atcs-kota/Simpang_PasarGading2.stream/playlist.m3u8",
        "cctv_link": "https://cctv.jogjaprov.go.id/cctv-proxy/atcs-kota/Simpang_PasarGading2.stream/playlist.m3u8",
        "portal_url": "https://cctv.jogjaprov.go.id",
        "source_url": "https://cctv.jogjaprov.go.id/api/v1/location-pins?include=area,categories&filter%5Bhas_coords%5D=true&filter%5Bhas_slug%5D=true&filter%5Bevent_active%5D=true&filter%5Bdisabled%5D=false"
      },
      "geometry": {
        "type": "Point",
        "coordinates": [
          110.36288191,
          -7.81411177
        ]
      }
    },
    {
      "type": "Feature",
      "properties": {
        "id": "834",
        "slug": "simpang-pingit-view-selatan",
        "name": "Simpang_Pingit1",
        "alias_name": "Simpang Pingit  view Selatan",
        "group_name": "Dinas Kominfosan Yogyakarta",
        "pin_type": "cctv",
        "category": "simpang, kota",
        "connected": true,
        "featured": false,
        "descr": "Dinas Kominfosan Yogyakarta • simpang, kota",
        "stream_url": "https://cctv.jogjaprov.go.id/cctv-proxy/atcs-kota/Simpang_Pingit1.stream/playlist.m3u8",
        "video_url": "https://cctv.jogjaprov.go.id/cctv-proxy/atcs-kota/Simpang_Pingit1.stream/playlist.m3u8",
        "cctv_link": "https://cctv.jogjaprov.go.id/cctv-proxy/atcs-kota/Simpang_Pingit1.stream/playlist.m3u8",
        "portal_url": "https://cctv.jogjaprov.go.id",
        "source_url": "https://cctv.jogjaprov.go.id/api/v1/location-pins?include=area,categories&filter%5Bhas_coords%5D=true&filter%5Bhas_slug%5D=true&filter%5Bevent_active%5D=true&filter%5Bdisabled%5D=false"
      },
      "geometry": {
        "type": "Point",
        "coordinates": [
          110.36061334,
          -7.78264061
        ]
      }
    },
    {
      "type": "Feature",
      "properties": {
        "id": "835",
        "slug": "simpang-pingit-view-utara",
        "name": "Simpang_Pingit2",
        "alias_name": "Simpang Pingit view Utara",
        "group_name": "Dinas Kominfosan Yogyakarta",
        "pin_type": "cctv",
        "category": "simpang, kota",
        "connected": true,
        "featured": false,
        "descr": "Dinas Kominfosan Yogyakarta • simpang, kota",
        "stream_url": "https://cctv.jogjaprov.go.id/cctv-proxy/atcs-kota/Simpang_Pingit2.stream/playlist.m3u8",
        "video_url": "https://cctv.jogjaprov.go.id/cctv-proxy/atcs-kota/Simpang_Pingit2.stream/playlist.m3u8",
        "cctv_link": "https://cctv.jogjaprov.go.id/cctv-proxy/atcs-kota/Simpang_Pingit2.stream/playlist.m3u8",
        "portal_url": "https://cctv.jogjaprov.go.id",
        "source_url": "https://cctv.jogjaprov.go.id/api/v1/location-pins?include=area,categories&filter%5Bhas_coords%5D=true&filter%5Bhas_slug%5D=true&filter%5Bevent_active%5D=true&filter%5Bdisabled%5D=false"
      },
      "geometry": {
        "type": "Point",
        "coordinates": [
          110.3608954,
          -7.7827025
        ]
      }
    },
    {
      "type": "Feature",
      "properties": {
        "id": "836",
        "slug": "simpang-pingit-view-barat",
        "name": "Simpang_Pingit3",
        "alias_name": "Simpang Pingit view Barat",
        "group_name": "Dinas Kominfosan Yogyakarta",
        "pin_type": "cctv",
        "category": "simpang, kota",
        "connected": true,
        "featured": false,
        "descr": "Dinas Kominfosan Yogyakarta • simpang, kota",
        "stream_url": "https://cctv.jogjaprov.go.id/cctv-proxy/atcs-kota/Simpang_Pingit3.stream/playlist.m3u8",
        "video_url": "https://cctv.jogjaprov.go.id/cctv-proxy/atcs-kota/Simpang_Pingit3.stream/playlist.m3u8",
        "cctv_link": "https://cctv.jogjaprov.go.id/cctv-proxy/atcs-kota/Simpang_Pingit3.stream/playlist.m3u8",
        "portal_url": "https://cctv.jogjaprov.go.id",
        "source_url": "https://cctv.jogjaprov.go.id/api/v1/location-pins?include=area,categories&filter%5Bhas_coords%5D=true&filter%5Bhas_slug%5D=true&filter%5Bevent_active%5D=true&filter%5Bdisabled%5D=false"
      },
      "geometry": {
        "type": "Point",
        "coordinates": [
          110.36097275,
          -7.78290636
        ]
      }
    },
    {
      "type": "Feature",
      "properties": {
        "id": "837",
        "slug": "simpang-pingit-view-timur",
        "name": "Simpang_Pingit4",
        "alias_name": "Simpang Pingit view Timur",
        "group_name": "Dinas Kominfosan Yogyakarta",
        "pin_type": "cctv",
        "category": "simpang, kota",
        "connected": true,
        "featured": false,
        "descr": "Dinas Kominfosan Yogyakarta • simpang, kota",
        "stream_url": "https://cctv.jogjaprov.go.id/cctv-proxy/atcs-kota/Simpang_Pingit4.stream/playlist.m3u8",
        "video_url": "https://cctv.jogjaprov.go.id/cctv-proxy/atcs-kota/Simpang_Pingit4.stream/playlist.m3u8",
        "cctv_link": "https://cctv.jogjaprov.go.id/cctv-proxy/atcs-kota/Simpang_Pingit4.stream/playlist.m3u8",
        "portal_url": "https://cctv.jogjaprov.go.id",
        "source_url": "https://cctv.jogjaprov.go.id/api/v1/location-pins?include=area,categories&filter%5Bhas_coords%5D=true&filter%5Bhas_slug%5D=true&filter%5Bevent_active%5D=true&filter%5Bdisabled%5D=false"
      },
      "geometry": {
        "type": "Point",
        "coordinates": [
          110.36067228,
          -7.78297919
        ]
      }
    },
    {
      "type": "Feature",
      "properties": {
        "id": "838",
        "slug": "simpang-sugeng-jeroni-bugisan-view-timur",
        "name": "Simpang_SugengJeroni1",
        "alias_name": "Simpang Sugeng Jeroni / Bugisan view Timur",
        "group_name": "Dinas Kominfosan Yogyakarta",
        "pin_type": "cctv",
        "category": "simpang, kota",
        "connected": true,
        "featured": false,
        "descr": "Dinas Kominfosan Yogyakarta • simpang, kota",
        "stream_url": "https://cctv.jogjaprov.go.id/cctv-proxy/atcs-kota/Simpang_SugengJeroni1.stream/playlist.m3u8",
        "video_url": "https://cctv.jogjaprov.go.id/cctv-proxy/atcs-kota/Simpang_SugengJeroni1.stream/playlist.m3u8",
        "cctv_link": "https://cctv.jogjaprov.go.id/cctv-proxy/atcs-kota/Simpang_SugengJeroni1.stream/playlist.m3u8",
        "portal_url": "https://cctv.jogjaprov.go.id",
        "source_url": "https://cctv.jogjaprov.go.id/api/v1/location-pins?include=area,categories&filter%5Bhas_coords%5D=true&filter%5Bhas_slug%5D=true&filter%5Bevent_active%5D=true&filter%5Bdisabled%5D=false"
      },
      "geometry": {
        "type": "Point",
        "coordinates": [
          110.34959101,
          -7.81197797
        ]
      }
    },
    {
      "type": "Feature",
      "properties": {
        "id": "839",
        "slug": "simpang-sugeng-jeroni-bugisan-view-barat",
        "name": "Simpang_SugengJeroni2",
        "alias_name": "Simpang Sugeng Jeroni / Bugisan view Barat",
        "group_name": "Dinas Kominfosan Yogyakarta",
        "pin_type": "cctv",
        "category": "simpang, kota",
        "connected": true,
        "featured": false,
        "descr": "Dinas Kominfosan Yogyakarta • simpang, kota",
        "stream_url": "https://cctv.jogjaprov.go.id/cctv-proxy/atcs-kota/Simpang_SugengJeroni2.stream/playlist.m3u8",
        "video_url": "https://cctv.jogjaprov.go.id/cctv-proxy/atcs-kota/Simpang_SugengJeroni2.stream/playlist.m3u8",
        "cctv_link": "https://cctv.jogjaprov.go.id/cctv-proxy/atcs-kota/Simpang_SugengJeroni2.stream/playlist.m3u8",
        "portal_url": "https://cctv.jogjaprov.go.id",
        "source_url": "https://cctv.jogjaprov.go.id/api/v1/location-pins?include=area,categories&filter%5Bhas_coords%5D=true&filter%5Bhas_slug%5D=true&filter%5Bevent_active%5D=true&filter%5Bdisabled%5D=false"
      },
      "geometry": {
        "type": "Point",
        "coordinates": [
          110.34940086,
          -7.81183461
        ]
      }
    },
    {
      "type": "Feature",
      "properties": {
        "id": "840",
        "slug": "simpang-sgm",
        "name": "SimpangSGM",
        "alias_name": "Simpang SGM",
        "group_name": "Dinas Kominfosan Yogyakarta",
        "pin_type": "cctv",
        "category": "simpang, kota",
        "connected": true,
        "featured": false,
        "descr": "Dinas Kominfosan Yogyakarta • simpang, kota",
        "stream_url": "https://cctv.jogjaprov.go.id/cctv-proxy/atcs-kota/SimpangSGM.stream/playlist.m3u8",
        "video_url": "https://cctv.jogjaprov.go.id/cctv-proxy/atcs-kota/SimpangSGM.stream/playlist.m3u8",
        "cctv_link": "https://cctv.jogjaprov.go.id/cctv-proxy/atcs-kota/SimpangSGM.stream/playlist.m3u8",
        "portal_url": "https://cctv.jogjaprov.go.id",
        "source_url": "https://cctv.jogjaprov.go.id/api/v1/location-pins?include=area,categories&filter%5Bhas_coords%5D=true&filter%5Bhas_slug%5D=true&filter%5Bevent_active%5D=true&filter%5Bdisabled%5D=false"
      },
      "geometry": {
        "type": "Point",
        "coordinates": [
          110.39508561,
          -7.80223211
        ]
      }
    },
    {
      "type": "Feature",
      "properties": {
        "id": "841",
        "slug": "simpang-tamansari",
        "name": "Tamansari",
        "alias_name": "Simpang Tamansari",
        "group_name": "Dinas Kominfosan Yogyakarta",
        "pin_type": "cctv",
        "category": "simpang, kota",
        "connected": true,
        "featured": false,
        "descr": "Dinas Kominfosan Yogyakarta • simpang, kota",
        "stream_url": "https://cctv.jogjaprov.go.id/cctv-proxy/atcs-kota/Tamansari.stream/playlist.m3u8",
        "video_url": "https://cctv.jogjaprov.go.id/cctv-proxy/atcs-kota/Tamansari.stream/playlist.m3u8",
        "cctv_link": "https://cctv.jogjaprov.go.id/cctv-proxy/atcs-kota/Tamansari.stream/playlist.m3u8",
        "portal_url": "https://cctv.jogjaprov.go.id",
        "source_url": "https://cctv.jogjaprov.go.id/api/v1/location-pins?include=area,categories&filter%5Bhas_coords%5D=true&filter%5Bhas_slug%5D=true&filter%5Bevent_active%5D=true&filter%5Bdisabled%5D=false"
      },
      "geometry": {
        "type": "Point",
        "coordinates": [
          110.35603902,
          -7.80862994
        ]
      }
    },
    {
      "type": "Feature",
      "properties": {
        "id": "843",
        "slug": "simpang-tungkak",
        "name": "Tungkak",
        "alias_name": "Simpang Tungkak",
        "group_name": "Dinas Kominfosan Yogyakarta",
        "pin_type": "cctv",
        "category": "simpang, kota",
        "connected": true,
        "featured": false,
        "descr": "Dinas Kominfosan Yogyakarta • simpang, kota",
        "stream_url": "https://cctv.jogjaprov.go.id/cctv-proxy/atcs-kota/Tungkak.stream/playlist.m3u8",
        "video_url": "https://cctv.jogjaprov.go.id/cctv-proxy/atcs-kota/Tungkak.stream/playlist.m3u8",
        "cctv_link": "https://cctv.jogjaprov.go.id/cctv-proxy/atcs-kota/Tungkak.stream/playlist.m3u8",
        "portal_url": "https://cctv.jogjaprov.go.id",
        "source_url": "https://cctv.jogjaprov.go.id/api/v1/location-pins?include=area,categories&filter%5Bhas_coords%5D=true&filter%5Bhas_slug%5D=true&filter%5Bevent_active%5D=true&filter%5Bdisabled%5D=false"
      },
      "geometry": {
        "type": "Point",
        "coordinates": [
          110.37617321,
          -7.81554617
        ]
      }
    },
    {
      "type": "Feature",
      "properties": {
        "id": "844",
        "slug": "simpang-tunjung",
        "name": "Tunjung",
        "alias_name": "Simpang Tunjung",
        "group_name": "Dinas Kominfosan Yogyakarta",
        "pin_type": "cctv",
        "category": "simpang, kota",
        "connected": true,
        "featured": false,
        "descr": "Dinas Kominfosan Yogyakarta • simpang, kota",
        "stream_url": "https://cctv.jogjaprov.go.id/cctv-proxy/atcs-kota/Tunjung.stream/playlist.m3u8",
        "video_url": "https://cctv.jogjaprov.go.id/cctv-proxy/atcs-kota/Tunjung.stream/playlist.m3u8",
        "cctv_link": "https://cctv.jogjaprov.go.id/cctv-proxy/atcs-kota/Tunjung.stream/playlist.m3u8",
        "portal_url": "https://cctv.jogjaprov.go.id",
        "source_url": "https://cctv.jogjaprov.go.id/api/v1/location-pins?include=area,categories&filter%5Bhas_coords%5D=true&filter%5Bhas_slug%5D=true&filter%5Bevent_active%5D=true&filter%5Bdisabled%5D=false"
      },
      "geometry": {
        "type": "Point",
        "coordinates": [
          110.37778869,
          -7.79390331
        ]
      }
    },
    {
      "type": "Feature",
      "properties": {
        "id": "845",
        "slug": "simpang-ukdw",
        "name": "UKDW",
        "alias_name": "Simpang UKDW",
        "group_name": "Dinas Kominfosan Yogyakarta",
        "pin_type": "cctv",
        "category": "simpang, kota",
        "connected": true,
        "featured": false,
        "descr": "Dinas Kominfosan Yogyakarta • simpang, kota",
        "stream_url": "https://cctv.jogjaprov.go.id/cctv-proxy/atcs-kota/UKDW.stream/playlist.m3u8",
        "video_url": "https://cctv.jogjaprov.go.id/cctv-proxy/atcs-kota/UKDW.stream/playlist.m3u8",
        "cctv_link": "https://cctv.jogjaprov.go.id/cctv-proxy/atcs-kota/UKDW.stream/playlist.m3u8",
        "portal_url": "https://cctv.jogjaprov.go.id",
        "source_url": "https://cctv.jogjaprov.go.id/api/v1/location-pins?include=area,categories&filter%5Bhas_coords%5D=true&filter%5Bhas_slug%5D=true&filter%5Bevent_active%5D=true&filter%5Bdisabled%5D=false"
      },
      "geometry": {
        "type": "Point",
        "coordinates": [
          110.37865698,
          -7.7873159
        ]
      }
    },
    {
      "type": "Feature",
      "properties": {
        "id": "846",
        "slug": "simpang-ust",
        "name": "UST",
        "alias_name": "Simpang UST",
        "group_name": "Dinas Kominfosan Yogyakarta",
        "pin_type": "cctv",
        "category": "simpang, kota",
        "connected": true,
        "featured": false,
        "descr": "Dinas Kominfosan Yogyakarta • simpang, kota",
        "stream_url": "https://cctv.jogjaprov.go.id/cctv-proxy/atcs-kota/UST.stream/playlist.m3u8",
        "video_url": "https://cctv.jogjaprov.go.id/cctv-proxy/atcs-kota/UST.stream/playlist.m3u8",
        "cctv_link": "https://cctv.jogjaprov.go.id/cctv-proxy/atcs-kota/UST.stream/playlist.m3u8",
        "portal_url": "https://cctv.jogjaprov.go.id",
        "source_url": "https://cctv.jogjaprov.go.id/api/v1/location-pins?include=area,categories&filter%5Bhas_coords%5D=true&filter%5Bhas_slug%5D=true&filter%5Bevent_active%5D=true&filter%5Bdisabled%5D=false"
      },
      "geometry": {
        "type": "Point",
        "coordinates": [
          110.39196074,
          -7.80202476
        ]
      }
    },
    {
      "type": "Feature",
      "properties": {
        "id": "847",
        "slug": "simpang-warungboto-view-selatan",
        "name": "Warungboto1",
        "alias_name": "Simpang Warungboto view Selatan",
        "group_name": "Dinas Kominfosan Yogyakarta",
        "pin_type": "cctv",
        "category": "simpang, kota",
        "connected": true,
        "featured": false,
        "descr": "Dinas Kominfosan Yogyakarta • simpang, kota",
        "stream_url": "https://cctv.jogjaprov.go.id/cctv-proxy/atcs-kota/Warungboto1.stream/playlist.m3u8",
        "video_url": "https://cctv.jogjaprov.go.id/cctv-proxy/atcs-kota/Warungboto1.stream/playlist.m3u8",
        "cctv_link": "https://cctv.jogjaprov.go.id/cctv-proxy/atcs-kota/Warungboto1.stream/playlist.m3u8",
        "portal_url": "https://cctv.jogjaprov.go.id",
        "source_url": "https://cctv.jogjaprov.go.id/api/v1/location-pins?include=area,categories&filter%5Bhas_coords%5D=true&filter%5Bhas_slug%5D=true&filter%5Bevent_active%5D=true&filter%5Bdisabled%5D=false"
      },
      "geometry": {
        "type": "Point",
        "coordinates": [
          110.39159596,
          -7.8143309
        ]
      }
    },
    {
      "type": "Feature",
      "properties": {
        "id": "848",
        "slug": "simpang-warungboto-view-utara",
        "name": "Warungboto2",
        "alias_name": "Simpang Warungboto view Utara",
        "group_name": "Dinas Kominfosan Yogyakarta",
        "pin_type": "cctv",
        "category": "simpang, kota",
        "connected": true,
        "featured": false,
        "descr": "Dinas Kominfosan Yogyakarta • simpang, kota",
        "stream_url": "https://cctv.jogjaprov.go.id/cctv-proxy/atcs-kota/Warungboto2.stream/playlist.m3u8",
        "video_url": "https://cctv.jogjaprov.go.id/cctv-proxy/atcs-kota/Warungboto2.stream/playlist.m3u8",
        "cctv_link": "https://cctv.jogjaprov.go.id/cctv-proxy/atcs-kota/Warungboto2.stream/playlist.m3u8",
        "portal_url": "https://cctv.jogjaprov.go.id",
        "source_url": "https://cctv.jogjaprov.go.id/api/v1/location-pins?include=area,categories&filter%5Bhas_coords%5D=true&filter%5Bhas_slug%5D=true&filter%5Bevent_active%5D=true&filter%5Bdisabled%5D=false"
      },
      "geometry": {
        "type": "Point",
        "coordinates": [
          110.39176226,
          -7.81454349
        ]
      }
    },
    {
      "type": "Feature",
      "properties": {
        "id": "849",
        "slug": "simpang-wirobrajan",
        "name": "Wirobrajan",
        "alias_name": "Simpang Wirobrajan",
        "group_name": "Dinas Kominfosan Yogyakarta",
        "pin_type": "cctv",
        "category": "simpang, kota",
        "connected": true,
        "featured": false,
        "descr": "Dinas Kominfosan Yogyakarta • simpang, kota",
        "stream_url": "https://cctv.jogjaprov.go.id/cctv-proxy/atcs-kota/Wirobrajan.stream/playlist.m3u8",
        "video_url": "https://cctv.jogjaprov.go.id/cctv-proxy/atcs-kota/Wirobrajan.stream/playlist.m3u8",
        "cctv_link": "https://cctv.jogjaprov.go.id/cctv-proxy/atcs-kota/Wirobrajan.stream/playlist.m3u8",
        "portal_url": "https://cctv.jogjaprov.go.id",
        "source_url": "https://cctv.jogjaprov.go.id/api/v1/location-pins?include=area,categories&filter%5Bhas_coords%5D=true&filter%5Bhas_slug%5D=true&filter%5Bevent_active%5D=true&filter%5Bdisabled%5D=false"
      },
      "geometry": {
        "type": "Point",
        "coordinates": [
          110.35171644,
          -7.80109921
        ]
      }
    },
    {
      "type": "Feature",
      "properties": {
        "id": "850",
        "slug": "simpang-gramedia",
        "name": "Gramedia2",
        "alias_name": "Simpang Gramedia",
        "group_name": "Dinas Kominfosan Yogyakarta",
        "pin_type": "cctv",
        "category": "simpang, kota",
        "connected": true,
        "featured": false,
        "descr": "Dinas Kominfosan Yogyakarta • simpang, kota",
        "stream_url": "https://cctv.jogjaprov.go.id/cctv-proxy/atcs-kota/Gramedia2.stream/playlist.m3u8",
        "video_url": "https://cctv.jogjaprov.go.id/cctv-proxy/atcs-kota/Gramedia2.stream/playlist.m3u8",
        "cctv_link": "https://cctv.jogjaprov.go.id/cctv-proxy/atcs-kota/Gramedia2.stream/playlist.m3u8",
        "portal_url": "https://cctv.jogjaprov.go.id",
        "source_url": "https://cctv.jogjaprov.go.id/api/v1/location-pins?include=area,categories&filter%5Bhas_coords%5D=true&filter%5Bhas_slug%5D=true&filter%5Bevent_active%5D=true&filter%5Bdisabled%5D=false"
      },
      "geometry": {
        "type": "Point",
        "coordinates": [
          110.37483105,
          -7.78307767
        ]
      }
    },
    {
      "type": "Feature",
      "properties": {
        "id": "851",
        "slug": "depan-pasar-demangan-view-selatan",
        "name": "PasarDemangan",
        "alias_name": "Depan Pasar Demangan view Selatan",
        "group_name": "Dinas Kominfosan Yogyakarta",
        "pin_type": "cctv",
        "category": "kota",
        "connected": true,
        "featured": false,
        "descr": "Dinas Kominfosan Yogyakarta • kota",
        "stream_url": "https://cctv.jogjaprov.go.id/cctv-proxy/atcs-kota/PasarDemangan.stream/playlist.m3u8",
        "video_url": "https://cctv.jogjaprov.go.id/cctv-proxy/atcs-kota/PasarDemangan.stream/playlist.m3u8",
        "cctv_link": "https://cctv.jogjaprov.go.id/cctv-proxy/atcs-kota/PasarDemangan.stream/playlist.m3u8",
        "portal_url": "https://cctv.jogjaprov.go.id",
        "source_url": "https://cctv.jogjaprov.go.id/api/v1/location-pins?include=area,categories&filter%5Bhas_coords%5D=true&filter%5Bhas_slug%5D=true&filter%5Bevent_active%5D=true&filter%5Bdisabled%5D=false"
      },
      "geometry": {
        "type": "Point",
        "coordinates": [
          110.3882079,
          -7.78073361
        ]
      }
    },
    {
      "type": "Feature",
      "properties": {
        "id": "852",
        "slug": "simpang-bausasran-view-timur",
        "name": "SimpangBausasran",
        "alias_name": "Simpang Bausasran (view Timur)",
        "group_name": "Dinas Kominfosan Yogyakarta",
        "pin_type": "cctv",
        "category": "simpang, kota",
        "connected": true,
        "featured": false,
        "descr": "Dinas Kominfosan Yogyakarta • simpang, kota",
        "stream_url": "https://cctv.jogjaprov.go.id/cctv-proxy/atcs-kota/SimpangBausasran.stream/playlist.m3u8",
        "video_url": "https://cctv.jogjaprov.go.id/cctv-proxy/atcs-kota/SimpangBausasran.stream/playlist.m3u8",
        "cctv_link": "https://cctv.jogjaprov.go.id/cctv-proxy/atcs-kota/SimpangBausasran.stream/playlist.m3u8",
        "portal_url": "https://cctv.jogjaprov.go.id",
        "source_url": "https://cctv.jogjaprov.go.id/api/v1/location-pins?include=area,categories&filter%5Bhas_coords%5D=true&filter%5Bhas_slug%5D=true&filter%5Bevent_active%5D=true&filter%5Bdisabled%5D=false"
      },
      "geometry": {
        "type": "Point",
        "coordinates": [
          110.37255561,
          -7.79678069
        ]
      }
    },
    {
      "type": "Feature",
      "properties": {
        "id": "853",
        "slug": "simpang-amongrogo-view-timur",
        "name": "SimpangAmongrogoTimur",
        "alias_name": "Simpang Amongrogo view Timur",
        "group_name": "Dinas Kominfosan Yogyakarta",
        "pin_type": "cctv",
        "category": "simpang, kota",
        "connected": true,
        "featured": false,
        "descr": "Dinas Kominfosan Yogyakarta • simpang, kota",
        "stream_url": "https://cctv.jogjaprov.go.id/cctv-proxy/atcs-kota/SimpangAmongrogoTimur.stream/playlist.m3u8",
        "video_url": "https://cctv.jogjaprov.go.id/cctv-proxy/atcs-kota/SimpangAmongrogoTimur.stream/playlist.m3u8",
        "cctv_link": "https://cctv.jogjaprov.go.id/cctv-proxy/atcs-kota/SimpangAmongrogoTimur.stream/playlist.m3u8",
        "portal_url": "https://cctv.jogjaprov.go.id",
        "source_url": "https://cctv.jogjaprov.go.id/api/v1/location-pins?include=area,categories&filter%5Bhas_coords%5D=true&filter%5Bhas_slug%5D=true&filter%5Bevent_active%5D=true&filter%5Bdisabled%5D=false"
      },
      "geometry": {
        "type": "Point",
        "coordinates": [
          110.38490386,
          -7.79760906
        ]
      }
    },
    {
      "type": "Feature",
      "properties": {
        "id": "854",
        "slug": "simpang-balaikota-view-timur",
        "name": "SimpangBalaikotaTimur",
        "alias_name": "Simpang Balaikota (view Timur)",
        "group_name": "Dinas Kominfosan Yogyakarta",
        "pin_type": "cctv",
        "category": "simpang, kota",
        "connected": true,
        "featured": false,
        "descr": "Dinas Kominfosan Yogyakarta • simpang, kota",
        "stream_url": "https://cctv.jogjaprov.go.id/cctv-proxy/atcs-kota/SimpangBalaikotaTimur.stream/playlist.m3u8",
        "video_url": "https://cctv.jogjaprov.go.id/cctv-proxy/atcs-kota/SimpangBalaikotaTimur.stream/playlist.m3u8",
        "cctv_link": "https://cctv.jogjaprov.go.id/cctv-proxy/atcs-kota/SimpangBalaikotaTimur.stream/playlist.m3u8",
        "portal_url": "https://cctv.jogjaprov.go.id",
        "source_url": "https://cctv.jogjaprov.go.id/api/v1/location-pins?include=area,categories&filter%5Bhas_coords%5D=true&filter%5Bhas_slug%5D=true&filter%5Bevent_active%5D=true&filter%5Bdisabled%5D=false"
      },
      "geometry": {
        "type": "Point",
        "coordinates": [
          110.39234231,
          -7.79967851
        ]
      }
    },
    {
      "type": "Feature",
      "properties": {
        "id": "855",
        "slug": "simpang-borobudur-plaza-view-utara",
        "name": "SimpangBorobudurPlaza",
        "alias_name": "Simpang Borobudur Plaza view Utara",
        "group_name": "Dinas Kominfosan Yogyakarta",
        "pin_type": "cctv",
        "category": "simpang, kota",
        "connected": true,
        "featured": false,
        "descr": "Dinas Kominfosan Yogyakarta • simpang, kota",
        "stream_url": "https://cctv.jogjaprov.go.id/cctv-proxy/atcs-kota/SimpangBorobudurPlaza.stream/playlist.m3u8",
        "video_url": "https://cctv.jogjaprov.go.id/cctv-proxy/atcs-kota/SimpangBorobudurPlaza.stream/playlist.m3u8",
        "cctv_link": "https://cctv.jogjaprov.go.id/cctv-proxy/atcs-kota/SimpangBorobudurPlaza.stream/playlist.m3u8",
        "portal_url": "https://cctv.jogjaprov.go.id",
        "source_url": "https://cctv.jogjaprov.go.id/api/v1/location-pins?include=area,categories&filter%5Bhas_coords%5D=true&filter%5Bhas_slug%5D=true&filter%5Bevent_active%5D=true&filter%5Bdisabled%5D=false"
      },
      "geometry": {
        "type": "Point",
        "coordinates": [
          110.36114624,
          -7.77843203
        ]
      }
    },
    {
      "type": "Feature",
      "properties": {
        "id": "856",
        "slug": "simpang-debritto-depan-hotel-grand-mercure-view-utara",
        "name": "SimpangDeBritto",
        "alias_name": "Simpang DeBritto (Depan Hotel Grand Mercure) view Utara",
        "group_name": "Dinas Kominfosan Yogyakarta",
        "pin_type": "cctv",
        "category": "simpang, kota",
        "connected": true,
        "featured": false,
        "descr": "Dinas Kominfosan Yogyakarta • simpang, kota",
        "stream_url": "https://cctv.jogjaprov.go.id/cctv-proxy/atcs-kota/SimpangDeBritto.stream/playlist.m3u8",
        "video_url": "https://cctv.jogjaprov.go.id/cctv-proxy/atcs-kota/SimpangDeBritto.stream/playlist.m3u8",
        "cctv_link": "https://cctv.jogjaprov.go.id/cctv-proxy/atcs-kota/SimpangDeBritto.stream/playlist.m3u8",
        "portal_url": "https://cctv.jogjaprov.go.id",
        "source_url": "https://cctv.jogjaprov.go.id/api/v1/location-pins?include=area,categories&filter%5Bhas_coords%5D=true&filter%5Bhas_slug%5D=true&filter%5Bevent_active%5D=true&filter%5Bdisabled%5D=false"
      },
      "geometry": {
        "type": "Point",
        "coordinates": [
          110.3922201,
          -7.78321225
        ]
      }
    },
    {
      "type": "Feature",
      "properties": {
        "id": "857",
        "slug": "simpang-demangan-view-selatan",
        "name": "SimpangDemanganSelatan",
        "alias_name": "Simpang Demangan view Selatan",
        "group_name": "Dinas Kominfosan Yogyakarta",
        "pin_type": "cctv",
        "category": "simpang, kota",
        "connected": false,
        "featured": false,
        "descr": "Dinas Kominfosan Yogyakarta • simpang, kota",
        "stream_url": "https://cctv.jogjaprov.go.id/cctv-proxy/atcs-kota/SimpangDemanganSelatan.stream/playlist.m3u8",
        "video_url": "https://cctv.jogjaprov.go.id/cctv-proxy/atcs-kota/SimpangDemanganSelatan.stream/playlist.m3u8",
        "cctv_link": "https://cctv.jogjaprov.go.id/cctv-proxy/atcs-kota/SimpangDemanganSelatan.stream/playlist.m3u8",
        "portal_url": "https://cctv.jogjaprov.go.id",
        "source_url": "https://cctv.jogjaprov.go.id/api/v1/location-pins?include=area,categories&filter%5Bhas_coords%5D=true&filter%5Bhas_slug%5D=true&filter%5Bevent_active%5D=true&filter%5Bdisabled%5D=false"
      },
      "geometry": {
        "type": "Point",
        "coordinates": [
          110.38784831,
          -7.78318809
        ]
      }
    },
    {
      "type": "Feature",
      "properties": {
        "id": "858",
        "slug": "simpang-demangan-view-timur",
        "name": "SimpangDemanganTimur",
        "alias_name": "Simpang Demangan view Timur",
        "group_name": "Dinas Kominfosan Yogyakarta",
        "pin_type": "cctv",
        "category": "simpang, kota",
        "connected": true,
        "featured": false,
        "descr": "Dinas Kominfosan Yogyakarta • simpang, kota",
        "stream_url": "https://cctv.jogjaprov.go.id/cctv-proxy/atcs-kota/SimpangDemanganTimur.stream/playlist.m3u8",
        "video_url": "https://cctv.jogjaprov.go.id/cctv-proxy/atcs-kota/SimpangDemanganTimur.stream/playlist.m3u8",
        "cctv_link": "https://cctv.jogjaprov.go.id/cctv-proxy/atcs-kota/SimpangDemanganTimur.stream/playlist.m3u8",
        "portal_url": "https://cctv.jogjaprov.go.id",
        "source_url": "https://cctv.jogjaprov.go.id/api/v1/location-pins?include=area,categories&filter%5Bhas_coords%5D=true&filter%5Bhas_slug%5D=true&filter%5Bevent_active%5D=true&filter%5Bdisabled%5D=false"
      },
      "geometry": {
        "type": "Point",
        "coordinates": [
          110.38754446,
          -7.78291264
        ]
      }
    },
    {
      "type": "Feature",
      "properties": {
        "id": "859",
        "slug": "simpang-demangan-view-utara",
        "name": "SimpangDemanganUtara",
        "alias_name": "Simpang Demangan view Utara",
        "group_name": "Dinas Kominfosan Yogyakarta",
        "pin_type": "cctv",
        "category": "simpang, kota",
        "connected": true,
        "featured": false,
        "descr": "Dinas Kominfosan Yogyakarta • simpang, kota",
        "stream_url": "https://cctv.jogjaprov.go.id/cctv-proxy/atcs-kota/SimpangDemanganUtara.stream/playlist.m3u8",
        "video_url": "https://cctv.jogjaprov.go.id/cctv-proxy/atcs-kota/SimpangDemanganUtara.stream/playlist.m3u8",
        "cctv_link": "https://cctv.jogjaprov.go.id/cctv-proxy/atcs-kota/SimpangDemanganUtara.stream/playlist.m3u8",
        "portal_url": "https://cctv.jogjaprov.go.id",
        "source_url": "https://cctv.jogjaprov.go.id/api/v1/location-pins?include=area,categories&filter%5Bhas_coords%5D=true&filter%5Bhas_slug%5D=true&filter%5Bevent_active%5D=true&filter%5Bdisabled%5D=false"
      },
      "geometry": {
        "type": "Point",
        "coordinates": [
          110.38761724,
          -7.78315586
        ]
      }
    },
    {
      "type": "Feature",
      "properties": {
        "id": "860",
        "slug": "simpang-galeria-timur-selatan",
        "name": "SimpangGaleriaTImurSelatan",
        "alias_name": "Simpang Galeria Timur Selatan",
        "group_name": "Dinas Kominfosan Yogyakarta",
        "pin_type": "cctv",
        "category": "simpang, kota",
        "connected": true,
        "featured": false,
        "descr": "Dinas Kominfosan Yogyakarta • simpang, kota",
        "stream_url": "https://cctv.jogjaprov.go.id/cctv-proxy/atcs-kota/SimpangGaleriaTImurSelatan.stream/playlist.m3u8",
        "video_url": "https://cctv.jogjaprov.go.id/cctv-proxy/atcs-kota/SimpangGaleriaTImurSelatan.stream/playlist.m3u8",
        "cctv_link": "https://cctv.jogjaprov.go.id/cctv-proxy/atcs-kota/SimpangGaleriaTImurSelatan.stream/playlist.m3u8",
        "portal_url": "https://cctv.jogjaprov.go.id",
        "source_url": "https://cctv.jogjaprov.go.id/api/v1/location-pins?include=area,categories&filter%5Bhas_coords%5D=true&filter%5Bhas_slug%5D=true&filter%5Bevent_active%5D=true&filter%5Bdisabled%5D=false"
      },
      "geometry": {
        "type": "Point",
        "coordinates": [
          110.37918675,
          -7.78293905
        ]
      }
    },
    {
      "type": "Feature",
      "properties": {
        "id": "861",
        "slug": "simpang-jatikencana",
        "name": "SimpangJatikencana",
        "alias_name": "Simpang Jatikencana",
        "group_name": "Dinas Kominfosan Yogyakarta",
        "pin_type": "cctv",
        "category": "simpang, kota",
        "connected": true,
        "featured": false,
        "descr": "Dinas Kominfosan Yogyakarta • simpang, kota",
        "stream_url": "https://cctv.jogjaprov.go.id/cctv-proxy/atcs-kota/SimpangJatikencana.stream/playlist.m3u8",
        "video_url": "https://cctv.jogjaprov.go.id/cctv-proxy/atcs-kota/SimpangJatikencana.stream/playlist.m3u8",
        "cctv_link": "https://cctv.jogjaprov.go.id/cctv-proxy/atcs-kota/SimpangJatikencana.stream/playlist.m3u8",
        "portal_url": "https://cctv.jogjaprov.go.id",
        "source_url": "https://cctv.jogjaprov.go.id/api/v1/location-pins?include=area,categories&filter%5Bhas_coords%5D=true&filter%5Bhas_slug%5D=true&filter%5Bevent_active%5D=true&filter%5Bdisabled%5D=false"
      },
      "geometry": {
        "type": "Point",
        "coordinates": [
          110.35277411,
          -7.78182045
        ]
      }
    },
    {
      "type": "Feature",
      "properties": {
        "id": "862",
        "slug": "simpang-rejowinangun-view-timur",
        "name": "SimpangRejowinangunTimur",
        "alias_name": "Simpang Rejowinangun view Timur",
        "group_name": "Dinas Kominfosan Yogyakarta",
        "pin_type": "cctv",
        "category": "simpang, kota",
        "connected": true,
        "featured": false,
        "descr": "Dinas Kominfosan Yogyakarta • simpang, kota",
        "stream_url": "https://cctv.jogjaprov.go.id/cctv-proxy/atcs-kota/SimpangRejowinangunTimur.stream/playlist.m3u8",
        "video_url": "https://cctv.jogjaprov.go.id/cctv-proxy/atcs-kota/SimpangRejowinangunTimur.stream/playlist.m3u8",
        "cctv_link": "https://cctv.jogjaprov.go.id/cctv-proxy/atcs-kota/SimpangRejowinangunTimur.stream/playlist.m3u8",
        "portal_url": "https://cctv.jogjaprov.go.id",
        "source_url": "https://cctv.jogjaprov.go.id/api/v1/location-pins?include=area,categories&filter%5Bhas_coords%5D=true&filter%5Bhas_slug%5D=true&filter%5Bevent_active%5D=true&filter%5Bdisabled%5D=false"
      },
      "geometry": {
        "type": "Point",
        "coordinates": [
          110.40201977,
          -7.81058877
        ]
      }
    },
    {
      "type": "Feature",
      "properties": {
        "id": "863",
        "slug": "simpang-terban-view-barat",
        "name": "SimpangTerbanBarat",
        "alias_name": "Simpang Terban (view Barat)",
        "group_name": "Dinas Kominfosan Yogyakarta",
        "pin_type": "cctv",
        "category": "simpang, kota",
        "connected": true,
        "featured": false,
        "descr": "Dinas Kominfosan Yogyakarta • simpang, kota",
        "stream_url": "https://cctv.jogjaprov.go.id/cctv-proxy/atcs-kota/SimpangTerbanBarat.stream/playlist.m3u8",
        "video_url": "https://cctv.jogjaprov.go.id/cctv-proxy/atcs-kota/SimpangTerbanBarat.stream/playlist.m3u8",
        "cctv_link": "https://cctv.jogjaprov.go.id/cctv-proxy/atcs-kota/SimpangTerbanBarat.stream/playlist.m3u8",
        "portal_url": "https://cctv.jogjaprov.go.id",
        "source_url": "https://cctv.jogjaprov.go.id/api/v1/location-pins?include=area,categories&filter%5Bhas_coords%5D=true&filter%5Bhas_slug%5D=true&filter%5Bevent_active%5D=true&filter%5Bdisabled%5D=false"
      },
      "geometry": {
        "type": "Point",
        "coordinates": [
          110.37240207,
          -7.78302672
        ]
      }
    },
    {
      "type": "Feature",
      "properties": {
        "id": "864",
        "slug": "simpang-terban-view-timur",
        "name": "SimpangTerbanTimur",
        "alias_name": "Simpang Terban (view Timur)",
        "group_name": "Dinas Kominfosan Yogyakarta",
        "pin_type": "cctv",
        "category": "simpang, kota",
        "connected": true,
        "featured": false,
        "descr": "Dinas Kominfosan Yogyakarta • simpang, kota",
        "stream_url": "https://cctv.jogjaprov.go.id/cctv-proxy/atcs-kota/SimpangTerbanTimur.stream/playlist.m3u8",
        "video_url": "https://cctv.jogjaprov.go.id/cctv-proxy/atcs-kota/SimpangTerbanTimur.stream/playlist.m3u8",
        "cctv_link": "https://cctv.jogjaprov.go.id/cctv-proxy/atcs-kota/SimpangTerbanTimur.stream/playlist.m3u8",
        "portal_url": "https://cctv.jogjaprov.go.id",
        "source_url": "https://cctv.jogjaprov.go.id/api/v1/location-pins?include=area,categories&filter%5Bhas_coords%5D=true&filter%5Bhas_slug%5D=true&filter%5Bevent_active%5D=true&filter%5Bdisabled%5D=false"
      },
      "geometry": {
        "type": "Point",
        "coordinates": [
          110.37251204,
          -7.7830214
        ]
      }
    },
    {
      "type": "Feature",
      "properties": {
        "id": "865",
        "slug": "simpang-terban-view-utara",
        "name": "SimpangTerbanUtara",
        "alias_name": "Simpang Terban (view Utara)",
        "group_name": "Dinas Kominfosan Yogyakarta",
        "pin_type": "cctv",
        "category": "simpang, kota",
        "connected": true,
        "featured": false,
        "descr": "Dinas Kominfosan Yogyakarta • simpang, kota",
        "stream_url": "https://cctv.jogjaprov.go.id/cctv-proxy/atcs-kota/SimpangTerbanUtara.stream/playlist.m3u8",
        "video_url": "https://cctv.jogjaprov.go.id/cctv-proxy/atcs-kota/SimpangTerbanUtara.stream/playlist.m3u8",
        "cctv_link": "https://cctv.jogjaprov.go.id/cctv-proxy/atcs-kota/SimpangTerbanUtara.stream/playlist.m3u8",
        "portal_url": "https://cctv.jogjaprov.go.id",
        "source_url": "https://cctv.jogjaprov.go.id/api/v1/location-pins?include=area,categories&filter%5Bhas_coords%5D=true&filter%5Bhas_slug%5D=true&filter%5Bevent_active%5D=true&filter%5Bdisabled%5D=false"
      },
      "geometry": {
        "type": "Point",
        "coordinates": [
          110.37224919,
          -7.78304266
        ]
      }
    },
    {
      "type": "Feature",
      "properties": {
        "id": "866",
        "slug": "simpang-tugu-dari-utara-barat",
        "name": "SimpangTugu",
        "alias_name": "Simpang Tugu (dari Utara-Barat)",
        "group_name": "Dinas Kominfosan Yogyakarta",
        "pin_type": "cctv",
        "category": "simpang, kota",
        "connected": true,
        "featured": false,
        "descr": "Dinas Kominfosan Yogyakarta • simpang, kota",
        "stream_url": "https://cctv.jogjaprov.go.id/cctv-proxy/atcs-kota/SimpangTugu.stream/playlist.m3u8",
        "video_url": "https://cctv.jogjaprov.go.id/cctv-proxy/atcs-kota/SimpangTugu.stream/playlist.m3u8",
        "cctv_link": "https://cctv.jogjaprov.go.id/cctv-proxy/atcs-kota/SimpangTugu.stream/playlist.m3u8",
        "portal_url": "https://cctv.jogjaprov.go.id",
        "source_url": "https://cctv.jogjaprov.go.id/api/v1/location-pins?include=area,categories&filter%5Bhas_coords%5D=true&filter%5Bhas_slug%5D=true&filter%5Bevent_active%5D=true&filter%5Bdisabled%5D=false"
      },
      "geometry": {
        "type": "Point",
        "coordinates": [
          110.36691635,
          -7.78262728
        ]
      }
    },
    {
      "type": "Feature",
      "properties": {
        "id": "867",
        "slug": "parkiran-ngabean",
        "name": "ParkiranNgabean",
        "alias_name": "Parkiran Ngabean",
        "group_name": "Dinas Kominfosan Yogyakarta",
        "pin_type": "cctv",
        "category": "simpang, kota",
        "connected": false,
        "featured": false,
        "descr": "Dinas Kominfosan Yogyakarta • simpang, kota",
        "stream_url": "https://cctv.jogjaprov.go.id/cctv-proxy/atcs-kota/ParkiranNgabean.stream/playlist.m3u8",
        "video_url": "https://cctv.jogjaprov.go.id/cctv-proxy/atcs-kota/ParkiranNgabean.stream/playlist.m3u8",
        "cctv_link": "https://cctv.jogjaprov.go.id/cctv-proxy/atcs-kota/ParkiranNgabean.stream/playlist.m3u8",
        "portal_url": "https://cctv.jogjaprov.go.id",
        "source_url": "https://cctv.jogjaprov.go.id/api/v1/location-pins?include=area,categories&filter%5Bhas_coords%5D=true&filter%5Bhas_slug%5D=true&filter%5Bevent_active%5D=true&filter%5Bdisabled%5D=false"
      },
      "geometry": {
        "type": "Point",
        "coordinates": [
          110.35628847,
          -7.80133617
        ]
      }
    },
    {
      "type": "Feature",
      "properties": {
        "id": "868",
        "slug": "simpang-pingit",
        "name": "Pingit",
        "alias_name": "Simpang Pingit",
        "group_name": "Dinas Kominfosan Yogyakarta",
        "pin_type": "cctv",
        "category": "simpang, kota",
        "connected": true,
        "featured": false,
        "descr": "Dinas Kominfosan Yogyakarta • simpang, kota",
        "stream_url": "https://cctv.jogjaprov.go.id/cctv-proxy/atcs-kota/Pingit.stream/playlist.m3u8",
        "video_url": "https://cctv.jogjaprov.go.id/cctv-proxy/atcs-kota/Pingit.stream/playlist.m3u8",
        "cctv_link": "https://cctv.jogjaprov.go.id/cctv-proxy/atcs-kota/Pingit.stream/playlist.m3u8",
        "portal_url": "https://cctv.jogjaprov.go.id",
        "source_url": "https://cctv.jogjaprov.go.id/api/v1/location-pins?include=area,categories&filter%5Bhas_coords%5D=true&filter%5Bhas_slug%5D=true&filter%5Bevent_active%5D=true&filter%5Bdisabled%5D=false"
      },
      "geometry": {
        "type": "Point",
        "coordinates": [
          110.36064019,
          -7.78291954
        ]
      }
    },
    {
      "type": "Feature",
      "properties": {
        "id": "869",
        "slug": "margo-utomo-utara-jl-gowongan-lor",
        "name": "MargoUtomo_GowonganLor",
        "alias_name": "Margo Utomo - Utara Jl. Gowongan Lor",
        "group_name": "Dinas Kominfosan Yogyakarta",
        "pin_type": "cctv",
        "category": "kota",
        "connected": true,
        "featured": false,
        "descr": "Dinas Kominfosan Yogyakarta • kota",
        "stream_url": "https://cctv.jogjaprov.go.id/cctv-proxy/atcs-kota/MargoUtomo_GowonganLor.stream/playlist.m3u8",
        "video_url": "https://cctv.jogjaprov.go.id/cctv-proxy/atcs-kota/MargoUtomo_GowonganLor.stream/playlist.m3u8",
        "cctv_link": "https://cctv.jogjaprov.go.id/cctv-proxy/atcs-kota/MargoUtomo_GowonganLor.stream/playlist.m3u8",
        "portal_url": "https://cctv.jogjaprov.go.id",
        "source_url": "https://cctv.jogjaprov.go.id/api/v1/location-pins?include=area,categories&filter%5Bhas_coords%5D=true&filter%5Bhas_slug%5D=true&filter%5Bevent_active%5D=true&filter%5Bdisabled%5D=false"
      },
      "geometry": {
        "type": "Point",
        "coordinates": [
          110.36656787,
          -7.78534835
        ]
      }
    },
    {
      "type": "Feature",
      "properties": {
        "id": "870",
        "slug": "margo-utomo-optic-tugu",
        "name": "MargoUtomo_OpticTugu",
        "alias_name": "Margo Utomo - Optic Tugu",
        "group_name": "Dinas Kominfosan Yogyakarta",
        "pin_type": "cctv",
        "category": "kota",
        "connected": true,
        "featured": false,
        "descr": "Dinas Kominfosan Yogyakarta • kota",
        "stream_url": "https://cctv.jogjaprov.go.id/cctv-proxy/atcs-kota/MargoUtomo_OpticTugu.stream/playlist.m3u8",
        "video_url": "https://cctv.jogjaprov.go.id/cctv-proxy/atcs-kota/MargoUtomo_OpticTugu.stream/playlist.m3u8",
        "cctv_link": "https://cctv.jogjaprov.go.id/cctv-proxy/atcs-kota/MargoUtomo_OpticTugu.stream/playlist.m3u8",
        "portal_url": "https://cctv.jogjaprov.go.id",
        "source_url": "https://cctv.jogjaprov.go.id/api/v1/location-pins?include=area,categories&filter%5Bhas_coords%5D=true&filter%5Bhas_slug%5D=true&filter%5Bevent_active%5D=true&filter%5Bdisabled%5D=false"
      },
      "geometry": {
        "type": "Point",
        "coordinates": [
          110.3663533,
          -7.78751685
        ]
      }
    },
    {
      "type": "Feature",
      "properties": {
        "id": "871",
        "slug": "margo-utomo-selatan-olive",
        "name": "MargoUtomo_SelatanOlive",
        "alias_name": "Margo Utomo - Selatan Olive",
        "group_name": "Dinas Kominfosan Yogyakarta",
        "pin_type": "cctv",
        "category": "kota",
        "connected": true,
        "featured": false,
        "descr": "Dinas Kominfosan Yogyakarta • kota",
        "stream_url": "https://cctv.jogjaprov.go.id/cctv-proxy/atcs-kota/MargoUtomo_SelatanOlive.stream/playlist.m3u8",
        "video_url": "https://cctv.jogjaprov.go.id/cctv-proxy/atcs-kota/MargoUtomo_SelatanOlive.stream/playlist.m3u8",
        "cctv_link": "https://cctv.jogjaprov.go.id/cctv-proxy/atcs-kota/MargoUtomo_SelatanOlive.stream/playlist.m3u8",
        "portal_url": "https://cctv.jogjaprov.go.id",
        "source_url": "https://cctv.jogjaprov.go.id/api/v1/location-pins?include=area,categories&filter%5Bhas_coords%5D=true&filter%5Bhas_slug%5D=true&filter%5Bevent_active%5D=true&filter%5Bdisabled%5D=false"
      },
      "geometry": {
        "type": "Point",
        "coordinates": [
          110.36646595,
          -7.78667177
        ]
      }
    },
    {
      "type": "Feature",
      "properties": {
        "id": "872",
        "slug": "margo-utomo-toko-cat-wahyuselatan-tugu",
        "name": "MargoUtomo_TokoCatWahyu",
        "alias_name": "Margo Utomo - Toko Cat Wahyu/Selatan Tugu",
        "group_name": "Dinas Kominfosan Yogyakarta",
        "pin_type": "cctv",
        "category": "kota",
        "connected": true,
        "featured": false,
        "descr": "Dinas Kominfosan Yogyakarta • kota",
        "stream_url": "https://cctv.jogjaprov.go.id/cctv-proxy/atcs-kota/MargoUtomo_TokoCatWahyu.stream/playlist.m3u8",
        "video_url": "https://cctv.jogjaprov.go.id/cctv-proxy/atcs-kota/MargoUtomo_TokoCatWahyu.stream/playlist.m3u8",
        "cctv_link": "https://cctv.jogjaprov.go.id/cctv-proxy/atcs-kota/MargoUtomo_TokoCatWahyu.stream/playlist.m3u8",
        "portal_url": "https://cctv.jogjaprov.go.id",
        "source_url": "https://cctv.jogjaprov.go.id/api/v1/location-pins?include=area,categories&filter%5Bhas_coords%5D=true&filter%5Bhas_slug%5D=true&filter%5Bevent_active%5D=true&filter%5Bdisabled%5D=false"
      },
      "geometry": {
        "type": "Point",
        "coordinates": [
          110.36676636,
          -7.78346153
        ]
      }
    },
    {
      "type": "Feature",
      "properties": {
        "id": "873",
        "slug": "margo-utomo-wijaya-baru-travel",
        "name": "MargoUtomo_WijayaBaruTravel",
        "alias_name": "Margo Utomo - Wijaya Baru Travel",
        "group_name": "Dinas Kominfosan Yogyakarta",
        "pin_type": "cctv",
        "category": "kota",
        "connected": true,
        "featured": false,
        "descr": "Dinas Kominfosan Yogyakarta • kota",
        "stream_url": "https://cctv.jogjaprov.go.id/cctv-proxy/atcs-kota/MargoUtomo_WijayaBaruTravel.stream/playlist.m3u8",
        "video_url": "https://cctv.jogjaprov.go.id/cctv-proxy/atcs-kota/MargoUtomo_WijayaBaruTravel.stream/playlist.m3u8",
        "cctv_link": "https://cctv.jogjaprov.go.id/cctv-proxy/atcs-kota/MargoUtomo_WijayaBaruTravel.stream/playlist.m3u8",
        "portal_url": "https://cctv.jogjaprov.go.id",
        "source_url": "https://cctv.jogjaprov.go.id/api/v1/location-pins?include=area,categories&filter%5Bhas_coords%5D=true&filter%5Bhas_slug%5D=true&filter%5Bevent_active%5D=true&filter%5Bdisabled%5D=false"
      },
      "geometry": {
        "type": "Point",
        "coordinates": [
          110.36654918,
          -7.7860899
        ]
      }
    },
    {
      "type": "Feature",
      "properties": {
        "id": "874",
        "slug": "margo-utomo-utara-rel-ka",
        "name": "MargoUtomo_WismaRatih",
        "alias_name": "Margo Utomo - Utara Rel KA",
        "group_name": "Dinas Kominfosan Yogyakarta",
        "pin_type": "cctv",
        "category": "kota, stasiun",
        "connected": true,
        "featured": false,
        "descr": "Dinas Kominfosan Yogyakarta • kota, stasiun",
        "stream_url": "https://cctv.jogjaprov.go.id/cctv-proxy/atcs-kota/MargoUtomo_WismaRatih.stream/playlist.m3u8",
        "video_url": "https://cctv.jogjaprov.go.id/cctv-proxy/atcs-kota/MargoUtomo_WismaRatih.stream/playlist.m3u8",
        "cctv_link": "https://cctv.jogjaprov.go.id/cctv-proxy/atcs-kota/MargoUtomo_WismaRatih.stream/playlist.m3u8",
        "portal_url": "https://cctv.jogjaprov.go.id",
        "source_url": "https://cctv.jogjaprov.go.id/api/v1/location-pins?include=area,categories&filter%5Bhas_coords%5D=true&filter%5Bhas_slug%5D=true&filter%5Bevent_active%5D=true&filter%5Bdisabled%5D=false"
      },
      "geometry": {
        "type": "Point",
        "coordinates": [
          110.36606898,
          -7.78954715
        ]
      }
    },
    {
      "type": "Feature",
      "properties": {
        "id": "875",
        "slug": "simpang-sajiono",
        "name": "Sajiono",
        "alias_name": "Simpang Sajiono",
        "group_name": "Dinas Kominfosan Yogyakarta",
        "pin_type": "cctv",
        "category": "simpang, kota",
        "connected": true,
        "featured": false,
        "descr": "Dinas Kominfosan Yogyakarta • simpang, kota",
        "stream_url": "https://cctv.jogjaprov.go.id/cctv-proxy/atcs-kota/Sajiono.stream/playlist.m3u8",
        "video_url": "https://cctv.jogjaprov.go.id/cctv-proxy/atcs-kota/Sajiono.stream/playlist.m3u8",
        "cctv_link": "https://cctv.jogjaprov.go.id/cctv-proxy/atcs-kota/Sajiono.stream/playlist.m3u8",
        "portal_url": "https://cctv.jogjaprov.go.id",
        "source_url": "https://cctv.jogjaprov.go.id/api/v1/location-pins?include=area,categories&filter%5Bhas_coords%5D=true&filter%5Bhas_slug%5D=true&filter%5Bevent_active%5D=true&filter%5Bdisabled%5D=false"
      },
      "geometry": {
        "type": "Point",
        "coordinates": [
          110.37424707,
          -7.78576958
        ]
      }
    },
    {
      "type": "Feature",
      "properties": {
        "id": "876",
        "slug": "simpang-balaikota",
        "name": "SimpangBalaikota",
        "alias_name": "Simpang Balaikota",
        "group_name": "Dinas Kominfosan Yogyakarta",
        "pin_type": "cctv",
        "category": "simpang, kota",
        "connected": true,
        "featured": false,
        "descr": "Dinas Kominfosan Yogyakarta • simpang, kota",
        "stream_url": "https://cctv.jogjaprov.go.id/cctv-proxy/atcs-kota/SimpangBalaikota.stream/playlist.m3u8",
        "video_url": "https://cctv.jogjaprov.go.id/cctv-proxy/atcs-kota/SimpangBalaikota.stream/playlist.m3u8",
        "cctv_link": "https://cctv.jogjaprov.go.id/cctv-proxy/atcs-kota/SimpangBalaikota.stream/playlist.m3u8",
        "portal_url": "https://cctv.jogjaprov.go.id",
        "source_url": "https://cctv.jogjaprov.go.id/api/v1/location-pins?include=area,categories&filter%5Bhas_coords%5D=true&filter%5Bhas_slug%5D=true&filter%5Bevent_active%5D=true&filter%5Bdisabled%5D=false"
      },
      "geometry": {
        "type": "Point",
        "coordinates": [
          110.39224575,
          -7.79964662
        ]
      }
    },
    {
      "type": "Feature",
      "properties": {
        "id": "877",
        "slug": "simpang-kleringan-view-utara-arah-jembatan-kewek",
        "name": "Kleringan",
        "alias_name": "Simpang Kleringan (view Utara arah Jembatan Kewek)",
        "group_name": "Dinas Kominfosan Yogyakarta",
        "pin_type": "cctv",
        "category": "simpang, kota, stasiun, kereta api",
        "connected": false,
        "featured": false,
        "descr": "Dinas Kominfosan Yogyakarta • simpang, kota, stasiun, kereta api",
        "stream_url": "https://cctv.jogjaprov.go.id/cctv-proxy/atcs-kota/Kleringan.stream/playlist.m3u8",
        "video_url": "https://cctv.jogjaprov.go.id/cctv-proxy/atcs-kota/Kleringan.stream/playlist.m3u8",
        "cctv_link": "https://cctv.jogjaprov.go.id/cctv-proxy/atcs-kota/Kleringan.stream/playlist.m3u8",
        "portal_url": "https://cctv.jogjaprov.go.id",
        "source_url": "https://cctv.jogjaprov.go.id/api/v1/location-pins?include=area,categories&filter%5Bhas_coords%5D=true&filter%5Bhas_slug%5D=true&filter%5Bevent_active%5D=true&filter%5Bdisabled%5D=false"
      },
      "geometry": {
        "type": "Point",
        "coordinates": [
          110.36894092,
          -7.79052468
        ]
      }
    },
    {
      "type": "Feature",
      "properties": {
        "id": "878",
        "slug": "simpang-melia-purosani-view-utara",
        "name": "SimpangMelia",
        "alias_name": "Simpang Melia Purosani (view Utara)",
        "group_name": "Dinas Kominfosan Yogyakarta",
        "pin_type": "cctv",
        "category": "simpang, kota, PBTY 2026",
        "connected": true,
        "featured": false,
        "descr": "Dinas Kominfosan Yogyakarta • simpang, kota, PBTY 2026",
        "stream_url": "https://cctv.jogjaprov.go.id/cctv-proxy/atcs-kota/SimpangMelia.stream/playlist.m3u8",
        "video_url": "https://cctv.jogjaprov.go.id/cctv-proxy/atcs-kota/SimpangMelia.stream/playlist.m3u8",
        "cctv_link": "https://cctv.jogjaprov.go.id/cctv-proxy/atcs-kota/SimpangMelia.stream/playlist.m3u8",
        "portal_url": "https://cctv.jogjaprov.go.id",
        "source_url": "https://cctv.jogjaprov.go.id/api/v1/location-pins?include=area,categories&filter%5Bhas_coords%5D=true&filter%5Bhas_slug%5D=true&filter%5Bevent_active%5D=true&filter%5Bdisabled%5D=false"
      },
      "geometry": {
        "type": "Point",
        "coordinates": [
          110.36893347,
          -7.79671734
        ]
      }
    },
    {
      "type": "Feature",
      "properties": {
        "id": "879",
        "slug": "simpang-patangpuluhan",
        "name": "SimpangPatangpuluhan",
        "alias_name": "Simpang Patangpuluhan",
        "group_name": "Dinas Kominfosan Yogyakarta",
        "pin_type": "cctv",
        "category": "simpang, kota",
        "connected": true,
        "featured": false,
        "descr": "Dinas Kominfosan Yogyakarta • simpang, kota",
        "stream_url": "https://cctv.jogjaprov.go.id/cctv-proxy/atcs-kota/SimpangPatangpuluhan.stream/playlist.m3u8",
        "video_url": "https://cctv.jogjaprov.go.id/cctv-proxy/atcs-kota/SimpangPatangpuluhan.stream/playlist.m3u8",
        "cctv_link": "https://cctv.jogjaprov.go.id/cctv-proxy/atcs-kota/SimpangPatangpuluhan.stream/playlist.m3u8",
        "portal_url": "https://cctv.jogjaprov.go.id",
        "source_url": "https://cctv.jogjaprov.go.id/api/v1/location-pins?include=area,categories&filter%5Bhas_coords%5D=true&filter%5Bhas_slug%5D=true&filter%5Bevent_active%5D=true&filter%5Bdisabled%5D=false"
      },
      "geometry": {
        "type": "Point",
        "coordinates": [
          110.35031631,
          -7.80783074
        ]
      }
    },
    {
      "type": "Feature",
      "properties": {
        "id": "880",
        "slug": "simpang-atmosukarto",
        "name": "SimpangAtmosukarto",
        "alias_name": "Simpang Atmosukarto",
        "group_name": "Dinas Kominfosan Yogyakarta",
        "pin_type": "cctv",
        "category": "simpang, kota",
        "connected": true,
        "featured": false,
        "descr": "Dinas Kominfosan Yogyakarta • simpang, kota",
        "stream_url": "https://cctv.jogjaprov.go.id/cctv-proxy/atcs-kota/SimpangAtmosukarto.stream/playlist.m3u8",
        "video_url": "https://cctv.jogjaprov.go.id/cctv-proxy/atcs-kota/SimpangAtmosukarto.stream/playlist.m3u8",
        "cctv_link": "https://cctv.jogjaprov.go.id/cctv-proxy/atcs-kota/SimpangAtmosukarto.stream/playlist.m3u8",
        "portal_url": "https://cctv.jogjaprov.go.id",
        "source_url": "https://cctv.jogjaprov.go.id/api/v1/location-pins?include=area,categories&filter%5Bhas_coords%5D=true&filter%5Bhas_slug%5D=true&filter%5Bevent_active%5D=true&filter%5Bdisabled%5D=false"
      },
      "geometry": {
        "type": "Point",
        "coordinates": [
          110.3783646,
          -7.78812124
        ]
      }
    },
    {
      "type": "Feature",
      "properties": {
        "id": "881",
        "slug": "simpang-gondomanan-view-selatan",
        "name": "SimpangGondomananSelatan",
        "alias_name": "Simpang Gondomanan view Selatan",
        "group_name": "Dinas Kominfosan Yogyakarta",
        "pin_type": "cctv",
        "category": "simpang, kota",
        "connected": true,
        "featured": false,
        "descr": "Dinas Kominfosan Yogyakarta • simpang, kota",
        "stream_url": "https://cctv.jogjaprov.go.id/cctv-proxy/atcs-kota/SimpangGondomananSelatan.stream/playlist.m3u8",
        "video_url": "https://cctv.jogjaprov.go.id/cctv-proxy/atcs-kota/SimpangGondomananSelatan.stream/playlist.m3u8",
        "cctv_link": "https://cctv.jogjaprov.go.id/cctv-proxy/atcs-kota/SimpangGondomananSelatan.stream/playlist.m3u8",
        "portal_url": "https://cctv.jogjaprov.go.id",
        "source_url": "https://cctv.jogjaprov.go.id/api/v1/location-pins?include=area,categories&filter%5Bhas_coords%5D=true&filter%5Bhas_slug%5D=true&filter%5Bevent_active%5D=true&filter%5Bdisabled%5D=false"
      },
      "geometry": {
        "type": "Point",
        "coordinates": [
          110.36916041,
          -7.80160673
        ]
      }
    },
    {
      "type": "Feature",
      "properties": {
        "id": "882",
        "slug": "simpang-pasar-telo-view-selatan",
        "name": "SimpangPasarTeloSelatan",
        "alias_name": "Simpang Pasar Telo view Selatan",
        "group_name": "Dinas Kominfosan Yogyakarta",
        "pin_type": "cctv",
        "category": "simpang, kota",
        "connected": true,
        "featured": false,
        "descr": "Dinas Kominfosan Yogyakarta • simpang, kota",
        "stream_url": "https://cctv.jogjaprov.go.id/cctv-proxy/atcs-kota/SimpangPasarTeloSelatan.stream/playlist.m3u8",
        "video_url": "https://cctv.jogjaprov.go.id/cctv-proxy/atcs-kota/SimpangPasarTeloSelatan.stream/playlist.m3u8",
        "cctv_link": "https://cctv.jogjaprov.go.id/cctv-proxy/atcs-kota/SimpangPasarTeloSelatan.stream/playlist.m3u8",
        "portal_url": "https://cctv.jogjaprov.go.id",
        "source_url": "https://cctv.jogjaprov.go.id/api/v1/location-pins?include=area,categories&filter%5Bhas_coords%5D=true&filter%5Bhas_slug%5D=true&filter%5Bevent_active%5D=true&filter%5Bdisabled%5D=false"
      },
      "geometry": {
        "type": "Point",
        "coordinates": [
          110.37327144,
          -7.82404829
        ]
      }
    },
    {
      "type": "Feature",
      "properties": {
        "id": "883",
        "slug": "simpang-pasar-telo-view-utara",
        "name": "SimpangPasarTeloUtara",
        "alias_name": "Simpang Pasar Telo view Utara",
        "group_name": "Dinas Kominfosan Yogyakarta",
        "pin_type": "cctv",
        "category": "simpang, kota",
        "connected": true,
        "featured": false,
        "descr": "Dinas Kominfosan Yogyakarta • simpang, kota",
        "stream_url": "https://cctv.jogjaprov.go.id/cctv-proxy/atcs-kota/SimpangPasarTeloUtara.stream/playlist.m3u8",
        "video_url": "https://cctv.jogjaprov.go.id/cctv-proxy/atcs-kota/SimpangPasarTeloUtara.stream/playlist.m3u8",
        "cctv_link": "https://cctv.jogjaprov.go.id/cctv-proxy/atcs-kota/SimpangPasarTeloUtara.stream/playlist.m3u8",
        "portal_url": "https://cctv.jogjaprov.go.id",
        "source_url": "https://cctv.jogjaprov.go.id/api/v1/location-pins?include=area,categories&filter%5Bhas_coords%5D=true&filter%5Bhas_slug%5D=true&filter%5Bevent_active%5D=true&filter%5Bdisabled%5D=false"
      },
      "geometry": {
        "type": "Point",
        "coordinates": [
          110.37326254,
          -7.82400026
        ]
      }
    },
    {
      "type": "Feature",
      "properties": {
        "id": "884",
        "slug": "simpang-gambiran-view-utara-barat",
        "name": "SimpangGambiranBarat",
        "alias_name": "Simpang Gambiran (view Utara-Barat)",
        "group_name": "Dinas Kominfosan Yogyakarta",
        "pin_type": "cctv",
        "category": "simpang, kota",
        "connected": true,
        "featured": false,
        "descr": "Dinas Kominfosan Yogyakarta • simpang, kota",
        "stream_url": "https://cctv.jogjaprov.go.id/cctv-proxy/atcs-kota/SimpangGambiranBarat.stream/playlist.m3u8",
        "video_url": "https://cctv.jogjaprov.go.id/cctv-proxy/atcs-kota/SimpangGambiranBarat.stream/playlist.m3u8",
        "cctv_link": "https://cctv.jogjaprov.go.id/cctv-proxy/atcs-kota/SimpangGambiranBarat.stream/playlist.m3u8",
        "portal_url": "https://cctv.jogjaprov.go.id",
        "source_url": "https://cctv.jogjaprov.go.id/api/v1/location-pins?include=area,categories&filter%5Bhas_coords%5D=true&filter%5Bhas_slug%5D=true&filter%5Bevent_active%5D=true&filter%5Bdisabled%5D=false"
      },
      "geometry": {
        "type": "Point",
        "coordinates": [
          110.39061269,
          -7.81805611
        ]
      }
    },
    {
      "type": "Feature",
      "properties": {
        "id": "885",
        "slug": "simpang-gambiran-view-utara-timur",
        "name": "SimpangGambiranTimur",
        "alias_name": "Simpang Gambiran (view Utara-Timur)",
        "group_name": "Dinas Kominfosan Yogyakarta",
        "pin_type": "cctv",
        "category": "simpang, kota",
        "connected": true,
        "featured": false,
        "descr": "Dinas Kominfosan Yogyakarta • simpang, kota",
        "stream_url": "https://cctv.jogjaprov.go.id/cctv-proxy/atcs-kota/SimpangGambiranTimur.stream/playlist.m3u8",
        "video_url": "https://cctv.jogjaprov.go.id/cctv-proxy/atcs-kota/SimpangGambiranTimur.stream/playlist.m3u8",
        "cctv_link": "https://cctv.jogjaprov.go.id/cctv-proxy/atcs-kota/SimpangGambiranTimur.stream/playlist.m3u8",
        "portal_url": "https://cctv.jogjaprov.go.id",
        "source_url": "https://cctv.jogjaprov.go.id/api/v1/location-pins?include=area,categories&filter%5Bhas_coords%5D=true&filter%5Bhas_slug%5D=true&filter%5Bevent_active%5D=true&filter%5Bdisabled%5D=false"
      },
      "geometry": {
        "type": "Point",
        "coordinates": [
          110.3906556,
          -7.81807206
        ]
      }
    },
    {
      "type": "Feature",
      "properties": {
        "id": "886",
        "slug": "simpang-ahmad-jazuli",
        "name": "AhmadJazuli",
        "alias_name": "Simpang Ahmad Jazuli",
        "group_name": "Dinas Kominfosan Yogyakarta",
        "pin_type": "cctv",
        "category": "kota, simpang",
        "connected": true,
        "featured": false,
        "descr": "Dinas Kominfosan Yogyakarta • kota, simpang",
        "stream_url": "https://cctv.jogjaprov.go.id/cctv-proxy/atcs-kota/AhmadJazuli.stream/playlist.m3u8",
        "video_url": "https://cctv.jogjaprov.go.id/cctv-proxy/atcs-kota/AhmadJazuli.stream/playlist.m3u8",
        "cctv_link": "https://cctv.jogjaprov.go.id/cctv-proxy/atcs-kota/AhmadJazuli.stream/playlist.m3u8",
        "portal_url": "https://cctv.jogjaprov.go.id",
        "source_url": "https://cctv.jogjaprov.go.id/api/v1/location-pins?include=area,categories&filter%5Bhas_coords%5D=true&filter%5Bhas_slug%5D=true&filter%5Bevent_active%5D=true&filter%5Bdisabled%5D=false"
      },
      "geometry": {
        "type": "Point",
        "coordinates": [
          110.36980791,
          -7.78937844
        ]
      }
    },
    {
      "type": "Feature",
      "properties": {
        "id": "887",
        "slug": "simpang-fm-noto-raminten",
        "name": "FMNoto",
        "alias_name": "Simpang FM Noto (Raminten)",
        "group_name": "Dinas Kominfosan Yogyakarta",
        "pin_type": "cctv",
        "category": "simpang, kota",
        "connected": true,
        "featured": false,
        "descr": "Dinas Kominfosan Yogyakarta • simpang, kota",
        "stream_url": "https://cctv.jogjaprov.go.id/cctv-proxy/atcs-kota/FMNoto.stream/playlist.m3u8",
        "video_url": "https://cctv.jogjaprov.go.id/cctv-proxy/atcs-kota/FMNoto.stream/playlist.m3u8",
        "cctv_link": "https://cctv.jogjaprov.go.id/cctv-proxy/atcs-kota/FMNoto.stream/playlist.m3u8",
        "portal_url": "https://cctv.jogjaprov.go.id",
        "source_url": "https://cctv.jogjaprov.go.id/api/v1/location-pins?include=area,categories&filter%5Bhas_coords%5D=true&filter%5Bhas_slug%5D=true&filter%5Bevent_active%5D=true&filter%5Bdisabled%5D=false"
      },
      "geometry": {
        "type": "Point",
        "coordinates": [
          110.37168382,
          -7.78527301
        ]
      }
    },
    {
      "type": "Feature",
      "properties": {
        "id": "888",
        "slug": "simpang-wardhani",
        "name": "Wardhani",
        "alias_name": "Simpang Wardhani",
        "group_name": "Dinas Kominfosan Yogyakarta",
        "pin_type": "cctv",
        "category": "simpang, kota",
        "connected": true,
        "featured": false,
        "descr": "Dinas Kominfosan Yogyakarta • simpang, kota",
        "stream_url": "https://cctv.jogjaprov.go.id/cctv-proxy/atcs-kota/Wardhani.stream/playlist.m3u8",
        "video_url": "https://cctv.jogjaprov.go.id/cctv-proxy/atcs-kota/Wardhani.stream/playlist.m3u8",
        "cctv_link": "https://cctv.jogjaprov.go.id/cctv-proxy/atcs-kota/Wardhani.stream/playlist.m3u8",
        "portal_url": "https://cctv.jogjaprov.go.id",
        "source_url": "https://cctv.jogjaprov.go.id/api/v1/location-pins?include=area,categories&filter%5Bhas_coords%5D=true&filter%5Bhas_slug%5D=true&filter%5Bevent_active%5D=true&filter%5Bdisabled%5D=false"
      },
      "geometry": {
        "type": "Point",
        "coordinates": [
          110.37545192,
          -7.78745702
        ]
      }
    },
    {
      "type": "Feature",
      "properties": {
        "id": "889",
        "slug": "simpang-yos-sudarso-mie-gacoandit-pam-obvit",
        "name": "YosSudarso",
        "alias_name": "Simpang Yos Sudarso (Mie Gacoan/Dit Pam Obvit)",
        "group_name": "Dinas Kominfosan Yogyakarta",
        "pin_type": "cctv",
        "category": "simpang, kota",
        "connected": true,
        "featured": false,
        "descr": "Dinas Kominfosan Yogyakarta • simpang, kota",
        "stream_url": "https://cctv.jogjaprov.go.id/cctv-proxy/atcs-kota/YosSudarso.stream/playlist.m3u8",
        "video_url": "https://cctv.jogjaprov.go.id/cctv-proxy/atcs-kota/YosSudarso.stream/playlist.m3u8",
        "cctv_link": "https://cctv.jogjaprov.go.id/cctv-proxy/atcs-kota/YosSudarso.stream/playlist.m3u8",
        "portal_url": "https://cctv.jogjaprov.go.id",
        "source_url": "https://cctv.jogjaprov.go.id/api/v1/location-pins?include=area,categories&filter%5Bhas_coords%5D=true&filter%5Bhas_slug%5D=true&filter%5Bevent_active%5D=true&filter%5Bdisabled%5D=false"
      },
      "geometry": {
        "type": "Point",
        "coordinates": [
          110.37509425,
          -7.78812378
        ]
      }
    },
    {
      "type": "Feature",
      "properties": {
        "id": "890",
        "slug": "simpang-juadi",
        "name": "Juadi",
        "alias_name": "Simpang Juadi",
        "group_name": "Dinas Kominfosan Yogyakarta",
        "pin_type": "cctv",
        "category": "simpang, kota",
        "connected": true,
        "featured": false,
        "descr": "Dinas Kominfosan Yogyakarta • simpang, kota",
        "stream_url": "https://cctv.jogjaprov.go.id/cctv-proxy/atcs-kota/Juadi.stream/playlist.m3u8",
        "video_url": "https://cctv.jogjaprov.go.id/cctv-proxy/atcs-kota/Juadi.stream/playlist.m3u8",
        "cctv_link": "https://cctv.jogjaprov.go.id/cctv-proxy/atcs-kota/Juadi.stream/playlist.m3u8",
        "portal_url": "https://cctv.jogjaprov.go.id",
        "source_url": "https://cctv.jogjaprov.go.id/api/v1/location-pins?include=area,categories&filter%5Bhas_coords%5D=true&filter%5Bhas_slug%5D=true&filter%5Bevent_active%5D=true&filter%5Bdisabled%5D=false"
      },
      "geometry": {
        "type": "Point",
        "coordinates": [
          110.37466278,
          -7.78595957
        ]
      }
    },
    {
      "type": "Feature",
      "properties": {
        "id": "891",
        "slug": "simpang-balaikota-view-barat",
        "name": "SimpangBalaikotaBarat",
        "alias_name": "Simpang Balaikota (view Barat)",
        "group_name": "Dinas Kominfosan Yogyakarta",
        "pin_type": "cctv",
        "category": "simpang, kota",
        "connected": true,
        "featured": false,
        "descr": "Dinas Kominfosan Yogyakarta • simpang, kota",
        "stream_url": "https://cctv.jogjaprov.go.id/cctv-proxy/atcs-kota/SimpangBalaikotaBarat.stream/playlist.m3u8",
        "video_url": "https://cctv.jogjaprov.go.id/cctv-proxy/atcs-kota/SimpangBalaikotaBarat.stream/playlist.m3u8",
        "cctv_link": "https://cctv.jogjaprov.go.id/cctv-proxy/atcs-kota/SimpangBalaikotaBarat.stream/playlist.m3u8",
        "portal_url": "https://cctv.jogjaprov.go.id",
        "source_url": "https://cctv.jogjaprov.go.id/api/v1/location-pins?include=area,categories&filter%5Bhas_coords%5D=true&filter%5Bhas_slug%5D=true&filter%5Bevent_active%5D=true&filter%5Bdisabled%5D=false"
      },
      "geometry": {
        "type": "Point",
        "coordinates": [
          110.39253978,
          -7.79972726
        ]
      }
    },
    {
      "type": "Feature",
      "properties": {
        "id": "989",
        "slug": "fly-over-jombor-view-timur",
        "name": "FlyOver_JomborTimur",
        "alias_name": "Fly Over Jombor (view Timur)",
        "group_name": "Dinas Kominfo Sleman",
        "pin_type": "cctv",
        "category": "simpang, sleman",
        "connected": true,
        "featured": false,
        "descr": "Dinas Kominfo Sleman • simpang, sleman",
        "stream_url": "https://cctv.jogjaprov.go.id/cctv-proxy/cctv-kominfosleman/FlyOver_JomborTimur.stream/playlist.m3u8",
        "video_url": "https://cctv.jogjaprov.go.id/cctv-proxy/cctv-kominfosleman/FlyOver_JomborTimur.stream/playlist.m3u8",
        "cctv_link": "https://cctv.jogjaprov.go.id/cctv-proxy/cctv-kominfosleman/FlyOver_JomborTimur.stream/playlist.m3u8",
        "portal_url": "https://cctv.jogjaprov.go.id",
        "source_url": "https://cctv.jogjaprov.go.id/api/v1/location-pins?include=area,categories&filter%5Bhas_coords%5D=true&filter%5Bhas_slug%5D=true&filter%5Bevent_active%5D=true&filter%5Bdisabled%5D=false"
      },
      "geometry": {
        "type": "Point",
        "coordinates": [
          110.36560807,
          -7.75038478
        ]
      }
    },
    {
      "type": "Feature",
      "properties": {
        "id": "990",
        "slug": "pos-polisi-jombor",
        "name": "PosPolisi_Jombor",
        "alias_name": "Pos Polisi Jombor",
        "group_name": "Dinas Kominfo Sleman",
        "pin_type": "cctv",
        "category": "simpang, sleman",
        "connected": true,
        "featured": false,
        "descr": "Dinas Kominfo Sleman • simpang, sleman",
        "stream_url": "https://cctv.jogjaprov.go.id/cctv-proxy/cctv-kominfosleman/PosPolisi_Jombor.stream/playlist.m3u8",
        "video_url": "https://cctv.jogjaprov.go.id/cctv-proxy/cctv-kominfosleman/PosPolisi_Jombor.stream/playlist.m3u8",
        "cctv_link": "https://cctv.jogjaprov.go.id/cctv-proxy/cctv-kominfosleman/PosPolisi_Jombor.stream/playlist.m3u8",
        "portal_url": "https://cctv.jogjaprov.go.id",
        "source_url": "https://cctv.jogjaprov.go.id/api/v1/location-pins?include=area,categories&filter%5Bhas_coords%5D=true&filter%5Bhas_slug%5D=true&filter%5Bevent_active%5D=true&filter%5Bdisabled%5D=false"
      },
      "geometry": {
        "type": "Point",
        "coordinates": [
          110.36188113,
          -7.74865349
        ]
      }
    },
    {
      "type": "Feature",
      "properties": {
        "id": "991",
        "slug": "simpang-demak-ijo-view-barat-utara",
        "name": "Perempatan_DemakIjo1",
        "alias_name": "Simpang Demak Ijo (view Barat-Utara)",
        "group_name": "Dinas Kominfo Sleman",
        "pin_type": "cctv",
        "category": "simpang, sleman",
        "connected": true,
        "featured": false,
        "descr": "Dinas Kominfo Sleman • simpang, sleman",
        "stream_url": "https://cctv.jogjaprov.go.id/cctv-proxy/cctv-kominfosleman/Perempatan_DemakIjo1.stream/playlist.m3u8",
        "video_url": "https://cctv.jogjaprov.go.id/cctv-proxy/cctv-kominfosleman/Perempatan_DemakIjo1.stream/playlist.m3u8",
        "cctv_link": "https://cctv.jogjaprov.go.id/cctv-proxy/cctv-kominfosleman/Perempatan_DemakIjo1.stream/playlist.m3u8",
        "portal_url": "https://cctv.jogjaprov.go.id",
        "source_url": "https://cctv.jogjaprov.go.id/api/v1/location-pins?include=area,categories&filter%5Bhas_coords%5D=true&filter%5Bhas_slug%5D=true&filter%5Bevent_active%5D=true&filter%5Bdisabled%5D=false"
      },
      "geometry": {
        "type": "Point",
        "coordinates": [
          110.33171028,
          -7.7773476
        ]
      }
    },
    {
      "type": "Feature",
      "properties": {
        "id": "992",
        "slug": "simpang-pasar-gamping-view-timur",
        "name": "Pertigaan_PasarGamping",
        "alias_name": "Simpang Pasar Gamping (view Timur)",
        "group_name": "Dinas Kominfo Sleman",
        "pin_type": "cctv",
        "category": "simpang, sleman",
        "connected": true,
        "featured": false,
        "descr": "Dinas Kominfo Sleman • simpang, sleman",
        "stream_url": "https://cctv.jogjaprov.go.id/cctv-proxy/cctv-kominfosleman/Pertigaan_PasarGamping.stream/playlist.m3u8",
        "video_url": "https://cctv.jogjaprov.go.id/cctv-proxy/cctv-kominfosleman/Pertigaan_PasarGamping.stream/playlist.m3u8",
        "cctv_link": "https://cctv.jogjaprov.go.id/cctv-proxy/cctv-kominfosleman/Pertigaan_PasarGamping.stream/playlist.m3u8",
        "portal_url": "https://cctv.jogjaprov.go.id",
        "source_url": "https://cctv.jogjaprov.go.id/api/v1/location-pins?include=area,categories&filter%5Bhas_coords%5D=true&filter%5Bhas_slug%5D=true&filter%5Bevent_active%5D=true&filter%5Bdisabled%5D=false"
      },
      "geometry": {
        "type": "Point",
        "coordinates": [
          110.32403864,
          -7.80069346
        ]
      }
    },
    {
      "type": "Feature",
      "properties": {
        "id": "993",
        "slug": "simpang-upn-view-timur",
        "name": "Perempatan_UPN1",
        "alias_name": "Simpang UPN view Timur",
        "group_name": "Dinas Kominfo Sleman",
        "pin_type": "cctv",
        "category": "simpang, sleman",
        "connected": true,
        "featured": false,
        "descr": "Dinas Kominfo Sleman • simpang, sleman",
        "stream_url": "https://cctv.jogjaprov.go.id/cctv-proxy/cctv-kominfosleman/Perempatan_UPN1.stream/playlist.m3u8",
        "video_url": "https://cctv.jogjaprov.go.id/cctv-proxy/cctv-kominfosleman/Perempatan_UPN1.stream/playlist.m3u8",
        "cctv_link": "https://cctv.jogjaprov.go.id/cctv-proxy/cctv-kominfosleman/Perempatan_UPN1.stream/playlist.m3u8",
        "portal_url": "https://cctv.jogjaprov.go.id",
        "source_url": "https://cctv.jogjaprov.go.id/api/v1/location-pins?include=area,categories&filter%5Bhas_coords%5D=true&filter%5Bhas_slug%5D=true&filter%5Bevent_active%5D=true&filter%5Bdisabled%5D=false"
      },
      "geometry": {
        "type": "Point",
        "coordinates": [
          110.4117769,
          -7.76181933
        ]
      }
    },
    {
      "type": "Feature",
      "properties": {
        "id": "994",
        "slug": "simpang-maguwo-view-barat",
        "name": "Pertigaan_Maguwo2",
        "alias_name": "Simpang Maguwo view Barat",
        "group_name": "Dinas Kominfo Sleman",
        "pin_type": "cctv",
        "category": "simpang, sleman",
        "connected": true,
        "featured": false,
        "descr": "Dinas Kominfo Sleman • simpang, sleman",
        "stream_url": "https://cctv.jogjaprov.go.id/cctv-proxy/cctv-kominfosleman/Pertigaan_Maguwo2.stream/playlist.m3u8",
        "video_url": "https://cctv.jogjaprov.go.id/cctv-proxy/cctv-kominfosleman/Pertigaan_Maguwo2.stream/playlist.m3u8",
        "cctv_link": "https://cctv.jogjaprov.go.id/cctv-proxy/cctv-kominfosleman/Pertigaan_Maguwo2.stream/playlist.m3u8",
        "portal_url": "https://cctv.jogjaprov.go.id",
        "source_url": "https://cctv.jogjaprov.go.id/api/v1/location-pins?include=area,categories&filter%5Bhas_coords%5D=true&filter%5Bhas_slug%5D=true&filter%5Bevent_active%5D=true&filter%5Bdisabled%5D=false"
      },
      "geometry": {
        "type": "Point",
        "coordinates": [
          110.42980773,
          -7.78339325
        ]
      }
    },
    {
      "type": "Feature",
      "properties": {
        "id": "995",
        "slug": "bundaran-ugm-view-utara-timur",
        "name": "Bundaran_UGM1",
        "alias_name": "Bundaran UGM (view Utara-Timur)",
        "group_name": "Dinas Kominfo Sleman",
        "pin_type": "cctv",
        "category": "simpang, sleman",
        "connected": false,
        "featured": false,
        "descr": "Dinas Kominfo Sleman • simpang, sleman",
        "stream_url": "https://cctv.jogjaprov.go.id/cctv-proxy/cctv-kominfosleman/Bundaran_UGM1.stream/playlist.m3u8",
        "video_url": "https://cctv.jogjaprov.go.id/cctv-proxy/cctv-kominfosleman/Bundaran_UGM1.stream/playlist.m3u8",
        "cctv_link": "https://cctv.jogjaprov.go.id/cctv-proxy/cctv-kominfosleman/Bundaran_UGM1.stream/playlist.m3u8",
        "portal_url": "https://cctv.jogjaprov.go.id",
        "source_url": "https://cctv.jogjaprov.go.id/api/v1/location-pins?include=area,categories&filter%5Bhas_coords%5D=true&filter%5Bhas_slug%5D=true&filter%5Bevent_active%5D=true&filter%5Bdisabled%5D=false"
      },
      "geometry": {
        "type": "Point",
        "coordinates": [
          110.37633295,
          -7.77620274
        ]
      }
    },
    {
      "type": "Feature",
      "properties": {
        "id": "997",
        "slug": "proliman-prambanan-arah-timur",
        "name": "Proliman_Prambanan1",
        "alias_name": "Proliman Prambanan (arah timur)",
        "group_name": "Dinas Kominfo Sleman",
        "pin_type": "cctv",
        "category": "simpang, sleman",
        "connected": false,
        "featured": false,
        "descr": "Dinas Kominfo Sleman • simpang, sleman",
        "stream_url": "https://cctv.jogjaprov.go.id/cctv-proxy/cctv-kominfosleman/Proliman_Prambanan1.stream/playlist.m3u8",
        "video_url": "https://cctv.jogjaprov.go.id/cctv-proxy/cctv-kominfosleman/Proliman_Prambanan1.stream/playlist.m3u8",
        "cctv_link": "https://cctv.jogjaprov.go.id/cctv-proxy/cctv-kominfosleman/Proliman_Prambanan1.stream/playlist.m3u8",
        "portal_url": "https://cctv.jogjaprov.go.id",
        "source_url": "https://cctv.jogjaprov.go.id/api/v1/location-pins?include=area,categories&filter%5Bhas_coords%5D=true&filter%5Bhas_slug%5D=true&filter%5Bevent_active%5D=true&filter%5Bdisabled%5D=false"
      },
      "geometry": {
        "type": "Point",
        "coordinates": [
          110.48014256,
          -7.75737266
        ]
      }
    },
    {
      "type": "Feature",
      "properties": {
        "id": "998",
        "slug": "proliman-prambanan-arah-barat",
        "name": "Proliman_Prambanan2",
        "alias_name": "Proliman Prambanan (arah barat)",
        "group_name": "Dinas Kominfo Sleman",
        "pin_type": "cctv",
        "category": "simpang, sleman",
        "connected": true,
        "featured": false,
        "descr": "Dinas Kominfo Sleman • simpang, sleman",
        "stream_url": "https://cctv.jogjaprov.go.id/cctv-proxy/cctv-kominfosleman/Proliman_Prambanan2.stream/playlist.m3u8",
        "video_url": "https://cctv.jogjaprov.go.id/cctv-proxy/cctv-kominfosleman/Proliman_Prambanan2.stream/playlist.m3u8",
        "cctv_link": "https://cctv.jogjaprov.go.id/cctv-proxy/cctv-kominfosleman/Proliman_Prambanan2.stream/playlist.m3u8",
        "portal_url": "https://cctv.jogjaprov.go.id",
        "source_url": "https://cctv.jogjaprov.go.id/api/v1/location-pins?include=area,categories&filter%5Bhas_coords%5D=true&filter%5Bhas_slug%5D=true&filter%5Bevent_active%5D=true&filter%5Bdisabled%5D=false"
      },
      "geometry": {
        "type": "Point",
        "coordinates": [
          110.48069513,
          -7.75700594
        ]
      }
    },
    {
      "type": "Feature",
      "properties": {
        "id": "999",
        "slug": "perempatan-tempel1",
        "name": "Perempatan_Tempel1",
        "alias_name": "Perempatan_Tempel1",
        "group_name": "Dinas Kominfo Sleman",
        "pin_type": "cctv",
        "category": "simpang, sleman",
        "connected": true,
        "featured": false,
        "descr": "Dinas Kominfo Sleman • simpang, sleman",
        "stream_url": "https://cctv.jogjaprov.go.id/cctv-proxy/cctv-kominfosleman/Perempatan_Tempel1.stream/playlist.m3u8",
        "video_url": "https://cctv.jogjaprov.go.id/cctv-proxy/cctv-kominfosleman/Perempatan_Tempel1.stream/playlist.m3u8",
        "cctv_link": "https://cctv.jogjaprov.go.id/cctv-proxy/cctv-kominfosleman/Perempatan_Tempel1.stream/playlist.m3u8",
        "portal_url": "https://cctv.jogjaprov.go.id",
        "source_url": "https://cctv.jogjaprov.go.id/api/v1/location-pins?include=area,categories&filter%5Bhas_coords%5D=true&filter%5Bhas_slug%5D=true&filter%5Bevent_active%5D=true&filter%5Bdisabled%5D=false"
      },
      "geometry": {
        "type": "Point",
        "coordinates": [
          110.32557586,
          -7.6542747
        ]
      }
    },
    {
      "type": "Feature",
      "properties": {
        "id": "1000",
        "slug": "perempatan-tempel2",
        "name": "Perempatan_Tempel2",
        "alias_name": "Perempatan_Tempel2",
        "group_name": "Dinas Kominfo Sleman",
        "pin_type": "cctv",
        "category": "simpang, sleman",
        "connected": true,
        "featured": false,
        "descr": "Dinas Kominfo Sleman • simpang, sleman",
        "stream_url": "https://cctv.jogjaprov.go.id/cctv-proxy/cctv-kominfosleman/Perempatan_Tempel2.stream/playlist.m3u8",
        "video_url": "https://cctv.jogjaprov.go.id/cctv-proxy/cctv-kominfosleman/Perempatan_Tempel2.stream/playlist.m3u8",
        "cctv_link": "https://cctv.jogjaprov.go.id/cctv-proxy/cctv-kominfosleman/Perempatan_Tempel2.stream/playlist.m3u8",
        "portal_url": "https://cctv.jogjaprov.go.id",
        "source_url": "https://cctv.jogjaprov.go.id/api/v1/location-pins?include=area,categories&filter%5Bhas_coords%5D=true&filter%5Bhas_slug%5D=true&filter%5Bevent_active%5D=true&filter%5Bdisabled%5D=false"
      },
      "geometry": {
        "type": "Point",
        "coordinates": [
          110.32549179,
          -7.65399166
        ]
      }
    },
    {
      "type": "Feature",
      "properties": {
        "id": "1001",
        "slug": "simpang-beran-view-barat",
        "name": "Perempatan_Beran1",
        "alias_name": "Simpang Beran view Barat",
        "group_name": "Dinas Kominfo Sleman",
        "pin_type": "cctv",
        "category": "simpang, sleman",
        "connected": true,
        "featured": false,
        "descr": "Dinas Kominfo Sleman • simpang, sleman",
        "stream_url": "https://cctv.jogjaprov.go.id/cctv-proxy/cctv-kominfosleman/Perempatan_Beran1.stream/playlist.m3u8",
        "video_url": "https://cctv.jogjaprov.go.id/cctv-proxy/cctv-kominfosleman/Perempatan_Beran1.stream/playlist.m3u8",
        "cctv_link": "https://cctv.jogjaprov.go.id/cctv-proxy/cctv-kominfosleman/Perempatan_Beran1.stream/playlist.m3u8",
        "portal_url": "https://cctv.jogjaprov.go.id",
        "source_url": "https://cctv.jogjaprov.go.id/api/v1/location-pins?include=area,categories&filter%5Bhas_coords%5D=true&filter%5Bhas_slug%5D=true&filter%5Bevent_active%5D=true&filter%5Bdisabled%5D=false"
      },
      "geometry": {
        "type": "Point",
        "coordinates": [
          110.35724432,
          -7.7115626
        ]
      }
    },
    {
      "type": "Feature",
      "properties": {
        "id": "1002",
        "slug": "fly-over-jombor-view-utara",
        "name": "FlyOver_JomborUtara",
        "alias_name": "Fly Over Jombor (view Utara)",
        "group_name": "Dinas Kominfo Sleman",
        "pin_type": "cctv",
        "category": "simpang, sleman",
        "connected": true,
        "featured": false,
        "descr": "Dinas Kominfo Sleman • simpang, sleman",
        "stream_url": "https://cctv.jogjaprov.go.id/cctv-proxy/cctv-kominfosleman/FlyOver_JomborUtara.stream/playlist.m3u8",
        "video_url": "https://cctv.jogjaprov.go.id/cctv-proxy/cctv-kominfosleman/FlyOver_JomborUtara.stream/playlist.m3u8",
        "cctv_link": "https://cctv.jogjaprov.go.id/cctv-proxy/cctv-kominfosleman/FlyOver_JomborUtara.stream/playlist.m3u8",
        "portal_url": "https://cctv.jogjaprov.go.id",
        "source_url": "https://cctv.jogjaprov.go.id/api/v1/location-pins?include=area,categories&filter%5Bhas_coords%5D=true&filter%5Bhas_slug%5D=true&filter%5Bevent_active%5D=true&filter%5Bdisabled%5D=false"
      },
      "geometry": {
        "type": "Point",
        "coordinates": [
          110.36254856,
          -7.74559881
        ]
      }
    },
    {
      "type": "Feature",
      "properties": {
        "id": "1003",
        "slug": "fly-over-jombor-view-barat",
        "name": "FlyOver_JomborBarat",
        "alias_name": "Fly Over Jombor (view Barat)",
        "group_name": "Dinas Kominfo Sleman",
        "pin_type": "cctv",
        "category": "simpang, sleman",
        "connected": true,
        "featured": false,
        "descr": "Dinas Kominfo Sleman • simpang, sleman",
        "stream_url": "https://cctv.jogjaprov.go.id/cctv-proxy/cctv-kominfosleman/FlyOver_JomborBarat.stream/playlist.m3u8",
        "video_url": "https://cctv.jogjaprov.go.id/cctv-proxy/cctv-kominfosleman/FlyOver_JomborBarat.stream/playlist.m3u8",
        "cctv_link": "https://cctv.jogjaprov.go.id/cctv-proxy/cctv-kominfosleman/FlyOver_JomborBarat.stream/playlist.m3u8",
        "portal_url": "https://cctv.jogjaprov.go.id",
        "source_url": "https://cctv.jogjaprov.go.id/api/v1/location-pins?include=area,categories&filter%5Bhas_coords%5D=true&filter%5Bhas_slug%5D=true&filter%5Bevent_active%5D=true&filter%5Bdisabled%5D=false"
      },
      "geometry": {
        "type": "Point",
        "coordinates": [
          110.35932021,
          -7.74803114
        ]
      }
    },
    {
      "type": "Feature",
      "properties": {
        "id": "1005",
        "slug": "simpang-demak-ijo-view-timur",
        "name": "Perempatan_DemakIjo2",
        "alias_name": "Simpang Demak Ijo (view Timur)",
        "group_name": "Dinas Kominfo Sleman",
        "pin_type": "cctv",
        "category": "simpang, sleman",
        "connected": true,
        "featured": false,
        "descr": "Dinas Kominfo Sleman • simpang, sleman",
        "stream_url": "https://cctv.jogjaprov.go.id/cctv-proxy/cctv-kominfosleman/Perempatan_DemakIjo2.stream/playlist.m3u8",
        "video_url": "https://cctv.jogjaprov.go.id/cctv-proxy/cctv-kominfosleman/Perempatan_DemakIjo2.stream/playlist.m3u8",
        "cctv_link": "https://cctv.jogjaprov.go.id/cctv-proxy/cctv-kominfosleman/Perempatan_DemakIjo2.stream/playlist.m3u8",
        "portal_url": "https://cctv.jogjaprov.go.id",
        "source_url": "https://cctv.jogjaprov.go.id/api/v1/location-pins?include=area,categories&filter%5Bhas_coords%5D=true&filter%5Bhas_slug%5D=true&filter%5Bevent_active%5D=true&filter%5Bdisabled%5D=false"
      },
      "geometry": {
        "type": "Point",
        "coordinates": [
          110.33184171,
          -7.77730508
        ]
      }
    },
    {
      "type": "Feature",
      "properties": {
        "id": "1006",
        "slug": "simpang-demak-ijo-view-selatan-barat",
        "name": "Perempatan_DemakIjo3",
        "alias_name": "Simpang Demak Ijo (view Selatan-Barat)",
        "group_name": "Dinas Kominfo Sleman",
        "pin_type": "cctv",
        "category": "simpang, sleman",
        "connected": true,
        "featured": false,
        "descr": "Dinas Kominfo Sleman • simpang, sleman",
        "stream_url": "https://cctv.jogjaprov.go.id/cctv-proxy/cctv-kominfosleman/Perempatan_DemakIjo3.stream/playlist.m3u8",
        "video_url": "https://cctv.jogjaprov.go.id/cctv-proxy/cctv-kominfosleman/Perempatan_DemakIjo3.stream/playlist.m3u8",
        "cctv_link": "https://cctv.jogjaprov.go.id/cctv-proxy/cctv-kominfosleman/Perempatan_DemakIjo3.stream/playlist.m3u8",
        "portal_url": "https://cctv.jogjaprov.go.id",
        "source_url": "https://cctv.jogjaprov.go.id/api/v1/location-pins?include=area,categories&filter%5Bhas_coords%5D=true&filter%5Bhas_slug%5D=true&filter%5Bevent_active%5D=true&filter%5Bdisabled%5D=false"
      },
      "geometry": {
        "type": "Point",
        "coordinates": [
          110.33175562,
          -7.77726052
        ]
      }
    },
    {
      "type": "Feature",
      "properties": {
        "id": "1007",
        "slug": "simpang-pelemgurih-view-selatan-barat",
        "name": "Perempatan_Pelemgurih1",
        "alias_name": "Simpang Pelemgurih view Selatan-Barat",
        "group_name": "Dinas Kominfo Sleman",
        "pin_type": "cctv",
        "category": "simpang, sleman",
        "connected": true,
        "featured": false,
        "descr": "Dinas Kominfo Sleman • simpang, sleman",
        "stream_url": "https://cctv.jogjaprov.go.id/cctv-proxy/cctv-kominfosleman/Perempatan_Pelemgurih1.stream/playlist.m3u8",
        "video_url": "https://cctv.jogjaprov.go.id/cctv-proxy/cctv-kominfosleman/Perempatan_Pelemgurih1.stream/playlist.m3u8",
        "cctv_link": "https://cctv.jogjaprov.go.id/cctv-proxy/cctv-kominfosleman/Perempatan_Pelemgurih1.stream/playlist.m3u8",
        "portal_url": "https://cctv.jogjaprov.go.id",
        "source_url": "https://cctv.jogjaprov.go.id/api/v1/location-pins?include=area,categories&filter%5Bhas_coords%5D=true&filter%5Bhas_slug%5D=true&filter%5Bevent_active%5D=true&filter%5Bdisabled%5D=false"
      },
      "geometry": {
        "type": "Point",
        "coordinates": [
          110.33004329,
          -7.79988822
        ]
      }
    },
    {
      "type": "Feature",
      "properties": {
        "id": "1008",
        "slug": "simpang-pelemgurih-view-timur",
        "name": "Perempatan_Pelemgurih2",
        "alias_name": "Simpang Pelemgurih view Timur",
        "group_name": "Dinas Kominfo Sleman",
        "pin_type": "cctv",
        "category": "simpang, sleman",
        "connected": true,
        "featured": false,
        "descr": "Dinas Kominfo Sleman • simpang, sleman",
        "stream_url": "https://cctv.jogjaprov.go.id/cctv-proxy/cctv-kominfosleman/Perempatan_Pelemgurih2.stream/playlist.m3u8",
        "video_url": "https://cctv.jogjaprov.go.id/cctv-proxy/cctv-kominfosleman/Perempatan_Pelemgurih2.stream/playlist.m3u8",
        "cctv_link": "https://cctv.jogjaprov.go.id/cctv-proxy/cctv-kominfosleman/Perempatan_Pelemgurih2.stream/playlist.m3u8",
        "portal_url": "https://cctv.jogjaprov.go.id",
        "source_url": "https://cctv.jogjaprov.go.id/api/v1/location-pins?include=area,categories&filter%5Bhas_coords%5D=true&filter%5Bhas_slug%5D=true&filter%5Bevent_active%5D=true&filter%5Bdisabled%5D=false"
      },
      "geometry": {
        "type": "Point",
        "coordinates": [
          110.32993601,
          -7.79976866
        ]
      }
    },
    {
      "type": "Feature",
      "properties": {
        "id": "1009",
        "slug": "simpang-pelemgurih-view-utara",
        "name": "Perempatan_Pelemgurih3",
        "alias_name": "Simpang Pelemgurih view Utara",
        "group_name": "Dinas Kominfo Sleman",
        "pin_type": "cctv",
        "category": "simpang, sleman",
        "connected": true,
        "featured": false,
        "descr": "Dinas Kominfo Sleman • simpang, sleman",
        "stream_url": "https://cctv.jogjaprov.go.id/cctv-proxy/cctv-kominfosleman/Perempatan_Pelemgurih3.stream/playlist.m3u8",
        "video_url": "https://cctv.jogjaprov.go.id/cctv-proxy/cctv-kominfosleman/Perempatan_Pelemgurih3.stream/playlist.m3u8",
        "cctv_link": "https://cctv.jogjaprov.go.id/cctv-proxy/cctv-kominfosleman/Perempatan_Pelemgurih3.stream/playlist.m3u8",
        "portal_url": "https://cctv.jogjaprov.go.id",
        "source_url": "https://cctv.jogjaprov.go.id/api/v1/location-pins?include=area,categories&filter%5Bhas_coords%5D=true&filter%5Bhas_slug%5D=true&filter%5Bevent_active%5D=true&filter%5Bdisabled%5D=false"
      },
      "geometry": {
        "type": "Point",
        "coordinates": [
          110.32983072,
          -7.79969167
        ]
      }
    },
    {
      "type": "Feature",
      "properties": {
        "id": "1011",
        "slug": "simpang-bantulan-arah-timur",
        "name": "Pertigaan_Bantulan2",
        "alias_name": "Simpang Bantulan (arah timur)",
        "group_name": "Dinas Kominfo Sleman",
        "pin_type": "cctv",
        "category": "simpang, sleman",
        "connected": true,
        "featured": false,
        "descr": "Dinas Kominfo Sleman • simpang, sleman",
        "stream_url": "https://cctv.jogjaprov.go.id/cctv-proxy/cctv-kominfosleman/Pertigaan_Bantulan2.stream/playlist.m3u8",
        "video_url": "https://cctv.jogjaprov.go.id/cctv-proxy/cctv-kominfosleman/Pertigaan_Bantulan2.stream/playlist.m3u8",
        "cctv_link": "https://cctv.jogjaprov.go.id/cctv-proxy/cctv-kominfosleman/Pertigaan_Bantulan2.stream/playlist.m3u8",
        "portal_url": "https://cctv.jogjaprov.go.id",
        "source_url": "https://cctv.jogjaprov.go.id/api/v1/location-pins?include=area,categories&filter%5Bhas_coords%5D=true&filter%5Bhas_slug%5D=true&filter%5Bevent_active%5D=true&filter%5Bdisabled%5D=false"
      },
      "geometry": {
        "type": "Point",
        "coordinates": [
          110.32196873,
          -7.77473138
        ]
      }
    },
    {
      "type": "Feature",
      "properties": {
        "id": "1012",
        "slug": "simpang-munggur-view-utara",
        "name": "Perempatan_Munggur1",
        "alias_name": "Simpang Munggur view Utara",
        "group_name": "Dinas Kominfo Sleman",
        "pin_type": "cctv",
        "category": "simpang, sleman",
        "connected": true,
        "featured": false,
        "descr": "Dinas Kominfo Sleman • simpang, sleman",
        "stream_url": "https://cctv.jogjaprov.go.id/cctv-proxy/cctv-kominfosleman/Perempatan_Munggur1.stream/playlist.m3u8",
        "video_url": "https://cctv.jogjaprov.go.id/cctv-proxy/cctv-kominfosleman/Perempatan_Munggur1.stream/playlist.m3u8",
        "cctv_link": "https://cctv.jogjaprov.go.id/cctv-proxy/cctv-kominfosleman/Perempatan_Munggur1.stream/playlist.m3u8",
        "portal_url": "https://cctv.jogjaprov.go.id",
        "source_url": "https://cctv.jogjaprov.go.id/api/v1/location-pins?include=area,categories&filter%5Bhas_coords%5D=true&filter%5Bhas_slug%5D=true&filter%5Bevent_active%5D=true&filter%5Bdisabled%5D=false"
      },
      "geometry": {
        "type": "Point",
        "coordinates": [
          110.31814677,
          -7.77392086
        ]
      }
    },
    {
      "type": "Feature",
      "properties": {
        "id": "1013",
        "slug": "simpang-munggur",
        "name": "Perempatan_Munggur2",
        "alias_name": "Simpang Munggur",
        "group_name": "Dinas Kominfo Sleman",
        "pin_type": "cctv",
        "category": "simpang, sleman",
        "connected": true,
        "featured": false,
        "descr": "Dinas Kominfo Sleman • simpang, sleman",
        "stream_url": "https://cctv.jogjaprov.go.id/cctv-proxy/cctv-kominfosleman/Perempatan_Munggur2.stream/playlist.m3u8",
        "video_url": "https://cctv.jogjaprov.go.id/cctv-proxy/cctv-kominfosleman/Perempatan_Munggur2.stream/playlist.m3u8",
        "cctv_link": "https://cctv.jogjaprov.go.id/cctv-proxy/cctv-kominfosleman/Perempatan_Munggur2.stream/playlist.m3u8",
        "portal_url": "https://cctv.jogjaprov.go.id",
        "source_url": "https://cctv.jogjaprov.go.id/api/v1/location-pins?include=area,categories&filter%5Bhas_coords%5D=true&filter%5Bhas_slug%5D=true&filter%5Bevent_active%5D=true&filter%5Bdisabled%5D=false"
      },
      "geometry": {
        "type": "Point",
        "coordinates": [
          110.31805021,
          -7.77394212
        ]
      }
    },
    {
      "type": "Feature",
      "properties": {
        "id": "1014",
        "slug": "simpang-pasar-godean-view-selatan",
        "name": "Perempatan_Godean1",
        "alias_name": "Simpang Pasar Godean view Selatan",
        "group_name": "Dinas Kominfo Sleman",
        "pin_type": "cctv",
        "category": "simpang, sleman",
        "connected": true,
        "featured": false,
        "descr": "Dinas Kominfo Sleman • simpang, sleman",
        "stream_url": "https://cctv.jogjaprov.go.id/cctv-proxy/cctv-kominfosleman/Perempatan_Godean1.stream/playlist.m3u8",
        "video_url": "https://cctv.jogjaprov.go.id/cctv-proxy/cctv-kominfosleman/Perempatan_Godean1.stream/playlist.m3u8",
        "cctv_link": "https://cctv.jogjaprov.go.id/cctv-proxy/cctv-kominfosleman/Perempatan_Godean1.stream/playlist.m3u8",
        "portal_url": "https://cctv.jogjaprov.go.id",
        "source_url": "https://cctv.jogjaprov.go.id/api/v1/location-pins?include=area,categories&filter%5Bhas_coords%5D=true&filter%5Bhas_slug%5D=true&filter%5Bevent_active%5D=true&filter%5Bdisabled%5D=false"
      },
      "geometry": {
        "type": "Point",
        "coordinates": [
          110.28993026,
          -7.76627762
        ]
      }
    },
    {
      "type": "Feature",
      "properties": {
        "id": "1015",
        "slug": "simpang-pasar-godean",
        "name": "Perempatan_Godean2",
        "alias_name": "Simpang Pasar Godean",
        "group_name": "Dinas Kominfo Sleman",
        "pin_type": "cctv",
        "category": "simpang, sleman",
        "connected": true,
        "featured": false,
        "descr": "Dinas Kominfo Sleman • simpang, sleman",
        "stream_url": "https://cctv.jogjaprov.go.id/cctv-proxy/cctv-kominfosleman/Perempatan_Godean2.stream/playlist.m3u8",
        "video_url": "https://cctv.jogjaprov.go.id/cctv-proxy/cctv-kominfosleman/Perempatan_Godean2.stream/playlist.m3u8",
        "cctv_link": "https://cctv.jogjaprov.go.id/cctv-proxy/cctv-kominfosleman/Perempatan_Godean2.stream/playlist.m3u8",
        "portal_url": "https://cctv.jogjaprov.go.id",
        "source_url": "https://cctv.jogjaprov.go.id/api/v1/location-pins?include=area,categories&filter%5Bhas_coords%5D=true&filter%5Bhas_slug%5D=true&filter%5Bevent_active%5D=true&filter%5Bdisabled%5D=false"
      },
      "geometry": {
        "type": "Point",
        "coordinates": [
          110.29005633,
          -7.76625171
        ]
      }
    },
    {
      "type": "Feature",
      "properties": {
        "id": "1016",
        "slug": "simpang-monjali-view-selatan",
        "name": "Perempatan_Monjali",
        "alias_name": "Simpang Monjali view Selatan",
        "group_name": "Dinas Kominfo Sleman",
        "pin_type": "cctv",
        "category": "simpang, sleman",
        "connected": true,
        "featured": false,
        "descr": "Dinas Kominfo Sleman • simpang, sleman",
        "stream_url": "https://cctv.jogjaprov.go.id/cctv-proxy/cctv-kominfosleman/Perempatan_Monjali.stream/playlist.m3u8",
        "video_url": "https://cctv.jogjaprov.go.id/cctv-proxy/cctv-kominfosleman/Perempatan_Monjali.stream/playlist.m3u8",
        "cctv_link": "https://cctv.jogjaprov.go.id/cctv-proxy/cctv-kominfosleman/Perempatan_Monjali.stream/playlist.m3u8",
        "portal_url": "https://cctv.jogjaprov.go.id",
        "source_url": "https://cctv.jogjaprov.go.id/api/v1/location-pins?include=area,categories&filter%5Bhas_coords%5D=true&filter%5Bhas_slug%5D=true&filter%5Bevent_active%5D=true&filter%5Bdisabled%5D=false"
      },
      "geometry": {
        "type": "Point",
        "coordinates": [
          110.37100687,
          -7.75100545
        ]
      }
    },
    {
      "type": "Feature",
      "properties": {
        "id": "1018",
        "slug": "simpang-upn-view-barat-utara",
        "name": "Perempatan_UPN2",
        "alias_name": "Simpang UPN view Barat-Utara",
        "group_name": "Dinas Kominfo Sleman",
        "pin_type": "cctv",
        "category": "simpang, sleman",
        "connected": true,
        "featured": false,
        "descr": "Dinas Kominfo Sleman • simpang, sleman",
        "stream_url": "https://cctv.jogjaprov.go.id/cctv-proxy/cctv-kominfosleman/Perempatan_UPN2.stream/playlist.m3u8",
        "video_url": "https://cctv.jogjaprov.go.id/cctv-proxy/cctv-kominfosleman/Perempatan_UPN2.stream/playlist.m3u8",
        "cctv_link": "https://cctv.jogjaprov.go.id/cctv-proxy/cctv-kominfosleman/Perempatan_UPN2.stream/playlist.m3u8",
        "portal_url": "https://cctv.jogjaprov.go.id",
        "source_url": "https://cctv.jogjaprov.go.id/api/v1/location-pins?include=area,categories&filter%5Bhas_coords%5D=true&filter%5Bhas_slug%5D=true&filter%5Bevent_active%5D=true&filter%5Bdisabled%5D=false"
      },
      "geometry": {
        "type": "Point",
        "coordinates": [
          110.41192308,
          -7.76171302
        ]
      }
    },
    {
      "type": "Feature",
      "properties": {
        "id": "1019",
        "slug": "simpang-maguwo-view-utara",
        "name": "Pertigaan_Maguwo1",
        "alias_name": "Simpang Maguwo view Utara",
        "group_name": "Dinas Kominfo Sleman",
        "pin_type": "cctv",
        "category": "simpang, sleman",
        "connected": true,
        "featured": false,
        "descr": "Dinas Kominfo Sleman • simpang, sleman",
        "stream_url": "https://cctv.jogjaprov.go.id/cctv-proxy/cctv-kominfosleman/Pertigaan_Maguwo1.stream/playlist.m3u8",
        "video_url": "https://cctv.jogjaprov.go.id/cctv-proxy/cctv-kominfosleman/Pertigaan_Maguwo1.stream/playlist.m3u8",
        "cctv_link": "https://cctv.jogjaprov.go.id/cctv-proxy/cctv-kominfosleman/Pertigaan_Maguwo1.stream/playlist.m3u8",
        "portal_url": "https://cctv.jogjaprov.go.id",
        "source_url": "https://cctv.jogjaprov.go.id/api/v1/location-pins?include=area,categories&filter%5Bhas_coords%5D=true&filter%5Bhas_slug%5D=true&filter%5Bevent_active%5D=true&filter%5Bdisabled%5D=false"
      },
      "geometry": {
        "type": "Point",
        "coordinates": [
          110.42973558,
          -7.78330444
        ]
      }
    },
    {
      "type": "Feature",
      "properties": {
        "id": "1021",
        "slug": "bundaran-ugm-view-barat",
        "name": "Bundaran_UGM2",
        "alias_name": "Bundaran UGM (view Barat)",
        "group_name": "Dinas Kominfo Sleman",
        "pin_type": "cctv",
        "category": "simpang, sleman",
        "connected": false,
        "featured": false,
        "descr": "Dinas Kominfo Sleman • simpang, sleman",
        "stream_url": "https://cctv.jogjaprov.go.id/cctv-proxy/cctv-kominfosleman/Bundaran_UGM2.stream/playlist.m3u8",
        "video_url": "https://cctv.jogjaprov.go.id/cctv-proxy/cctv-kominfosleman/Bundaran_UGM2.stream/playlist.m3u8",
        "cctv_link": "https://cctv.jogjaprov.go.id/cctv-proxy/cctv-kominfosleman/Bundaran_UGM2.stream/playlist.m3u8",
        "portal_url": "https://cctv.jogjaprov.go.id",
        "source_url": "https://cctv.jogjaprov.go.id/api/v1/location-pins?include=area,categories&filter%5Bhas_coords%5D=true&filter%5Bhas_slug%5D=true&filter%5Bevent_active%5D=true&filter%5Bdisabled%5D=false"
      },
      "geometry": {
        "type": "Point",
        "coordinates": [
          110.37620962,
          -7.77628176
        ]
      }
    },
    {
      "type": "Feature",
      "properties": {
        "id": "1022",
        "slug": "bundaran-ugm-view-tengah",
        "name": "Bundaran_UGM3",
        "alias_name": "Bundaran UGM (view Tengah)",
        "group_name": "Dinas Kominfo Sleman",
        "pin_type": "cctv",
        "category": "simpang, sleman",
        "connected": false,
        "featured": false,
        "descr": "Dinas Kominfo Sleman • simpang, sleman",
        "stream_url": "https://cctv.jogjaprov.go.id/cctv-proxy/cctv-kominfosleman/Bundaran_UGM3.stream/playlist.m3u8",
        "video_url": "https://cctv.jogjaprov.go.id/cctv-proxy/cctv-kominfosleman/Bundaran_UGM3.stream/playlist.m3u8",
        "cctv_link": "https://cctv.jogjaprov.go.id/cctv-proxy/cctv-kominfosleman/Bundaran_UGM3.stream/playlist.m3u8",
        "portal_url": "https://cctv.jogjaprov.go.id",
        "source_url": "https://cctv.jogjaprov.go.id/api/v1/location-pins?include=area,categories&filter%5Bhas_coords%5D=true&filter%5Bhas_slug%5D=true&filter%5Bevent_active%5D=true&filter%5Bdisabled%5D=false"
      },
      "geometry": {
        "type": "Point",
        "coordinates": [
          110.37624851,
          -7.77622197
        ]
      }
    },
    {
      "type": "Feature",
      "properties": {
        "id": "1023",
        "slug": "simpang-uin-view-selatan",
        "name": "Pertigaan_UIN",
        "alias_name": "Simpang UIN view Selatan",
        "group_name": "Dinas Kominfo Sleman",
        "pin_type": "cctv",
        "category": "simpang, sleman",
        "connected": true,
        "featured": false,
        "descr": "Dinas Kominfo Sleman • simpang, sleman",
        "stream_url": "https://cctv.jogjaprov.go.id/cctv-proxy/cctv-kominfosleman/Pertigaan_UIN.stream/playlist.m3u8",
        "video_url": "https://cctv.jogjaprov.go.id/cctv-proxy/cctv-kominfosleman/Pertigaan_UIN.stream/playlist.m3u8",
        "cctv_link": "https://cctv.jogjaprov.go.id/cctv-proxy/cctv-kominfosleman/Pertigaan_UIN.stream/playlist.m3u8",
        "portal_url": "https://cctv.jogjaprov.go.id",
        "source_url": "https://cctv.jogjaprov.go.id/api/v1/location-pins?include=area,categories&filter%5Bhas_coords%5D=true&filter%5Bhas_slug%5D=true&filter%5Bevent_active%5D=true&filter%5Bdisabled%5D=false"
      },
      "geometry": {
        "type": "Point",
        "coordinates": [
          110.39511595,
          -7.78312096
        ]
      }
    },
    {
      "type": "Feature",
      "properties": {
        "id": "1024",
        "slug": "perempatan-seyegan",
        "name": "Perempatan_Seyegan",
        "alias_name": "Perempatan_Seyegan",
        "group_name": "Dinas Kominfo Sleman",
        "pin_type": "cctv",
        "category": "simpang, sleman",
        "connected": false,
        "featured": false,
        "descr": "Dinas Kominfo Sleman • simpang, sleman",
        "stream_url": "https://cctv.jogjaprov.go.id/cctv-proxy/cctv-kominfosleman/Perempatan_Seyegan.stream/playlist.m3u8",
        "video_url": "https://cctv.jogjaprov.go.id/cctv-proxy/cctv-kominfosleman/Perempatan_Seyegan.stream/playlist.m3u8",
        "cctv_link": "https://cctv.jogjaprov.go.id/cctv-proxy/cctv-kominfosleman/Perempatan_Seyegan.stream/playlist.m3u8",
        "portal_url": "https://cctv.jogjaprov.go.id",
        "source_url": "https://cctv.jogjaprov.go.id/api/v1/location-pins?include=area,categories&filter%5Bhas_coords%5D=true&filter%5Bhas_slug%5D=true&filter%5Bevent_active%5D=true&filter%5Bdisabled%5D=false"
      },
      "geometry": {
        "type": "Point",
        "coordinates": [
          110.30823872,
          -7.72252944
        ]
      }
    },
    {
      "type": "Feature",
      "properties": {
        "id": "1025",
        "slug": "simpang-kapanewon-minggir",
        "name": "Pertigaan_Minggir",
        "alias_name": "Simpang Kapanewon Minggir",
        "group_name": "Dinas Kominfo Sleman",
        "pin_type": "cctv",
        "category": "simpang, sleman",
        "connected": true,
        "featured": false,
        "descr": "Dinas Kominfo Sleman • simpang, sleman",
        "stream_url": "https://cctv.jogjaprov.go.id/cctv-proxy/cctv-kominfosleman/Pertigaan_Minggir.stream/playlist.m3u8",
        "video_url": "https://cctv.jogjaprov.go.id/cctv-proxy/cctv-kominfosleman/Pertigaan_Minggir.stream/playlist.m3u8",
        "cctv_link": "https://cctv.jogjaprov.go.id/cctv-proxy/cctv-kominfosleman/Pertigaan_Minggir.stream/playlist.m3u8",
        "portal_url": "https://cctv.jogjaprov.go.id",
        "source_url": "https://cctv.jogjaprov.go.id/api/v1/location-pins?include=area,categories&filter%5Bhas_coords%5D=true&filter%5Bhas_slug%5D=true&filter%5Bevent_active%5D=true&filter%5Bdisabled%5D=false"
      },
      "geometry": {
        "type": "Point",
        "coordinates": [
          110.23497172,
          -7.72579016
        ]
      }
    },
    {
      "type": "Feature",
      "properties": {
        "id": "1028",
        "slug": "air-mancur-alun-alun-wates",
        "name": "AirMancur",
        "alias_name": "Air Mancur Alun-alun Wates",
        "group_name": "Dinas Kominfo Kulon Progo",
        "pin_type": "cctv",
        "category": "alun-alun, kulon progo",
        "connected": true,
        "featured": false,
        "descr": "Dinas Kominfo Kulon Progo • alun-alun, kulon progo",
        "stream_url": "https://cctv.jogjaprov.go.id/cctv-proxy/cctv-kp/AirMancur.stream/playlist.m3u8",
        "video_url": "https://cctv.jogjaprov.go.id/cctv-proxy/cctv-kp/AirMancur.stream/playlist.m3u8",
        "cctv_link": "https://cctv.jogjaprov.go.id/cctv-proxy/cctv-kp/AirMancur.stream/playlist.m3u8",
        "portal_url": "https://cctv.jogjaprov.go.id",
        "source_url": "https://cctv.jogjaprov.go.id/api/v1/location-pins?include=area,categories&filter%5Bhas_coords%5D=true&filter%5Bhas_slug%5D=true&filter%5Bevent_active%5D=true&filter%5Bdisabled%5D=false"
      },
      "geometry": {
        "type": "Point",
        "coordinates": [
          110.15765905,
          -7.85908809
        ]
      }
    },
    {
      "type": "Feature",
      "properties": {
        "id": "1029",
        "slug": "alun-alun-wates-sebelah-utara-tiang-bendera",
        "name": "AlunAlunUtara1",
        "alias_name": "Alun-alun Wates sebelah Utara (tiang bendera)",
        "group_name": "Dinas Kominfo Kulon Progo",
        "pin_type": "cctv",
        "category": "alun-alun, kulon progo",
        "connected": true,
        "featured": false,
        "descr": "Dinas Kominfo Kulon Progo • alun-alun, kulon progo",
        "stream_url": "https://cctv.jogjaprov.go.id/cctv-proxy/cctv-kp/AlunAlunUtara1.stream/playlist.m3u8",
        "video_url": "https://cctv.jogjaprov.go.id/cctv-proxy/cctv-kp/AlunAlunUtara1.stream/playlist.m3u8",
        "cctv_link": "https://cctv.jogjaprov.go.id/cctv-proxy/cctv-kp/AlunAlunUtara1.stream/playlist.m3u8",
        "portal_url": "https://cctv.jogjaprov.go.id",
        "source_url": "https://cctv.jogjaprov.go.id/api/v1/location-pins?include=area,categories&filter%5Bhas_coords%5D=true&filter%5Bhas_slug%5D=true&filter%5Bevent_active%5D=true&filter%5Bdisabled%5D=false"
      },
      "geometry": {
        "type": "Point",
        "coordinates": [
          110.15742235,
          -7.85755824
        ]
      }
    },
    {
      "type": "Feature",
      "properties": {
        "id": "1031",
        "slug": "halaman-pemda-kulonprogo",
        "name": "HalamanPemda",
        "alias_name": "Halaman Pemda Kulonprogo",
        "group_name": "Dinas Kominfo Kulon Progo",
        "pin_type": "cctv",
        "category": "kulon progo, Kantor Pemerintah",
        "connected": true,
        "featured": false,
        "descr": "Dinas Kominfo Kulon Progo • kulon progo, Kantor Pemerintah",
        "stream_url": "https://cctv.jogjaprov.go.id/cctv-proxy/cctv-kp/HalamanPemda.stream/playlist.m3u8",
        "video_url": "https://cctv.jogjaprov.go.id/cctv-proxy/cctv-kp/HalamanPemda.stream/playlist.m3u8",
        "cctv_link": "https://cctv.jogjaprov.go.id/cctv-proxy/cctv-kp/HalamanPemda.stream/playlist.m3u8",
        "portal_url": "https://cctv.jogjaprov.go.id",
        "source_url": "https://cctv.jogjaprov.go.id/api/v1/location-pins?include=area,categories&filter%5Bhas_coords%5D=true&filter%5Bhas_slug%5D=true&filter%5Bevent_active%5D=true&filter%5Bdisabled%5D=false"
      },
      "geometry": {
        "type": "Point",
        "coordinates": [
          110.15962377,
          -7.85842111
        ]
      }
    },
    {
      "type": "Feature",
      "properties": {
        "id": "1032",
        "slug": "simpang-karangnongko-view-timur",
        "name": "Karangnongko",
        "alias_name": "Simpang Karangnongko (view timur )",
        "group_name": "Dinas Kominfo Kulon Progo",
        "pin_type": "cctv",
        "category": "simpang, kulon progo",
        "connected": true,
        "featured": false,
        "descr": "Dinas Kominfo Kulon Progo • simpang, kulon progo",
        "stream_url": "https://cctv.jogjaprov.go.id/cctv-proxy/cctv-kp/Karangnongko.stream/playlist.m3u8",
        "video_url": "https://cctv.jogjaprov.go.id/cctv-proxy/cctv-kp/Karangnongko.stream/playlist.m3u8",
        "cctv_link": "https://cctv.jogjaprov.go.id/cctv-proxy/cctv-kp/Karangnongko.stream/playlist.m3u8",
        "portal_url": "https://cctv.jogjaprov.go.id",
        "source_url": "https://cctv.jogjaprov.go.id/api/v1/location-pins?include=area,categories&filter%5Bhas_coords%5D=true&filter%5Bhas_slug%5D=true&filter%5Bevent_active%5D=true&filter%5Bdisabled%5D=false"
      },
      "geometry": {
        "type": "Point",
        "coordinates": [
          110.15632197,
          -7.86554419
        ]
      }
    },
    {
      "type": "Feature",
      "properties": {
        "id": "1033",
        "slug": "pojok-barat-alun-alun-wates",
        "name": "LabKes",
        "alias_name": "Pojok Barat Alun-alun Wates",
        "group_name": "Dinas Kominfo Kulon Progo",
        "pin_type": "cctv",
        "category": "simpang, kulon progo, alun-alun",
        "connected": true,
        "featured": false,
        "descr": "Dinas Kominfo Kulon Progo • simpang, kulon progo, alun-alun",
        "stream_url": "https://cctv.jogjaprov.go.id/cctv-proxy/cctv-kp/LabKes.stream/playlist.m3u8",
        "video_url": "https://cctv.jogjaprov.go.id/cctv-proxy/cctv-kp/LabKes.stream/playlist.m3u8",
        "cctv_link": "https://cctv.jogjaprov.go.id/cctv-proxy/cctv-kp/LabKes.stream/playlist.m3u8",
        "portal_url": "https://cctv.jogjaprov.go.id",
        "source_url": "https://cctv.jogjaprov.go.id/api/v1/location-pins?include=area,categories&filter%5Bhas_coords%5D=true&filter%5Bhas_slug%5D=true&filter%5Bevent_active%5D=true&filter%5Bdisabled%5D=false"
      },
      "geometry": {
        "type": "Point",
        "coordinates": [
          110.15646214,
          -7.85936504
        ]
      }
    },
    {
      "type": "Feature",
      "properties": {
        "id": "1034",
        "slug": "lapangan-basket-alun-alun-wates",
        "name": "LapanganBasket",
        "alias_name": "Lapangan Basket Alun-alun Wates",
        "group_name": "Dinas Kominfo Kulon Progo",
        "pin_type": "cctv",
        "category": "kulon progo, alun-alun",
        "connected": false,
        "featured": false,
        "descr": "Dinas Kominfo Kulon Progo • kulon progo, alun-alun",
        "stream_url": "https://cctv.jogjaprov.go.id/cctv-proxy/cctv-kp/LapanganBasket.stream/playlist.m3u8",
        "video_url": "https://cctv.jogjaprov.go.id/cctv-proxy/cctv-kp/LapanganBasket.stream/playlist.m3u8",
        "cctv_link": "https://cctv.jogjaprov.go.id/cctv-proxy/cctv-kp/LapanganBasket.stream/playlist.m3u8",
        "portal_url": "https://cctv.jogjaprov.go.id",
        "source_url": "https://cctv.jogjaprov.go.id/api/v1/location-pins?include=area,categories&filter%5Bhas_coords%5D=true&filter%5Bhas_slug%5D=true&filter%5Bevent_active%5D=true&filter%5Bdisabled%5D=false"
      },
      "geometry": {
        "type": "Point",
        "coordinates": [
          110.15851135,
          -7.8580631
        ]
      }
    },
    {
      "type": "Feature",
      "properties": {
        "id": "1035",
        "slug": "pojok-taman-bermain-alun-alun-wates",
        "name": "PojokTamanBermain",
        "alias_name": "Pojok Taman Bermain Alun-alun Wates",
        "group_name": "Dinas Kominfo Kulon Progo",
        "pin_type": "cctv",
        "category": "kulon progo, alun-alun",
        "connected": true,
        "featured": false,
        "descr": "Dinas Kominfo Kulon Progo • kulon progo, alun-alun",
        "stream_url": "https://cctv.jogjaprov.go.id/cctv-proxy/cctv-kp/PojokTamanBermain.stream/playlist.m3u8",
        "video_url": "https://cctv.jogjaprov.go.id/cctv-proxy/cctv-kp/PojokTamanBermain.stream/playlist.m3u8",
        "cctv_link": "https://cctv.jogjaprov.go.id/cctv-proxy/cctv-kp/PojokTamanBermain.stream/playlist.m3u8",
        "portal_url": "https://cctv.jogjaprov.go.id",
        "source_url": "https://cctv.jogjaprov.go.id/api/v1/location-pins?include=area,categories&filter%5Bhas_coords%5D=true&filter%5Bhas_slug%5D=true&filter%5Bevent_active%5D=true&filter%5Bdisabled%5D=false"
      },
      "geometry": {
        "type": "Point",
        "coordinates": [
          110.15797958,
          -7.85741642
        ]
      }
    },
    {
      "type": "Feature",
      "properties": {
        "id": "1036",
        "slug": "alun-alun-wates-sebelah-barat-rbra",
        "name": "RBRA",
        "alias_name": "Alun-alun Wates sebelah Barat (RBRA)",
        "group_name": "Dinas Kominfo Kulon Progo",
        "pin_type": "cctv",
        "category": "alun-alun, kulon progo, RBRA",
        "connected": true,
        "featured": false,
        "descr": "Dinas Kominfo Kulon Progo • alun-alun, kulon progo, RBRA",
        "stream_url": "https://cctv.jogjaprov.go.id/cctv-proxy/cctv-kp/RBRA.stream/playlist.m3u8",
        "video_url": "https://cctv.jogjaprov.go.id/cctv-proxy/cctv-kp/RBRA.stream/playlist.m3u8",
        "cctv_link": "https://cctv.jogjaprov.go.id/cctv-proxy/cctv-kp/RBRA.stream/playlist.m3u8",
        "portal_url": "https://cctv.jogjaprov.go.id",
        "source_url": "https://cctv.jogjaprov.go.id/api/v1/location-pins?include=area,categories&filter%5Bhas_coords%5D=true&filter%5Bhas_slug%5D=true&filter%5Bevent_active%5D=true&filter%5Bdisabled%5D=false"
      },
      "geometry": {
        "type": "Point",
        "coordinates": [
          110.15674844,
          -7.85858817
        ]
      }
    },
    {
      "type": "Feature",
      "properties": {
        "id": "1037",
        "slug": "depan-pemkab-kulonprogo",
        "name": "TamanPemda",
        "alias_name": "Depan Pemkab Kulonprogo",
        "group_name": "Dinas Kominfo Kulon Progo",
        "pin_type": "cctv",
        "category": "kulon progo, Kantor Pemerintah",
        "connected": true,
        "featured": false,
        "descr": "Dinas Kominfo Kulon Progo • kulon progo, Kantor Pemerintah",
        "stream_url": "https://cctv.jogjaprov.go.id/cctv-proxy/cctv-kp/TamanPemda.stream/playlist.m3u8",
        "video_url": "https://cctv.jogjaprov.go.id/cctv-proxy/cctv-kp/TamanPemda.stream/playlist.m3u8",
        "cctv_link": "https://cctv.jogjaprov.go.id/cctv-proxy/cctv-kp/TamanPemda.stream/playlist.m3u8",
        "portal_url": "https://cctv.jogjaprov.go.id",
        "source_url": "https://cctv.jogjaprov.go.id/api/v1/location-pins?include=area,categories&filter%5Bhas_coords%5D=true&filter%5Bhas_slug%5D=true&filter%5Bevent_active%5D=true&filter%5Bdisabled%5D=false"
      },
      "geometry": {
        "type": "Point",
        "coordinates": [
          110.15959762,
          -7.85859581
        ]
      }
    },
    {
      "type": "Feature",
      "properties": {
        "id": "1038",
        "slug": "simpang-terminal-wates",
        "name": "Terminal",
        "alias_name": "Simpang Terminal Wates",
        "group_name": "Dinas Kominfo Kulon Progo",
        "pin_type": "cctv",
        "category": "simpang, kulon progo",
        "connected": true,
        "featured": false,
        "descr": "Dinas Kominfo Kulon Progo • simpang, kulon progo",
        "stream_url": "https://cctv.jogjaprov.go.id/cctv-proxy/cctv-kp/Terminal.stream/playlist.m3u8",
        "video_url": "https://cctv.jogjaprov.go.id/cctv-proxy/cctv-kp/Terminal.stream/playlist.m3u8",
        "cctv_link": "https://cctv.jogjaprov.go.id/cctv-proxy/cctv-kp/Terminal.stream/playlist.m3u8",
        "portal_url": "https://cctv.jogjaprov.go.id",
        "source_url": "https://cctv.jogjaprov.go.id/api/v1/location-pins?include=area,categories&filter%5Bhas_coords%5D=true&filter%5Bhas_slug%5D=true&filter%5Bevent_active%5D=true&filter%5Bdisabled%5D=false"
      },
      "geometry": {
        "type": "Point",
        "coordinates": [
          110.15170117,
          -7.86468751
        ]
      }
    },
    {
      "type": "Feature",
      "properties": {
        "id": "1039",
        "slug": "perlintasan-ka-barat",
        "name": "TetegKulon",
        "alias_name": "Perlintasan KA (Barat)",
        "group_name": "Dinas Kominfo Kulon Progo",
        "pin_type": "cctv",
        "category": "kulon progo, simpang, kereta api",
        "connected": true,
        "featured": false,
        "descr": "Dinas Kominfo Kulon Progo • kulon progo, simpang, kereta api",
        "stream_url": "https://cctv.jogjaprov.go.id/cctv-proxy/cctv-kp/TetegKulon.stream/playlist.m3u8",
        "video_url": "https://cctv.jogjaprov.go.id/cctv-proxy/cctv-kp/TetegKulon.stream/playlist.m3u8",
        "cctv_link": "https://cctv.jogjaprov.go.id/cctv-proxy/cctv-kp/TetegKulon.stream/playlist.m3u8",
        "portal_url": "https://cctv.jogjaprov.go.id",
        "source_url": "https://cctv.jogjaprov.go.id/api/v1/location-pins?include=area,categories&filter%5Bhas_coords%5D=true&filter%5Bhas_slug%5D=true&filter%5Bevent_active%5D=true&filter%5Bdisabled%5D=false"
      },
      "geometry": {
        "type": "Point",
        "coordinates": [
          110.15499365,
          -7.85998677
        ]
      }
    },
    {
      "type": "Feature",
      "properties": {
        "id": "1040",
        "slug": "perlintasan-ka-timur-jpo",
        "name": "TetegWetan",
        "alias_name": "Perlintasan KA (Timur) JPO",
        "group_name": "Dinas Kominfo Kulon Progo",
        "pin_type": "cctv",
        "category": "simpang, kulon progo, kereta api",
        "connected": true,
        "featured": false,
        "descr": "Dinas Kominfo Kulon Progo • simpang, kulon progo, kereta api",
        "stream_url": "https://cctv.jogjaprov.go.id/cctv-proxy/cctv-kp/TetegWetan.stream/playlist.m3u8",
        "video_url": "https://cctv.jogjaprov.go.id/cctv-proxy/cctv-kp/TetegWetan.stream/playlist.m3u8",
        "cctv_link": "https://cctv.jogjaprov.go.id/cctv-proxy/cctv-kp/TetegWetan.stream/playlist.m3u8",
        "portal_url": "https://cctv.jogjaprov.go.id",
        "source_url": "https://cctv.jogjaprov.go.id/api/v1/location-pins?include=area,categories&filter%5Bhas_coords%5D=true&filter%5Bhas_slug%5D=true&filter%5Bevent_active%5D=true&filter%5Bdisabled%5D=false"
      },
      "geometry": {
        "type": "Point",
        "coordinates": [
          110.16087306,
          -7.85825971
        ]
      }
    },
    {
      "type": "Feature",
      "properties": {
        "id": "1071",
        "slug": "kali-gajah-wong-selatan",
        "name": "KaliGajahWong1",
        "alias_name": "Kali Gajah Wong Selatan",
        "group_name": "Dinas Kominfosan Yogyakarta",
        "pin_type": "cctv",
        "category": "sungai, bantul",
        "connected": false,
        "featured": false,
        "descr": "Dinas Kominfosan Yogyakarta • sungai, bantul",
        "stream_url": "https://cctv.jogjaprov.go.id/cctv-proxy/cctv-sungai/KaliGajahWong1.stream/playlist.m3u8",
        "video_url": "https://cctv.jogjaprov.go.id/cctv-proxy/cctv-sungai/KaliGajahWong1.stream/playlist.m3u8",
        "cctv_link": "https://cctv.jogjaprov.go.id/cctv-proxy/cctv-sungai/KaliGajahWong1.stream/playlist.m3u8",
        "portal_url": "https://cctv.jogjaprov.go.id",
        "source_url": "https://cctv.jogjaprov.go.id/api/v1/location-pins?include=area,categories&filter%5Bhas_coords%5D=true&filter%5Bhas_slug%5D=true&filter%5Bevent_active%5D=true&filter%5Bdisabled%5D=false"
      },
      "geometry": {
        "type": "Point",
        "coordinates": [
          110.39606631,
          -7.79104243
        ]
      }
    },
    {
      "type": "Feature",
      "properties": {
        "id": "1072",
        "slug": "kali-gajah-wong-utara",
        "name": "KaliGajahWong2",
        "alias_name": "Kali Gajah Wong Utara",
        "group_name": "Dinas Kominfosan Yogyakarta",
        "pin_type": "cctv",
        "category": "sungai, kota",
        "connected": true,
        "featured": false,
        "descr": "Dinas Kominfosan Yogyakarta • sungai, kota",
        "stream_url": "https://cctv.jogjaprov.go.id/cctv-proxy/cctv-sungai/KaliGajahWong2.stream/playlist.m3u8",
        "video_url": "https://cctv.jogjaprov.go.id/cctv-proxy/cctv-sungai/KaliGajahWong2.stream/playlist.m3u8",
        "cctv_link": "https://cctv.jogjaprov.go.id/cctv-proxy/cctv-sungai/KaliGajahWong2.stream/playlist.m3u8",
        "portal_url": "https://cctv.jogjaprov.go.id",
        "source_url": "https://cctv.jogjaprov.go.id/api/v1/location-pins?include=area,categories&filter%5Bhas_coords%5D=true&filter%5Bhas_slug%5D=true&filter%5Bevent_active%5D=true&filter%5Bdisabled%5D=false"
      },
      "geometry": {
        "type": "Point",
        "coordinates": [
          110.39596975,
          -7.79071291
        ]
      }
    },
    {
      "type": "Feature",
      "properties": {
        "id": "1073",
        "slug": "kali-boyong-jembatan-boyong-pos-bpbd-ngentak",
        "name": "KaliNgentak",
        "alias_name": "Kali Boyong (Jembatan Boyong - Pos BPBD Ngentak)",
        "group_name": "Dinas Kominfosan Yogyakarta",
        "pin_type": "cctv",
        "category": "sungai, sleman",
        "connected": true,
        "featured": false,
        "descr": "Dinas Kominfosan Yogyakarta • sungai, sleman",
        "stream_url": "https://cctv.jogjaprov.go.id/cctv-proxy/cctv-sungai/KaliNgentak.stream/playlist.m3u8",
        "video_url": "https://cctv.jogjaprov.go.id/cctv-proxy/cctv-sungai/KaliNgentak.stream/playlist.m3u8",
        "cctv_link": "https://cctv.jogjaprov.go.id/cctv-proxy/cctv-sungai/KaliNgentak.stream/playlist.m3u8",
        "portal_url": "https://cctv.jogjaprov.go.id",
        "source_url": "https://cctv.jogjaprov.go.id/api/v1/location-pins?include=area,categories&filter%5Bhas_coords%5D=true&filter%5Bhas_slug%5D=true&filter%5Bevent_active%5D=true&filter%5Bdisabled%5D=false"
      },
      "geometry": {
        "type": "Point",
        "coordinates": [
          110.38927885,
          -7.72262427
        ]
      }
    },
    {
      "type": "Feature",
      "properties": {
        "id": "1074",
        "slug": "kali-winongo-jembatan-tegalrejo",
        "name": "KaliWinongo",
        "alias_name": "Kali Winongo (Jembatan Tegalrejo)",
        "group_name": "Dinas Kominfosan Yogyakarta",
        "pin_type": "cctv",
        "category": "sungai, kota",
        "connected": true,
        "featured": false,
        "descr": "Dinas Kominfosan Yogyakarta • sungai, kota",
        "stream_url": "https://cctv.jogjaprov.go.id/cctv-proxy/cctv-sungai/KaliWinongo.stream/playlist.m3u8",
        "video_url": "https://cctv.jogjaprov.go.id/cctv-proxy/cctv-sungai/KaliWinongo.stream/playlist.m3u8",
        "cctv_link": "https://cctv.jogjaprov.go.id/cctv-proxy/cctv-sungai/KaliWinongo.stream/playlist.m3u8",
        "portal_url": "https://cctv.jogjaprov.go.id",
        "source_url": "https://cctv.jogjaprov.go.id/api/v1/location-pins?include=area,categories&filter%5Bhas_coords%5D=true&filter%5Bhas_slug%5D=true&filter%5Bevent_active%5D=true&filter%5Bdisabled%5D=false"
      },
      "geometry": {
        "type": "Point",
        "coordinates": [
          110.35681688,
          -7.78966154
        ]
      }
    },
    {
      "type": "Feature",
      "properties": {
        "id": "1075",
        "slug": "malioboro-depan-gerbang-barat-kepatihan",
        "name": "UPTMalio10_Kepatihan",
        "alias_name": "Malioboro Depan Gerbang Barat Kepatihan",
        "group_name": "UPT Malioboro",
        "pin_type": "cctv",
        "category": "simpang, kota",
        "connected": true,
        "featured": false,
        "descr": "UPT Malioboro • simpang, kota",
        "stream_url": "https://cctv.jogjaprov.go.id/cctv-proxy/cctv-uptmalioboro/UPTMalio10_Kepatihan.stream/playlist.m3u8",
        "video_url": "https://cctv.jogjaprov.go.id/cctv-proxy/cctv-uptmalioboro/UPTMalio10_Kepatihan.stream/playlist.m3u8",
        "cctv_link": "https://cctv.jogjaprov.go.id/cctv-proxy/cctv-uptmalioboro/UPTMalio10_Kepatihan.stream/playlist.m3u8",
        "portal_url": "https://cctv.jogjaprov.go.id",
        "source_url": "https://cctv.jogjaprov.go.id/api/v1/location-pins?include=area,categories&filter%5Bhas_coords%5D=true&filter%5Bhas_slug%5D=true&filter%5Bevent_active%5D=true&filter%5Bdisabled%5D=false"
      },
      "geometry": {
        "type": "Point",
        "coordinates": [
          110.3654395,
          -7.79572607
        ]
      }
    },
    {
      "type": "Feature",
      "properties": {
        "id": "1076",
        "slug": "malioboro-depan-toko-terang-bulan",
        "name": "UPTMalio11_TerangBulan",
        "alias_name": "Malioboro Depan Toko Terang Bulan",
        "group_name": "UPT Malioboro",
        "pin_type": "cctv",
        "category": "kota, malioboro, PBTY 2026",
        "connected": true,
        "featured": false,
        "descr": "UPT Malioboro • kota, malioboro, PBTY 2026",
        "stream_url": "https://cctv.jogjaprov.go.id/cctv-proxy/cctv-uptmalioboro/UPTMalio11_TerangBulan.stream/playlist.m3u8",
        "video_url": "https://cctv.jogjaprov.go.id/cctv-proxy/cctv-uptmalioboro/UPTMalio11_TerangBulan.stream/playlist.m3u8",
        "cctv_link": "https://cctv.jogjaprov.go.id/cctv-proxy/cctv-uptmalioboro/UPTMalio11_TerangBulan.stream/playlist.m3u8",
        "portal_url": "https://cctv.jogjaprov.go.id",
        "source_url": "https://cctv.jogjaprov.go.id/api/v1/location-pins?include=area,categories&filter%5Bhas_coords%5D=true&filter%5Bhas_slug%5D=true&filter%5Bevent_active%5D=true&filter%5Bdisabled%5D=false"
      },
      "geometry": {
        "type": "Point",
        "coordinates": [
          110.36530622,
          -7.79667608
        ]
      }
    },
    {
      "type": "Feature",
      "properties": {
        "id": "1077",
        "slug": "malioboro-depan-mall-ramayana",
        "name": "UPTMalio12_Ramayana",
        "alias_name": "Malioboro Depan Mall Ramayana",
        "group_name": "UPT Malioboro",
        "pin_type": "cctv",
        "category": "kota, malioboro",
        "connected": false,
        "featured": false,
        "descr": "UPT Malioboro • kota, malioboro",
        "stream_url": "https://cctv.jogjaprov.go.id/cctv-proxy/cctv-uptmalioboro/UPTMalio12_Ramayana.stream/playlist.m3u8",
        "video_url": "https://cctv.jogjaprov.go.id/cctv-proxy/cctv-uptmalioboro/UPTMalio12_Ramayana.stream/playlist.m3u8",
        "cctv_link": "https://cctv.jogjaprov.go.id/cctv-proxy/cctv-uptmalioboro/UPTMalio12_Ramayana.stream/playlist.m3u8",
        "portal_url": "https://cctv.jogjaprov.go.id",
        "source_url": "https://cctv.jogjaprov.go.id/api/v1/location-pins?include=area,categories&filter%5Bhas_coords%5D=true&filter%5Bhas_slug%5D=true&filter%5Bevent_active%5D=true&filter%5Bdisabled%5D=false"
      },
      "geometry": {
        "type": "Point",
        "coordinates": [
          110.36526849,
          -7.797424
        ]
      }
    },
    {
      "type": "Feature",
      "properties": {
        "id": "1078",
        "slug": "malioboro-depan-toko-gunung-mas",
        "name": "UPTMalio13_GunungMas",
        "alias_name": "Malioboro Depan Toko Gunung Mas",
        "group_name": "UPT Malioboro",
        "pin_type": "cctv",
        "category": "malioboro, kota",
        "connected": false,
        "featured": false,
        "descr": "UPT Malioboro • malioboro, kota",
        "stream_url": "https://cctv.jogjaprov.go.id/cctv-proxy/cctv-uptmalioboro/UPTMalio13_GunungMas.stream/playlist.m3u8",
        "video_url": "https://cctv.jogjaprov.go.id/cctv-proxy/cctv-uptmalioboro/UPTMalio13_GunungMas.stream/playlist.m3u8",
        "cctv_link": "https://cctv.jogjaprov.go.id/cctv-proxy/cctv-uptmalioboro/UPTMalio13_GunungMas.stream/playlist.m3u8",
        "portal_url": "https://cctv.jogjaprov.go.id",
        "source_url": "https://cctv.jogjaprov.go.id/api/v1/location-pins?include=area,categories&filter%5Bhas_coords%5D=true&filter%5Bhas_slug%5D=true&filter%5Bevent_active%5D=true&filter%5Bdisabled%5D=false"
      },
      "geometry": {
        "type": "Point",
        "coordinates": [
          110.36502875,
          -7.79814587
        ]
      }
    },
    {
      "type": "Feature",
      "properties": {
        "id": "1079",
        "slug": "malioboro-selatan-rel-kereta-api",
        "name": "UPTMalio1_SelatanTeteg",
        "alias_name": "Malioboro Selatan Rel Kereta Api",
        "group_name": "UPT Malioboro",
        "pin_type": "cctv",
        "category": "malioboro, kota, kereta api",
        "connected": true,
        "featured": false,
        "descr": "UPT Malioboro • malioboro, kota, kereta api",
        "stream_url": "https://cctv.jogjaprov.go.id/cctv-proxy/cctv-uptmalioboro/UPTMalio1_SelatanTeteg.stream/playlist.m3u8",
        "video_url": "https://cctv.jogjaprov.go.id/cctv-proxy/cctv-uptmalioboro/UPTMalio1_SelatanTeteg.stream/playlist.m3u8",
        "cctv_link": "https://cctv.jogjaprov.go.id/cctv-proxy/cctv-uptmalioboro/UPTMalio1_SelatanTeteg.stream/playlist.m3u8",
        "portal_url": "https://cctv.jogjaprov.go.id",
        "source_url": "https://cctv.jogjaprov.go.id/api/v1/location-pins?include=area,categories&filter%5Bhas_coords%5D=true&filter%5Bhas_slug%5D=true&filter%5Bevent_active%5D=true&filter%5Bdisabled%5D=false"
      },
      "geometry": {
        "type": "Point",
        "coordinates": [
          110.36605519,
          -7.79017448
        ]
      }
    },
    {
      "type": "Feature",
      "properties": {
        "id": "1080",
        "slug": "malioboro-depan-toko-subur",
        "name": "UPTMalio2_DepanTokoSubur",
        "alias_name": "Malioboro Depan Toko Subur",
        "group_name": "UPT Malioboro",
        "pin_type": "cctv",
        "category": "kota, malioboro",
        "connected": true,
        "featured": false,
        "descr": "UPT Malioboro • kota, malioboro",
        "stream_url": "https://cctv.jogjaprov.go.id/cctv-proxy/cctv-uptmalioboro/UPTMalio2_DepanTokoSubur.stream/playlist.m3u8",
        "video_url": "https://cctv.jogjaprov.go.id/cctv-proxy/cctv-uptmalioboro/UPTMalio2_DepanTokoSubur.stream/playlist.m3u8",
        "cctv_link": "https://cctv.jogjaprov.go.id/cctv-proxy/cctv-uptmalioboro/UPTMalio2_DepanTokoSubur.stream/playlist.m3u8",
        "portal_url": "https://cctv.jogjaprov.go.id",
        "source_url": "https://cctv.jogjaprov.go.id/api/v1/location-pins?include=area,categories&filter%5Bhas_coords%5D=true&filter%5Bhas_slug%5D=true&filter%5Bevent_active%5D=true&filter%5Bdisabled%5D=false"
      },
      "geometry": {
        "type": "Point",
        "coordinates": [
          110.3660081,
          -7.79097148
        ]
      }
    },
    {
      "type": "Feature",
      "properties": {
        "id": "1081",
        "slug": "malioboro-depan-pasar-beringharjo",
        "name": "UPTMalio30_Beringharjo",
        "alias_name": "Malioboro Depan Pasar Beringharjo",
        "group_name": "UPT Malioboro",
        "pin_type": "cctv",
        "category": "kota, malioboro, Beringharjo, PBTY 2026",
        "connected": true,
        "featured": false,
        "descr": "UPT Malioboro • kota, malioboro, Beringharjo, PBTY 2026",
        "stream_url": "https://cctv.jogjaprov.go.id/cctv-proxy/cctv-uptmalioboro/UPTMalio30_Beringharjo.stream/playlist.m3u8",
        "video_url": "https://cctv.jogjaprov.go.id/cctv-proxy/cctv-uptmalioboro/UPTMalio30_Beringharjo.stream/playlist.m3u8",
        "cctv_link": "https://cctv.jogjaprov.go.id/cctv-proxy/cctv-uptmalioboro/UPTMalio30_Beringharjo.stream/playlist.m3u8",
        "portal_url": "https://cctv.jogjaprov.go.id",
        "source_url": "https://cctv.jogjaprov.go.id/api/v1/location-pins?include=area,categories&filter%5Bhas_coords%5D=true&filter%5Bhas_slug%5D=true&filter%5Bevent_active%5D=true&filter%5Bdisabled%5D=false"
      },
      "geometry": {
        "type": "Point",
        "coordinates": [
          110.36498382,
          -7.7987654
        ]
      }
    },
    {
      "type": "Feature",
      "properties": {
        "id": "1082",
        "slug": "malioboro-depan-ex-dispar-dinas-pariwisata",
        "name": "UPTMalio3_DepanDispar",
        "alias_name": "Malioboro Depan ex Dispar (Dinas Pariwisata)",
        "group_name": "UPT Malioboro",
        "pin_type": "cctv",
        "category": "kota, malioboro",
        "connected": true,
        "featured": false,
        "descr": "UPT Malioboro • kota, malioboro",
        "stream_url": "https://cctv.jogjaprov.go.id/cctv-proxy/cctv-uptmalioboro/UPTMalio3_DepanDispar.stream/playlist.m3u8",
        "video_url": "https://cctv.jogjaprov.go.id/cctv-proxy/cctv-uptmalioboro/UPTMalio3_DepanDispar.stream/playlist.m3u8",
        "cctv_link": "https://cctv.jogjaprov.go.id/cctv-proxy/cctv-uptmalioboro/UPTMalio3_DepanDispar.stream/playlist.m3u8",
        "portal_url": "https://cctv.jogjaprov.go.id",
        "source_url": "https://cctv.jogjaprov.go.id/api/v1/location-pins?include=area,categories&filter%5Bhas_coords%5D=true&filter%5Bhas_slug%5D=true&filter%5Bevent_active%5D=true&filter%5Bdisabled%5D=false"
      },
      "geometry": {
        "type": "Point",
        "coordinates": [
          110.36587565,
          -7.79146479
        ]
      }
    },
    {
      "type": "Feature",
      "properties": {
        "id": "1083",
        "slug": "malioboro-depan-kantor-dprd-diy",
        "name": "UPTMalio4_DepanDPRD",
        "alias_name": "Malioboro Depan Kantor DPRD DIY",
        "group_name": "UPT Malioboro",
        "pin_type": "cctv",
        "category": "kota, malioboro",
        "connected": true,
        "featured": false,
        "descr": "UPT Malioboro • kota, malioboro",
        "stream_url": "https://cctv.jogjaprov.go.id/cctv-proxy/cctv-uptmalioboro/UPTMalio4_DepanDPRD.stream/playlist.m3u8",
        "video_url": "https://cctv.jogjaprov.go.id/cctv-proxy/cctv-uptmalioboro/UPTMalio4_DepanDPRD.stream/playlist.m3u8",
        "cctv_link": "https://cctv.jogjaprov.go.id/cctv-proxy/cctv-uptmalioboro/UPTMalio4_DepanDPRD.stream/playlist.m3u8",
        "portal_url": "https://cctv.jogjaprov.go.id",
        "source_url": "https://cctv.jogjaprov.go.id/api/v1/location-pins?include=area,categories&filter%5Bhas_coords%5D=true&filter%5Bhas_slug%5D=true&filter%5Bevent_active%5D=true&filter%5Bdisabled%5D=false"
      },
      "geometry": {
        "type": "Point",
        "coordinates": [
          110.36578714,
          -7.79215839
        ]
      }
    },
    {
      "type": "Feature",
      "properties": {
        "id": "1084",
        "slug": "malioboro-simpang-perwakilan-utara-mallplaza-malioboro",
        "name": "UPTMalio5_Perwakilan",
        "alias_name": "Malioboro Simpang Perwakilan (utara Mall/Plaza Malioboro)",
        "group_name": "UPT Malioboro",
        "pin_type": "cctv",
        "category": "kota, simpang",
        "connected": true,
        "featured": false,
        "descr": "UPT Malioboro • kota, simpang",
        "stream_url": "https://cctv.jogjaprov.go.id/cctv-proxy/cctv-uptmalioboro/UPTMalio5_Perwakilan.stream/playlist.m3u8",
        "video_url": "https://cctv.jogjaprov.go.id/cctv-proxy/cctv-uptmalioboro/UPTMalio5_Perwakilan.stream/playlist.m3u8",
        "cctv_link": "https://cctv.jogjaprov.go.id/cctv-proxy/cctv-uptmalioboro/UPTMalio5_Perwakilan.stream/playlist.m3u8",
        "portal_url": "https://cctv.jogjaprov.go.id",
        "source_url": "https://cctv.jogjaprov.go.id/api/v1/location-pins?include=area,categories&filter%5Bhas_coords%5D=true&filter%5Bhas_slug%5D=true&filter%5Bevent_active%5D=true&filter%5Bdisabled%5D=false"
      },
      "geometry": {
        "type": "Point",
        "coordinates": [
          110.36573349,
          -7.79265267
        ]
      }
    },
    {
      "type": "Feature",
      "properties": {
        "id": "1085",
        "slug": "malioboro-depan-mallplaza-sebelah-utara",
        "name": "UPTMalio6_MallUtara",
        "alias_name": "Malioboro Depan Mall/Plaza Sebelah Utara",
        "group_name": "UPT Malioboro",
        "pin_type": "cctv",
        "category": "kota, malioboro",
        "connected": true,
        "featured": false,
        "descr": "UPT Malioboro • kota, malioboro",
        "stream_url": "https://cctv.jogjaprov.go.id/cctv-proxy/cctv-uptmalioboro/UPTMalio6_MallUtara.stream/playlist.m3u8",
        "video_url": "https://cctv.jogjaprov.go.id/cctv-proxy/cctv-uptmalioboro/UPTMalio6_MallUtara.stream/playlist.m3u8",
        "cctv_link": "https://cctv.jogjaprov.go.id/cctv-proxy/cctv-uptmalioboro/UPTMalio6_MallUtara.stream/playlist.m3u8",
        "portal_url": "https://cctv.jogjaprov.go.id",
        "source_url": "https://cctv.jogjaprov.go.id/api/v1/location-pins?include=area,categories&filter%5Bhas_coords%5D=true&filter%5Bhas_slug%5D=true&filter%5Bevent_active%5D=true&filter%5Bdisabled%5D=false"
      },
      "geometry": {
        "type": "Point",
        "coordinates": [
          110.36577758,
          -7.79289848
        ]
      }
    },
    {
      "type": "Feature",
      "properties": {
        "id": "1086",
        "slug": "malioboro-depan-mallplaza-sebelah-selatan",
        "name": "UPTMalio7_MallSelatan",
        "alias_name": "Malioboro Depan Mall/Plaza Sebelah Selatan",
        "group_name": "UPT Malioboro",
        "pin_type": "cctv",
        "category": "kota, malioboro",
        "connected": true,
        "featured": false,
        "descr": "UPT Malioboro • kota, malioboro",
        "stream_url": "https://cctv.jogjaprov.go.id/cctv-proxy/cctv-uptmalioboro/UPTMalio7_MallSelatan.stream/playlist.m3u8",
        "video_url": "https://cctv.jogjaprov.go.id/cctv-proxy/cctv-uptmalioboro/UPTMalio7_MallSelatan.stream/playlist.m3u8",
        "cctv_link": "https://cctv.jogjaprov.go.id/cctv-proxy/cctv-uptmalioboro/UPTMalio7_MallSelatan.stream/playlist.m3u8",
        "portal_url": "https://cctv.jogjaprov.go.id",
        "source_url": "https://cctv.jogjaprov.go.id/api/v1/location-pins?include=area,categories&filter%5Bhas_coords%5D=true&filter%5Bhas_slug%5D=true&filter%5Bevent_active%5D=true&filter%5Bdisabled%5D=false"
      },
      "geometry": {
        "type": "Point",
        "coordinates": [
          110.36563727,
          -7.7943818
        ]
      }
    },
    {
      "type": "Feature",
      "properties": {
        "id": "1087",
        "slug": "malioboro-depan-mutiara-concept-store",
        "name": "UPTMalio8_MutiaraLama",
        "alias_name": "Malioboro Depan Mutiara Concept Store",
        "group_name": "UPT Malioboro",
        "pin_type": "cctv",
        "category": "malioboro, kota",
        "connected": true,
        "featured": false,
        "descr": "UPT Malioboro • malioboro, kota",
        "stream_url": "https://cctv.jogjaprov.go.id/cctv-proxy/cctv-uptmalioboro/UPTMalio8_MutiaraLama.stream/playlist.m3u8",
        "video_url": "https://cctv.jogjaprov.go.id/cctv-proxy/cctv-uptmalioboro/UPTMalio8_MutiaraLama.stream/playlist.m3u8",
        "cctv_link": "https://cctv.jogjaprov.go.id/cctv-proxy/cctv-uptmalioboro/UPTMalio8_MutiaraLama.stream/playlist.m3u8",
        "portal_url": "https://cctv.jogjaprov.go.id",
        "source_url": "https://cctv.jogjaprov.go.id/api/v1/location-pins?include=area,categories&filter%5Bhas_coords%5D=true&filter%5Bhas_slug%5D=true&filter%5Bevent_active%5D=true&filter%5Bdisabled%5D=false"
      },
      "geometry": {
        "type": "Point",
        "coordinates": [
          110.3655605,
          -7.79440857
        ]
      }
    },
    {
      "type": "Feature",
      "properties": {
        "id": "1088",
        "slug": "malioboro-depan-hotel-mutiara",
        "name": "UPTMalio9_MutiaraBaru",
        "alias_name": "Malioboro Depan Hotel Mutiara",
        "group_name": "UPT Malioboro",
        "pin_type": "cctv",
        "category": "kota, malioboro",
        "connected": true,
        "featured": false,
        "descr": "UPT Malioboro • kota, malioboro",
        "stream_url": "https://cctv.jogjaprov.go.id/cctv-proxy/cctv-uptmalioboro/UPTMalio9_MutiaraBaru.stream/playlist.m3u8",
        "video_url": "https://cctv.jogjaprov.go.id/cctv-proxy/cctv-uptmalioboro/UPTMalio9_MutiaraBaru.stream/playlist.m3u8",
        "cctv_link": "https://cctv.jogjaprov.go.id/cctv-proxy/cctv-uptmalioboro/UPTMalio9_MutiaraBaru.stream/playlist.m3u8",
        "portal_url": "https://cctv.jogjaprov.go.id",
        "source_url": "https://cctv.jogjaprov.go.id/api/v1/location-pins?include=area,categories&filter%5Bhas_coords%5D=true&filter%5Bhas_slug%5D=true&filter%5Bevent_active%5D=true&filter%5Bdisabled%5D=false"
      },
      "geometry": {
        "type": "Point",
        "coordinates": [
          110.36551489,
          -7.794669
        ]
      }
    },
    {
      "type": "Feature",
      "properties": {
        "id": "1089",
        "slug": "malioboro-utara-hotel-inna-garuda",
        "name": "UPTMalio21_UtaraInnaGaruda",
        "alias_name": "Malioboro Utara Hotel Inna Garuda",
        "group_name": "UPT Malioboro",
        "pin_type": "cctv",
        "category": "kota, malioboro",
        "connected": true,
        "featured": false,
        "descr": "UPT Malioboro • kota, malioboro",
        "stream_url": "https://cctv.jogjaprov.go.id/cctv-proxy/cctv-uptmalioboro/UPTMalio21_UtaraInnaGaruda.stream/playlist.m3u8",
        "video_url": "https://cctv.jogjaprov.go.id/cctv-proxy/cctv-uptmalioboro/UPTMalio21_UtaraInnaGaruda.stream/playlist.m3u8",
        "cctv_link": "https://cctv.jogjaprov.go.id/cctv-proxy/cctv-uptmalioboro/UPTMalio21_UtaraInnaGaruda.stream/playlist.m3u8",
        "portal_url": "https://cctv.jogjaprov.go.id",
        "source_url": "https://cctv.jogjaprov.go.id/api/v1/location-pins?include=area,categories&filter%5Bhas_coords%5D=true&filter%5Bhas_slug%5D=true&filter%5Bevent_active%5D=true&filter%5Bdisabled%5D=false"
      },
      "geometry": {
        "type": "Point",
        "coordinates": [
          110.36634554,
          -7.79015422
        ]
      }
    },
    {
      "type": "Feature",
      "properties": {
        "id": "1090",
        "slug": "malioboro-simpang-pajeksan",
        "name": "UPTMalio22_SimpangPajeksan",
        "alias_name": "Malioboro Simpang Pajeksan",
        "group_name": "UPT Malioboro",
        "pin_type": "cctv",
        "category": "simpang, kota, PBTY 2026",
        "connected": true,
        "featured": false,
        "descr": "UPT Malioboro • simpang, kota, PBTY 2026",
        "stream_url": "https://cctv.jogjaprov.go.id/cctv-proxy/cctv-uptmalioboro/UPTMalio22_SimpangPajeksan.stream/playlist.m3u8",
        "video_url": "https://cctv.jogjaprov.go.id/cctv-proxy/cctv-uptmalioboro/UPTMalio22_SimpangPajeksan.stream/playlist.m3u8",
        "cctv_link": "https://cctv.jogjaprov.go.id/cctv-proxy/cctv-uptmalioboro/UPTMalio22_SimpangPajeksan.stream/playlist.m3u8",
        "portal_url": "https://cctv.jogjaprov.go.id",
        "source_url": "https://cctv.jogjaprov.go.id/api/v1/location-pins?include=area,categories&filter%5Bhas_coords%5D=true&filter%5Bhas_slug%5D=true&filter%5Bevent_active%5D=true&filter%5Bdisabled%5D=false"
      },
      "geometry": {
        "type": "Point",
        "coordinates": [
          110.36529829,
          -7.79629188
        ]
      }
    },
    {
      "type": "Feature",
      "properties": {
        "id": "1091",
        "slug": "malioboro-simpang-reksobayan",
        "name": "UPTMalio24_SimpangReksobayan",
        "alias_name": "Malioboro Simpang Reksobayan",
        "group_name": "UPT Malioboro",
        "pin_type": "cctv",
        "category": "kota, malioboro, simpang, PBTY 2026",
        "connected": true,
        "featured": false,
        "descr": "UPT Malioboro • kota, malioboro, simpang, PBTY 2026",
        "stream_url": "https://cctv.jogjaprov.go.id/cctv-proxy/cctv-uptmalioboro/UPTMalio24_SimpangReksobayan.stream/playlist.m3u8",
        "video_url": "https://cctv.jogjaprov.go.id/cctv-proxy/cctv-uptmalioboro/UPTMalio24_SimpangReksobayan.stream/playlist.m3u8",
        "cctv_link": "https://cctv.jogjaprov.go.id/cctv-proxy/cctv-uptmalioboro/UPTMalio24_SimpangReksobayan.stream/playlist.m3u8",
        "portal_url": "https://cctv.jogjaprov.go.id",
        "source_url": "https://cctv.jogjaprov.go.id/api/v1/location-pins?include=area,categories&filter%5Bhas_coords%5D=true&filter%5Bhas_slug%5D=true&filter%5Bevent_active%5D=true&filter%5Bdisabled%5D=false"
      },
      "geometry": {
        "type": "Point",
        "coordinates": [
          110.36492676,
          -7.79954276
        ]
      }
    },
    {
      "type": "Feature",
      "properties": {
        "id": "1092",
        "slug": "malioboro-utara-mallplaza-malioboro",
        "name": "UPTMalio25_UtaraMall",
        "alias_name": "Malioboro Utara Mall/Plaza Malioboro",
        "group_name": "UPT Malioboro",
        "pin_type": "cctv",
        "category": "malioboro, kota",
        "connected": true,
        "featured": false,
        "descr": "UPT Malioboro • malioboro, kota",
        "stream_url": "https://cctv.jogjaprov.go.id/cctv-proxy/cctv-uptmalioboro/UPTMalio25_UtaraMall.stream/playlist.m3u8",
        "video_url": "https://cctv.jogjaprov.go.id/cctv-proxy/cctv-uptmalioboro/UPTMalio25_UtaraMall.stream/playlist.m3u8",
        "cctv_link": "https://cctv.jogjaprov.go.id/cctv-proxy/cctv-uptmalioboro/UPTMalio25_UtaraMall.stream/playlist.m3u8",
        "portal_url": "https://cctv.jogjaprov.go.id",
        "source_url": "https://cctv.jogjaprov.go.id/api/v1/location-pins?include=area,categories&filter%5Bhas_coords%5D=true&filter%5Bhas_slug%5D=true&filter%5Bevent_active%5D=true&filter%5Bdisabled%5D=false"
      },
      "geometry": {
        "type": "Point",
        "coordinates": [
          110.36594857,
          -7.79279816
        ]
      }
    },
    {
      "type": "Feature",
      "properties": {
        "id": "1093",
        "slug": "malioboro-depan-vredeburg-arah-gedung-agung",
        "name": "UPTMalio_NolKmGedungAgung",
        "alias_name": "Malioboro Depan Vredeburg Arah Gedung Agung",
        "group_name": "UPT Malioboro",
        "pin_type": "cctv",
        "category": "simpang, kota, Gedung Agung, PBTY 2026",
        "connected": true,
        "featured": false,
        "descr": "UPT Malioboro • simpang, kota, Gedung Agung, PBTY 2026",
        "stream_url": "https://cctv.jogjaprov.go.id/cctv-proxy/cctv-uptmalioboro/UPTMalio_NolKmGedungAgung.stream/playlist.m3u8",
        "video_url": "https://cctv.jogjaprov.go.id/cctv-proxy/cctv-uptmalioboro/UPTMalio_NolKmGedungAgung.stream/playlist.m3u8",
        "cctv_link": "https://cctv.jogjaprov.go.id/cctv-proxy/cctv-uptmalioboro/UPTMalio_NolKmGedungAgung.stream/playlist.m3u8",
        "portal_url": "https://cctv.jogjaprov.go.id",
        "source_url": "https://cctv.jogjaprov.go.id/api/v1/location-pins?include=area,categories&filter%5Bhas_coords%5D=true&filter%5Bhas_slug%5D=true&filter%5Bevent_active%5D=true&filter%5Bdisabled%5D=false"
      },
      "geometry": {
        "type": "Point",
        "coordinates": [
          110.36494396,
          -7.80031789
        ]
      }
    },
    {
      "type": "Feature",
      "properties": {
        "id": "1094",
        "slug": "malioboro-nolkm-arah-utara",
        "name": "UPTMalio_NolKmUtara",
        "alias_name": "Malioboro Nolkm Arah Utara",
        "group_name": "UPT Malioboro",
        "pin_type": "cctv",
        "category": "kota, malioboro, Nol Kilometer, PBTY 2026",
        "connected": true,
        "featured": false,
        "descr": "UPT Malioboro • kota, malioboro, Nol Kilometer, PBTY 2026",
        "stream_url": "https://cctv.jogjaprov.go.id/cctv-proxy/cctv-uptmalioboro/UPTMalio_NolKmUtara.stream/playlist.m3u8",
        "video_url": "https://cctv.jogjaprov.go.id/cctv-proxy/cctv-uptmalioboro/UPTMalio_NolKmUtara.stream/playlist.m3u8",
        "cctv_link": "https://cctv.jogjaprov.go.id/cctv-proxy/cctv-uptmalioboro/UPTMalio_NolKmUtara.stream/playlist.m3u8",
        "portal_url": "https://cctv.jogjaprov.go.id",
        "source_url": "https://cctv.jogjaprov.go.id/api/v1/location-pins?include=area,categories&filter%5Bhas_coords%5D=true&filter%5Bhas_slug%5D=true&filter%5Bevent_active%5D=true&filter%5Bdisabled%5D=false"
      },
      "geometry": {
        "type": "Point",
        "coordinates": [
          110.36495469,
          -7.80100351
        ]
      }
    },
    {
      "type": "Feature",
      "properties": {
        "id": "1095",
        "slug": "malioboro-nolkm-arah-timur",
        "name": "UPTMalio_NolKm_Timur",
        "alias_name": "Malioboro Nolkm Arah Timur",
        "group_name": "UPT Malioboro",
        "pin_type": "cctv",
        "category": "kota, malioboro, Nol Kilometer, PBTY 2026",
        "connected": true,
        "featured": true,
        "descr": "UPT Malioboro • kota, malioboro, Nol Kilometer, PBTY 2026",
        "stream_url": "https://cctv.jogjaprov.go.id/cctv-proxy/cctv-uptmalioboro/UPTMalio_NolKm_Timur.stream/playlist.m3u8",
        "video_url": "https://cctv.jogjaprov.go.id/cctv-proxy/cctv-uptmalioboro/UPTMalio_NolKm_Timur.stream/playlist.m3u8",
        "cctv_link": "https://cctv.jogjaprov.go.id/cctv-proxy/cctv-uptmalioboro/UPTMalio_NolKm_Timur.stream/playlist.m3u8",
        "portal_url": "https://cctv.jogjaprov.go.id",
        "source_url": "https://cctv.jogjaprov.go.id/api/v1/location-pins?include=area,categories&filter%5Bhas_coords%5D=true&filter%5Bhas_slug%5D=true&filter%5Bevent_active%5D=true&filter%5Bdisabled%5D=false"
      },
      "geometry": {
        "type": "Point",
        "coordinates": [
          110.36502711,
          -7.80127998
        ]
      }
    },
    {
      "type": "Feature",
      "properties": {
        "id": "1096",
        "slug": "malioboro-depan-bpd-kepatihan",
        "name": "UPTMalio23_Depan_BPD_Kepatihan",
        "alias_name": "Malioboro Depan BPD Kepatihan",
        "group_name": "UPT Malioboro",
        "pin_type": "cctv",
        "category": "malioboro, kota",
        "connected": true,
        "featured": false,
        "descr": "UPT Malioboro • malioboro, kota",
        "stream_url": "https://cctv.jogjaprov.go.id/cctv-proxy/cctv-uptmalioboro/UPTMalio23_Depan_BPD_Kepatihan.stream/playlist.m3u8",
        "video_url": "https://cctv.jogjaprov.go.id/cctv-proxy/cctv-uptmalioboro/UPTMalio23_Depan_BPD_Kepatihan.stream/playlist.m3u8",
        "cctv_link": "https://cctv.jogjaprov.go.id/cctv-proxy/cctv-uptmalioboro/UPTMalio23_Depan_BPD_Kepatihan.stream/playlist.m3u8",
        "portal_url": "https://cctv.jogjaprov.go.id",
        "source_url": "https://cctv.jogjaprov.go.id/api/v1/location-pins?include=area,categories&filter%5Bhas_coords%5D=true&filter%5Bhas_slug%5D=true&filter%5Bevent_active%5D=true&filter%5Bdisabled%5D=false"
      },
      "geometry": {
        "type": "Point",
        "coordinates": [
          110.36542621,
          -7.79542691
        ]
      }
    },
    {
      "type": "Feature",
      "properties": {
        "id": "1097",
        "slug": "simpang-kleringan-view-selatan",
        "name": "Kleringan1",
        "alias_name": "Simpang Kleringan (view Selatan)",
        "group_name": "Dinas Perhubungan DIY",
        "pin_type": "cctv",
        "category": "simpang, kota",
        "connected": true,
        "featured": false,
        "descr": "Dinas Perhubungan DIY • simpang, kota",
        "stream_url": "https://cctv.jogjaprov.go.id/cctv-proxy/atcs/Kleringan1.stream/playlist.m3u8",
        "video_url": "https://cctv.jogjaprov.go.id/cctv-proxy/atcs/Kleringan1.stream/playlist.m3u8",
        "cctv_link": "https://cctv.jogjaprov.go.id/cctv-proxy/atcs/Kleringan1.stream/playlist.m3u8",
        "portal_url": "https://cctv.jogjaprov.go.id",
        "source_url": "https://cctv.jogjaprov.go.id/api/v1/location-pins?include=area,categories&filter%5Bhas_coords%5D=true&filter%5Bhas_slug%5D=true&filter%5Bevent_active%5D=true&filter%5Bdisabled%5D=false"
      },
      "geometry": {
        "type": "Point",
        "coordinates": [
          110.36753142,
          -7.79004102
        ]
      }
    },
    {
      "type": "Feature",
      "properties": {
        "id": "1098",
        "slug": "simpang-srandakan",
        "name": "Srandakan",
        "alias_name": "Simpang Srandakan",
        "group_name": "Dinas Perhubungan DIY",
        "pin_type": "cctv",
        "category": "simpang, bantul",
        "connected": true,
        "featured": false,
        "descr": "Dinas Perhubungan DIY • simpang, bantul",
        "stream_url": "https://cctv.jogjaprov.go.id/cctv-proxy/atcs/Srandakan.stream/playlist.m3u8",
        "video_url": "https://cctv.jogjaprov.go.id/cctv-proxy/atcs/Srandakan.stream/playlist.m3u8",
        "cctv_link": "https://cctv.jogjaprov.go.id/cctv-proxy/atcs/Srandakan.stream/playlist.m3u8",
        "portal_url": "https://cctv.jogjaprov.go.id",
        "source_url": "https://cctv.jogjaprov.go.id/api/v1/location-pins?include=area,categories&filter%5Bhas_coords%5D=true&filter%5Bhas_slug%5D=true&filter%5Bevent_active%5D=true&filter%5Bdisabled%5D=false"
      },
      "geometry": {
        "type": "Point",
        "coordinates": [
          110.27279607,
          -7.93064802
        ]
      }
    },
    {
      "type": "Feature",
      "properties": {
        "id": "1099",
        "slug": "maguwobarat",
        "name": "MaguwoBarat",
        "alias_name": "MaguwoBarat",
        "group_name": "Dinas Perhubungan DIY",
        "pin_type": "cctv",
        "category": "simpang, sleman",
        "connected": false,
        "featured": false,
        "descr": "Dinas Perhubungan DIY • simpang, sleman",
        "stream_url": "https://cctv.jogjaprov.go.id/cctv-proxy/atcs/MaguwoBarat.stream/playlist.m3u8",
        "video_url": "https://cctv.jogjaprov.go.id/cctv-proxy/atcs/MaguwoBarat.stream/playlist.m3u8",
        "cctv_link": "https://cctv.jogjaprov.go.id/cctv-proxy/atcs/MaguwoBarat.stream/playlist.m3u8",
        "portal_url": "https://cctv.jogjaprov.go.id",
        "source_url": "https://cctv.jogjaprov.go.id/api/v1/location-pins?include=area,categories&filter%5Bhas_coords%5D=true&filter%5Bhas_slug%5D=true&filter%5Bevent_active%5D=true&filter%5Bdisabled%5D=false"
      },
      "geometry": {
        "type": "Point",
        "coordinates": [
          110.42944779,
          -7.78345041
        ]
      }
    },
    {
      "type": "Feature",
      "properties": {
        "id": "1100",
        "slug": "tempel1",
        "name": "Tempel1",
        "alias_name": "Tempel1",
        "group_name": "Dinas Perhubungan DIY",
        "pin_type": "cctv",
        "category": "simpang, sleman",
        "connected": false,
        "featured": false,
        "descr": "Dinas Perhubungan DIY • simpang, sleman",
        "stream_url": "https://cctv.jogjaprov.go.id/cctv-proxy/atcs/Tempel1.stream/playlist.m3u8",
        "video_url": "https://cctv.jogjaprov.go.id/cctv-proxy/atcs/Tempel1.stream/playlist.m3u8",
        "cctv_link": "https://cctv.jogjaprov.go.id/cctv-proxy/atcs/Tempel1.stream/playlist.m3u8",
        "portal_url": "https://cctv.jogjaprov.go.id",
        "source_url": "https://cctv.jogjaprov.go.id/api/v1/location-pins?include=area,categories&filter%5Bhas_coords%5D=true&filter%5Bhas_slug%5D=true&filter%5Bevent_active%5D=true&filter%5Bdisabled%5D=false"
      },
      "geometry": {
        "type": "Point",
        "coordinates": [
          110.32578078,
          -7.65411673
        ]
      }
    },
    {
      "type": "Feature",
      "properties": {
        "id": "1101",
        "slug": "simpang-druwo",
        "name": "Druwo",
        "alias_name": "Simpang Druwo",
        "group_name": "Dinas Perhubungan DIY",
        "pin_type": "cctv",
        "category": "simpang, bantul",
        "connected": true,
        "featured": false,
        "descr": "Dinas Perhubungan DIY • simpang, bantul",
        "stream_url": "https://cctv.jogjaprov.go.id/cctv-proxy/atcs/Druwo.stream/playlist.m3u8",
        "video_url": "https://cctv.jogjaprov.go.id/cctv-proxy/atcs/Druwo.stream/playlist.m3u8",
        "cctv_link": "https://cctv.jogjaprov.go.id/cctv-proxy/atcs/Druwo.stream/playlist.m3u8",
        "portal_url": "https://cctv.jogjaprov.go.id",
        "source_url": "https://cctv.jogjaprov.go.id/api/v1/location-pins?include=area,categories&filter%5Bhas_coords%5D=true&filter%5Bhas_slug%5D=true&filter%5Bevent_active%5D=true&filter%5Bdisabled%5D=false"
      },
      "geometry": {
        "type": "Point",
        "coordinates": [
          110.36562622,
          -7.83537623
        ]
      }
    },
    {
      "type": "Feature",
      "properties": {
        "id": "1102",
        "slug": "simpang-toyan",
        "name": "Toyan",
        "alias_name": "Simpang Toyan",
        "group_name": "Dinas Perhubungan DIY",
        "pin_type": "cctv",
        "category": "kulonprogo, simpang",
        "connected": false,
        "featured": false,
        "descr": "Dinas Perhubungan DIY • kulonprogo, simpang",
        "stream_url": "https://cctv.jogjaprov.go.id/cctv-proxy/atcs/Toyan.stream/playlist.m3u8",
        "video_url": "https://cctv.jogjaprov.go.id/cctv-proxy/atcs/Toyan.stream/playlist.m3u8",
        "cctv_link": "https://cctv.jogjaprov.go.id/cctv-proxy/atcs/Toyan.stream/playlist.m3u8",
        "portal_url": "https://cctv.jogjaprov.go.id",
        "source_url": "https://cctv.jogjaprov.go.id/api/v1/location-pins?include=area,categories&filter%5Bhas_coords%5D=true&filter%5Bhas_slug%5D=true&filter%5Bevent_active%5D=true&filter%5Bdisabled%5D=false"
      },
      "geometry": {
        "type": "Point",
        "coordinates": [
          110.12933761,
          -7.89220293
        ]
      }
    },
    {
      "type": "Feature",
      "properties": {
        "id": "1103",
        "slug": "simpang-kasihan",
        "name": "Kasihan",
        "alias_name": "Simpang Kasihan",
        "group_name": "Dinas Perhubungan DIY",
        "pin_type": "cctv",
        "category": "simpang, bantul",
        "connected": false,
        "featured": false,
        "descr": "Dinas Perhubungan DIY • simpang, bantul",
        "stream_url": "https://cctv.jogjaprov.go.id/cctv-proxy/atcs/Kasihan.stream/playlist.m3u8",
        "video_url": "https://cctv.jogjaprov.go.id/cctv-proxy/atcs/Kasihan.stream/playlist.m3u8",
        "cctv_link": "https://cctv.jogjaprov.go.id/cctv-proxy/atcs/Kasihan.stream/playlist.m3u8",
        "portal_url": "https://cctv.jogjaprov.go.id",
        "source_url": "https://cctv.jogjaprov.go.id/api/v1/location-pins?include=area,categories&filter%5Bhas_coords%5D=true&filter%5Bhas_slug%5D=true&filter%5Bevent_active%5D=true&filter%5Bdisabled%5D=false"
      },
      "geometry": {
        "type": "Point",
        "coordinates": [
          110.32815868,
          -7.8222195
        ]
      }
    },
    {
      "type": "Feature",
      "properties": {
        "id": "1104",
        "slug": "simpang-uin",
        "name": "UIN2",
        "alias_name": "Simpang UIN",
        "group_name": "Dinas Perhubungan DIY",
        "pin_type": "cctv",
        "category": "sleman",
        "connected": true,
        "featured": false,
        "descr": "Dinas Perhubungan DIY • sleman",
        "stream_url": "https://cctv.jogjaprov.go.id/cctv-proxy/atcs/UIN2.stream/playlist.m3u8",
        "video_url": "https://cctv.jogjaprov.go.id/cctv-proxy/atcs/UIN2.stream/playlist.m3u8",
        "cctv_link": "https://cctv.jogjaprov.go.id/cctv-proxy/atcs/UIN2.stream/playlist.m3u8",
        "portal_url": "https://cctv.jogjaprov.go.id",
        "source_url": "https://cctv.jogjaprov.go.id/api/v1/location-pins?include=area,categories&filter%5Bhas_coords%5D=true&filter%5Bhas_slug%5D=true&filter%5Bevent_active%5D=true&filter%5Bdisabled%5D=false"
      },
      "geometry": {
        "type": "Point",
        "coordinates": [
          110.39504621,
          -7.78328573
        ]
      }
    },
    {
      "type": "Feature",
      "properties": {
        "id": "1105",
        "slug": "simpang-ngasem-jakal",
        "name": "Ngasem",
        "alias_name": "Simpang Ngasem-Jakal",
        "group_name": "Dinas Perhubungan DIY",
        "pin_type": "cctv",
        "category": "simpang, sleman",
        "connected": true,
        "featured": false,
        "descr": "Dinas Perhubungan DIY • simpang, sleman",
        "stream_url": "https://cctv.jogjaprov.go.id/cctv-proxy/atcs/Ngasem.stream/playlist.m3u8",
        "video_url": "https://cctv.jogjaprov.go.id/cctv-proxy/atcs/Ngasem.stream/playlist.m3u8",
        "cctv_link": "https://cctv.jogjaprov.go.id/cctv-proxy/atcs/Ngasem.stream/playlist.m3u8",
        "portal_url": "https://cctv.jogjaprov.go.id",
        "source_url": "https://cctv.jogjaprov.go.id/api/v1/location-pins?include=area,categories&filter%5Bhas_coords%5D=true&filter%5Bhas_slug%5D=true&filter%5Bevent_active%5D=true&filter%5Bdisabled%5D=false"
      },
      "geometry": {
        "type": "Point",
        "coordinates": [
          110.39984492,
          -7.72651789
        ]
      }
    },
    {
      "type": "Feature",
      "properties": {
        "id": "1106",
        "slug": "glagah-view-timur",
        "name": "GlagahTimur",
        "alias_name": "Glagah view Timur",
        "group_name": "Dinas Perhubungan DIY",
        "pin_type": "cctv",
        "category": "",
        "connected": true,
        "featured": false,
        "descr": "Dinas Perhubungan DIY",
        "stream_url": "https://cctv.jogjaprov.go.id/cctv-proxy/atcs/GlagahTimur.stream/playlist.m3u8",
        "video_url": "https://cctv.jogjaprov.go.id/cctv-proxy/atcs/GlagahTimur.stream/playlist.m3u8",
        "cctv_link": "https://cctv.jogjaprov.go.id/cctv-proxy/atcs/GlagahTimur.stream/playlist.m3u8",
        "portal_url": "https://cctv.jogjaprov.go.id",
        "source_url": "https://cctv.jogjaprov.go.id/api/v1/location-pins?include=area,categories&filter%5Bhas_coords%5D=true&filter%5Bhas_slug%5D=true&filter%5Bevent_active%5D=true&filter%5Bdisabled%5D=false"
      },
      "geometry": {
        "type": "Point",
        "coordinates": [
          110.09288623,
          -7.88805466
        ]
      }
    },
    {
      "type": "Feature",
      "properties": {
        "id": "1107",
        "slug": "simpang-siluwok-arah-timur",
        "name": "SiluwokTimur",
        "alias_name": "Simpang Siluwok arah Timur",
        "group_name": "Dinas Perhubungan DIY",
        "pin_type": "cctv",
        "category": "kulon progo",
        "connected": true,
        "featured": false,
        "descr": "Dinas Perhubungan DIY • kulon progo",
        "stream_url": "https://cctv.jogjaprov.go.id/cctv-proxy/atcs/SiluwokTimur.stream/playlist.m3u8",
        "video_url": "https://cctv.jogjaprov.go.id/cctv-proxy/atcs/SiluwokTimur.stream/playlist.m3u8",
        "cctv_link": "https://cctv.jogjaprov.go.id/cctv-proxy/atcs/SiluwokTimur.stream/playlist.m3u8",
        "portal_url": "https://cctv.jogjaprov.go.id",
        "source_url": "https://cctv.jogjaprov.go.id/api/v1/location-pins?include=area,categories&filter%5Bhas_coords%5D=true&filter%5Bhas_slug%5D=true&filter%5Bevent_active%5D=true&filter%5Bdisabled%5D=false"
      },
      "geometry": {
        "type": "Point",
        "coordinates": [
          110.1090532,
          -7.89025797
        ]
      }
    },
    {
      "type": "Feature",
      "properties": {
        "id": "1108",
        "slug": "melia",
        "name": "Melia",
        "alias_name": "Melia",
        "group_name": "Dinas Perhubungan DIY",
        "pin_type": "cctv",
        "category": "simpang, kota, PBTY 2026",
        "connected": true,
        "featured": false,
        "descr": "Dinas Perhubungan DIY • simpang, kota, PBTY 2026",
        "stream_url": "https://cctv.jogjaprov.go.id/cctv-proxy/atcs/Melia.stream/playlist.m3u8",
        "video_url": "https://cctv.jogjaprov.go.id/cctv-proxy/atcs/Melia.stream/playlist.m3u8",
        "cctv_link": "https://cctv.jogjaprov.go.id/cctv-proxy/atcs/Melia.stream/playlist.m3u8",
        "portal_url": "https://cctv.jogjaprov.go.id",
        "source_url": "https://cctv.jogjaprov.go.id/api/v1/location-pins?include=area,categories&filter%5Bhas_coords%5D=true&filter%5Bhas_slug%5D=true&filter%5Bevent_active%5D=true&filter%5Bdisabled%5D=false"
      },
      "geometry": {
        "type": "Point",
        "coordinates": [
          110.36904663,
          -7.79689333
        ]
      }
    },
    {
      "type": "Feature",
      "properties": {
        "id": "1109",
        "slug": "simpang-demen-glagah-traffic-counting",
        "name": "DemenGlagah_TC",
        "alias_name": "Simpang Demen Glagah (Traffic Counting)",
        "group_name": "Dinas Perhubungan DIY",
        "pin_type": "cctv",
        "category": "simpang, kulon progo",
        "connected": true,
        "featured": false,
        "descr": "Dinas Perhubungan DIY • simpang, kulon progo",
        "stream_url": "https://cctv.jogjaprov.go.id/cctv-proxy/atcs/DemenGlagah_TC.stream/playlist.m3u8",
        "video_url": "https://cctv.jogjaprov.go.id/cctv-proxy/atcs/DemenGlagah_TC.stream/playlist.m3u8",
        "cctv_link": "https://cctv.jogjaprov.go.id/cctv-proxy/atcs/DemenGlagah_TC.stream/playlist.m3u8",
        "portal_url": "https://cctv.jogjaprov.go.id",
        "source_url": "https://cctv.jogjaprov.go.id/api/v1/location-pins?include=area,categories&filter%5Bhas_coords%5D=true&filter%5Bhas_slug%5D=true&filter%5Bevent_active%5D=true&filter%5Bdisabled%5D=false"
      },
      "geometry": {
        "type": "Point",
        "coordinates": [
          110.09245906,
          -7.88819357
        ]
      }
    },
    {
      "type": "Feature",
      "properties": {
        "id": "1111",
        "slug": "simpang-giwangan-arah-pintu-keluar-terminal",
        "name": "Giwangan",
        "alias_name": "Simpang Giwangan (arah pintu keluar terminal)",
        "group_name": "Dinas Perhubungan DIY",
        "pin_type": "cctv",
        "category": "kota, Terminal",
        "connected": true,
        "featured": false,
        "descr": "Dinas Perhubungan DIY • kota, Terminal",
        "stream_url": "https://cctv.jogjaprov.go.id/cctv-proxy/atcs/Giwangan.stream/playlist.m3u8",
        "video_url": "https://cctv.jogjaprov.go.id/cctv-proxy/atcs/Giwangan.stream/playlist.m3u8",
        "cctv_link": "https://cctv.jogjaprov.go.id/cctv-proxy/atcs/Giwangan.stream/playlist.m3u8",
        "portal_url": "https://cctv.jogjaprov.go.id",
        "source_url": "https://cctv.jogjaprov.go.id/api/v1/location-pins?include=area,categories&filter%5Bhas_coords%5D=true&filter%5Bhas_slug%5D=true&filter%5Bevent_active%5D=true&filter%5Bdisabled%5D=false"
      },
      "geometry": {
        "type": "Point",
        "coordinates": [
          110.39149615,
          -7.8364011
        ]
      }
    },
    {
      "type": "Feature",
      "properties": {
        "id": "1112",
        "slug": "selokanmataram",
        "name": "SelokanMataram",
        "alias_name": "SelokanMataram",
        "group_name": "Dinas Perhubungan DIY",
        "pin_type": "cctv",
        "category": "simpang, sleman",
        "connected": false,
        "featured": false,
        "descr": "Dinas Perhubungan DIY • simpang, sleman",
        "stream_url": "https://cctv.jogjaprov.go.id/cctv-proxy/atcs/SelokanMataram.stream/playlist.m3u8",
        "video_url": "https://cctv.jogjaprov.go.id/cctv-proxy/atcs/SelokanMataram.stream/playlist.m3u8",
        "cctv_link": "https://cctv.jogjaprov.go.id/cctv-proxy/atcs/SelokanMataram.stream/playlist.m3u8",
        "portal_url": "https://cctv.jogjaprov.go.id",
        "source_url": "https://cctv.jogjaprov.go.id/api/v1/location-pins?include=area,categories&filter%5Bhas_coords%5D=true&filter%5Bhas_slug%5D=true&filter%5Bevent_active%5D=true&filter%5Bdisabled%5D=false"
      },
      "geometry": {
        "type": "Point",
        "coordinates": [
          110.36193258,
          -7.76131041
        ]
      }
    },
    {
      "type": "Feature",
      "properties": {
        "id": "1114",
        "slug": "simpang-dongkelan",
        "name": "Dongkelan2",
        "alias_name": "Simpang Dongkelan",
        "group_name": "Dinas Perhubungan DIY",
        "pin_type": "cctv",
        "category": "simpang, bantul",
        "connected": true,
        "featured": false,
        "descr": "Dinas Perhubungan DIY • simpang, bantul",
        "stream_url": "https://cctv.jogjaprov.go.id/cctv-proxy/atcs/Dongkelan2.stream/playlist.m3u8",
        "video_url": "https://cctv.jogjaprov.go.id/cctv-proxy/atcs/Dongkelan2.stream/playlist.m3u8",
        "cctv_link": "https://cctv.jogjaprov.go.id/cctv-proxy/atcs/Dongkelan2.stream/playlist.m3u8",
        "portal_url": "https://cctv.jogjaprov.go.id",
        "source_url": "https://cctv.jogjaprov.go.id/api/v1/location-pins?include=area,categories&filter%5Bhas_coords%5D=true&filter%5Bhas_slug%5D=true&filter%5Bevent_active%5D=true&filter%5Bdisabled%5D=false"
      },
      "geometry": {
        "type": "Point",
        "coordinates": [
          110.35396414,
          -7.82784643
        ]
      }
    },
    {
      "type": "Feature",
      "properties": {
        "id": "1115",
        "slug": "simpang-janti",
        "name": "Janti",
        "alias_name": "Simpang Janti",
        "group_name": "Dinas Perhubungan DIY",
        "pin_type": "cctv",
        "category": "simpang, sleman",
        "connected": true,
        "featured": false,
        "descr": "Dinas Perhubungan DIY • simpang, sleman",
        "stream_url": "https://cctv.jogjaprov.go.id/cctv-proxy/atcs/Janti.stream/playlist.m3u8",
        "video_url": "https://cctv.jogjaprov.go.id/cctv-proxy/atcs/Janti.stream/playlist.m3u8",
        "cctv_link": "https://cctv.jogjaprov.go.id/cctv-proxy/atcs/Janti.stream/playlist.m3u8",
        "portal_url": "https://cctv.jogjaprov.go.id",
        "source_url": "https://cctv.jogjaprov.go.id/api/v1/location-pins?include=area,categories&filter%5Bhas_coords%5D=true&filter%5Bhas_slug%5D=true&filter%5Bevent_active%5D=true&filter%5Bdisabled%5D=false"
      },
      "geometry": {
        "type": "Point",
        "coordinates": [
          110.41032127,
          -7.78340429
        ]
      }
    },
    {
      "type": "Feature",
      "properties": {
        "id": "1117",
        "slug": "besi",
        "name": "Besi",
        "alias_name": "Besi",
        "group_name": "Dinas Perhubungan DIY",
        "pin_type": "cctv",
        "category": "simpang, sleman",
        "connected": true,
        "featured": false,
        "descr": "Dinas Perhubungan DIY • simpang, sleman",
        "stream_url": "https://cctv.jogjaprov.go.id/cctv-proxy/atcs/Besi.stream/playlist.m3u8",
        "video_url": "https://cctv.jogjaprov.go.id/cctv-proxy/atcs/Besi.stream/playlist.m3u8",
        "cctv_link": "https://cctv.jogjaprov.go.id/cctv-proxy/atcs/Besi.stream/playlist.m3u8",
        "portal_url": "https://cctv.jogjaprov.go.id",
        "source_url": "https://cctv.jogjaprov.go.id/api/v1/location-pins?include=area,categories&filter%5Bhas_coords%5D=true&filter%5Bhas_slug%5D=true&filter%5Bevent_active%5D=true&filter%5Bdisabled%5D=false"
      },
      "geometry": {
        "type": "Point",
        "coordinates": [
          110.4152766,
          -7.70051587
        ]
      }
    },
    {
      "type": "Feature",
      "properties": {
        "id": "1118",
        "slug": "bandara-adi-sucipto-selatan",
        "name": "BandaraSelatan",
        "alias_name": "Bandara Adi Sucipto Selatan",
        "group_name": "Dinas Perhubungan DIY",
        "pin_type": "cctv",
        "category": "simpang, sleman, bandara",
        "connected": true,
        "featured": false,
        "descr": "Dinas Perhubungan DIY • simpang, sleman, bandara",
        "stream_url": "https://cctv.jogjaprov.go.id/cctv-proxy/atcs/BandaraSelatan.stream/playlist.m3u8",
        "video_url": "https://cctv.jogjaprov.go.id/cctv-proxy/atcs/BandaraSelatan.stream/playlist.m3u8",
        "cctv_link": "https://cctv.jogjaprov.go.id/cctv-proxy/atcs/BandaraSelatan.stream/playlist.m3u8",
        "portal_url": "https://cctv.jogjaprov.go.id",
        "source_url": "https://cctv.jogjaprov.go.id/api/v1/location-pins?include=area,categories&filter%5Bhas_coords%5D=true&filter%5Bhas_slug%5D=true&filter%5Bevent_active%5D=true&filter%5Bdisabled%5D=false"
      },
      "geometry": {
        "type": "Point",
        "coordinates": [
          110.4379092,
          -7.78374206
        ]
      }
    },
    {
      "type": "Feature",
      "properties": {
        "id": "1119",
        "slug": "simpang-dongkelan-view-barat",
        "name": "DongkelanBarat",
        "alias_name": "Simpang Dongkelan view Barat",
        "group_name": "Dinas Perhubungan DIY",
        "pin_type": "cctv",
        "category": "simpang, bantul",
        "connected": false,
        "featured": false,
        "descr": "Dinas Perhubungan DIY • simpang, bantul",
        "stream_url": "https://cctv.jogjaprov.go.id/cctv-proxy/atcs/DongkelanBarat.stream/playlist.m3u8",
        "video_url": "https://cctv.jogjaprov.go.id/cctv-proxy/atcs/DongkelanBarat.stream/playlist.m3u8",
        "cctv_link": "https://cctv.jogjaprov.go.id/cctv-proxy/atcs/DongkelanBarat.stream/playlist.m3u8",
        "portal_url": "https://cctv.jogjaprov.go.id",
        "source_url": "https://cctv.jogjaprov.go.id/api/v1/location-pins?include=area,categories&filter%5Bhas_coords%5D=true&filter%5Bhas_slug%5D=true&filter%5Bevent_active%5D=true&filter%5Bdisabled%5D=false"
      },
      "geometry": {
        "type": "Point",
        "coordinates": [
          110.35379848,
          -7.82766458
        ]
      }
    },
    {
      "type": "Feature",
      "properties": {
        "id": "1121",
        "slug": "simpang-srandakan-arah-timur",
        "name": "SrandakanTimur",
        "alias_name": "Simpang Srandakan (arah timur)",
        "group_name": "Dinas Perhubungan DIY",
        "pin_type": "cctv",
        "category": "simpang, bantul",
        "connected": true,
        "featured": false,
        "descr": "Dinas Perhubungan DIY • simpang, bantul",
        "stream_url": "https://cctv.jogjaprov.go.id/cctv-proxy/atcs/SrandakanTimur.stream/playlist.m3u8",
        "video_url": "https://cctv.jogjaprov.go.id/cctv-proxy/atcs/SrandakanTimur.stream/playlist.m3u8",
        "cctv_link": "https://cctv.jogjaprov.go.id/cctv-proxy/atcs/SrandakanTimur.stream/playlist.m3u8",
        "portal_url": "https://cctv.jogjaprov.go.id",
        "source_url": "https://cctv.jogjaprov.go.id/api/v1/location-pins?include=area,categories&filter%5Bhas_coords%5D=true&filter%5Bhas_slug%5D=true&filter%5Bevent_active%5D=true&filter%5Bdisabled%5D=false"
      },
      "geometry": {
        "type": "Point",
        "coordinates": [
          110.27293957,
          -7.93065665
        ]
      }
    },
    {
      "type": "Feature",
      "properties": {
        "id": "1122",
        "slug": "pogung",
        "name": "Pogung",
        "alias_name": "Pogung",
        "group_name": "Dinas Perhubungan DIY",
        "pin_type": "cctv",
        "category": "simpang, sleman",
        "connected": true,
        "featured": false,
        "descr": "Dinas Perhubungan DIY • simpang, sleman",
        "stream_url": "https://cctv.jogjaprov.go.id/cctv-proxy/atcs/Pogung.stream/playlist.m3u8",
        "video_url": "https://cctv.jogjaprov.go.id/cctv-proxy/atcs/Pogung.stream/playlist.m3u8",
        "cctv_link": "https://cctv.jogjaprov.go.id/cctv-proxy/atcs/Pogung.stream/playlist.m3u8",
        "portal_url": "https://cctv.jogjaprov.go.id",
        "source_url": "https://cctv.jogjaprov.go.id/api/v1/location-pins?include=area,categories&filter%5Bhas_coords%5D=true&filter%5Bhas_slug%5D=true&filter%5Bevent_active%5D=true&filter%5Bdisabled%5D=false"
      },
      "geometry": {
        "type": "Point",
        "coordinates": [
          110.36934969,
          -7.76180625
        ]
      }
    },
    {
      "type": "Feature",
      "properties": {
        "id": "1123",
        "slug": "simpang-prambanan-traffic-counting",
        "name": "Prambanan_TC",
        "alias_name": "Simpang Prambanan (Traffic Counting)",
        "group_name": "Dinas Perhubungan DIY",
        "pin_type": "cctv",
        "category": "simpang, sleman",
        "connected": false,
        "featured": false,
        "descr": "Dinas Perhubungan DIY • simpang, sleman",
        "stream_url": "https://cctv.jogjaprov.go.id/cctv-proxy/atcs/Prambanan_TC.stream/playlist.m3u8",
        "video_url": "https://cctv.jogjaprov.go.id/cctv-proxy/atcs/Prambanan_TC.stream/playlist.m3u8",
        "cctv_link": "https://cctv.jogjaprov.go.id/cctv-proxy/atcs/Prambanan_TC.stream/playlist.m3u8",
        "portal_url": "https://cctv.jogjaprov.go.id",
        "source_url": "https://cctv.jogjaprov.go.id/api/v1/location-pins?include=area,categories&filter%5Bhas_coords%5D=true&filter%5Bhas_slug%5D=true&filter%5Bevent_active%5D=true&filter%5Bdisabled%5D=false"
      },
      "geometry": {
        "type": "Point",
        "coordinates": [
          110.48894267,
          -7.75541294
        ]
      }
    },
    {
      "type": "Feature",
      "properties": {
        "id": "1124",
        "slug": "simpang-madukismo",
        "name": "MaduKismo",
        "alias_name": "Simpang MaduKismo",
        "group_name": "Dinas Perhubungan DIY",
        "pin_type": "cctv",
        "category": "simpang, bantul",
        "connected": true,
        "featured": false,
        "descr": "Dinas Perhubungan DIY • simpang, bantul",
        "stream_url": "https://cctv.jogjaprov.go.id/cctv-proxy/atcs/MaduKismo.stream/playlist.m3u8",
        "video_url": "https://cctv.jogjaprov.go.id/cctv-proxy/atcs/MaduKismo.stream/playlist.m3u8",
        "cctv_link": "https://cctv.jogjaprov.go.id/cctv-proxy/atcs/MaduKismo.stream/playlist.m3u8",
        "portal_url": "https://cctv.jogjaprov.go.id",
        "source_url": "https://cctv.jogjaprov.go.id/api/v1/location-pins?include=area,categories&filter%5Bhas_coords%5D=true&filter%5Bhas_slug%5D=true&filter%5Bevent_active%5D=true&filter%5Bdisabled%5D=false"
      },
      "geometry": {
        "type": "Point",
        "coordinates": [
          110.34541491,
          -7.82665377
        ]
      }
    },
    {
      "type": "Feature",
      "properties": {
        "id": "1125",
        "slug": "condongcatur2",
        "name": "Condongcatur2",
        "alias_name": "Condongcatur2",
        "group_name": "Dinas Perhubungan DIY",
        "pin_type": "cctv",
        "category": "simpang, sleman",
        "connected": false,
        "featured": false,
        "descr": "Dinas Perhubungan DIY • simpang, sleman",
        "stream_url": "https://cctv.jogjaprov.go.id/cctv-proxy/atcs/Condongcatur2.stream/playlist.m3u8",
        "video_url": "https://cctv.jogjaprov.go.id/cctv-proxy/atcs/Condongcatur2.stream/playlist.m3u8",
        "cctv_link": "https://cctv.jogjaprov.go.id/cctv-proxy/atcs/Condongcatur2.stream/playlist.m3u8",
        "portal_url": "https://cctv.jogjaprov.go.id",
        "source_url": "https://cctv.jogjaprov.go.id/api/v1/location-pins?include=area,categories&filter%5Bhas_coords%5D=true&filter%5Bhas_slug%5D=true&filter%5Bevent_active%5D=true&filter%5Bdisabled%5D=false"
      },
      "geometry": {
        "type": "Point",
        "coordinates": [
          110.39565531,
          -7.75833492
        ]
      }
    },
    {
      "type": "Feature",
      "properties": {
        "id": "1127",
        "slug": "simpang-giwangan",
        "name": "Giwangan1",
        "alias_name": "Simpang Giwangan",
        "group_name": "Dinas Perhubungan DIY",
        "pin_type": "cctv",
        "category": "kota, teminal",
        "connected": true,
        "featured": false,
        "descr": "Dinas Perhubungan DIY • kota, teminal",
        "stream_url": "https://cctv.jogjaprov.go.id/cctv-proxy/atcs/Giwangan1.stream/playlist.m3u8",
        "video_url": "https://cctv.jogjaprov.go.id/cctv-proxy/atcs/Giwangan1.stream/playlist.m3u8",
        "cctv_link": "https://cctv.jogjaprov.go.id/cctv-proxy/atcs/Giwangan1.stream/playlist.m3u8",
        "portal_url": "https://cctv.jogjaprov.go.id",
        "source_url": "https://cctv.jogjaprov.go.id/api/v1/location-pins?include=area,categories&filter%5Bhas_coords%5D=true&filter%5Bhas_slug%5D=true&filter%5Bevent_active%5D=true&filter%5Bdisabled%5D=false"
      },
      "geometry": {
        "type": "Point",
        "coordinates": [
          110.39160344,
          -7.8364011
        ]
      }
    },
    {
      "type": "Feature",
      "properties": {
        "id": "1128",
        "slug": "proliman-bogem",
        "name": "ProlimanBogem",
        "alias_name": "Proliman Bogem",
        "group_name": "Dinas Perhubungan DIY",
        "pin_type": "cctv",
        "category": "sleman",
        "connected": false,
        "featured": false,
        "descr": "Dinas Perhubungan DIY • sleman",
        "stream_url": "https://cctv.jogjaprov.go.id/cctv-proxy/atcs/ProlimanBogem.stream/playlist.m3u8",
        "video_url": "https://cctv.jogjaprov.go.id/cctv-proxy/atcs/ProlimanBogem.stream/playlist.m3u8",
        "cctv_link": "https://cctv.jogjaprov.go.id/cctv-proxy/atcs/ProlimanBogem.stream/playlist.m3u8",
        "portal_url": "https://cctv.jogjaprov.go.id",
        "source_url": "https://cctv.jogjaprov.go.id/api/v1/location-pins?include=area,categories&filter%5Bhas_coords%5D=true&filter%5Bhas_slug%5D=true&filter%5Bevent_active%5D=true&filter%5Bdisabled%5D=false"
      },
      "geometry": {
        "type": "Point",
        "coordinates": [
          110.48186196,
          -7.75656053
        ]
      }
    },
    {
      "type": "Feature",
      "properties": {
        "id": "1130",
        "slug": "simpang-piyungan",
        "name": "Piyungan",
        "alias_name": "Simpang Piyungan",
        "group_name": "Dinas Perhubungan DIY",
        "pin_type": "cctv",
        "category": "simpang, bantul",
        "connected": true,
        "featured": false,
        "descr": "Dinas Perhubungan DIY • simpang, bantul",
        "stream_url": "https://cctv.jogjaprov.go.id/cctv-proxy/atcs/Piyungan.stream/playlist.m3u8",
        "video_url": "https://cctv.jogjaprov.go.id/cctv-proxy/atcs/Piyungan.stream/playlist.m3u8",
        "cctv_link": "https://cctv.jogjaprov.go.id/cctv-proxy/atcs/Piyungan.stream/playlist.m3u8",
        "portal_url": "https://cctv.jogjaprov.go.id",
        "source_url": "https://cctv.jogjaprov.go.id/api/v1/location-pins?include=area,categories&filter%5Bhas_coords%5D=true&filter%5Bhas_slug%5D=true&filter%5Bevent_active%5D=true&filter%5Bdisabled%5D=false"
      },
      "geometry": {
        "type": "Point",
        "coordinates": [
          110.47609261,
          -7.83816605
        ]
      }
    },
    {
      "type": "Feature",
      "properties": {
        "id": "1131",
        "slug": "simpang-maguwo-view-timur",
        "name": "MaguwoTimur",
        "alias_name": "Simpang Maguwo (view Timur)",
        "group_name": "Dinas Perhubungan DIY",
        "pin_type": "cctv",
        "category": "simpang, sleman",
        "connected": false,
        "featured": false,
        "descr": "Dinas Perhubungan DIY • simpang, sleman",
        "stream_url": "https://cctv.jogjaprov.go.id/cctv-proxy/atcs/MaguwoTimur.stream/playlist.m3u8",
        "video_url": "https://cctv.jogjaprov.go.id/cctv-proxy/atcs/MaguwoTimur.stream/playlist.m3u8",
        "cctv_link": "https://cctv.jogjaprov.go.id/cctv-proxy/atcs/MaguwoTimur.stream/playlist.m3u8",
        "portal_url": "https://cctv.jogjaprov.go.id",
        "source_url": "https://cctv.jogjaprov.go.id/api/v1/location-pins?include=area,categories&filter%5Bhas_coords%5D=true&filter%5Bhas_slug%5D=true&filter%5Bevent_active%5D=true&filter%5Bdisabled%5D=false"
      },
      "geometry": {
        "type": "Point",
        "coordinates": [
          110.43006068,
          -7.78345572
        ]
      }
    },
    {
      "type": "Feature",
      "properties": {
        "id": "1132",
        "slug": "sedayu",
        "name": "Sedayu",
        "alias_name": "Sedayu",
        "group_name": "Dinas Perhubungan DIY",
        "pin_type": "cctv",
        "category": "simpang, bantul",
        "connected": true,
        "featured": false,
        "descr": "Dinas Perhubungan DIY • simpang, bantul",
        "stream_url": "https://cctv.jogjaprov.go.id/cctv-proxy/atcs/Sedayu.stream/playlist.m3u8",
        "video_url": "https://cctv.jogjaprov.go.id/cctv-proxy/atcs/Sedayu.stream/playlist.m3u8",
        "cctv_link": "https://cctv.jogjaprov.go.id/cctv-proxy/atcs/Sedayu.stream/playlist.m3u8",
        "portal_url": "https://cctv.jogjaprov.go.id",
        "source_url": "https://cctv.jogjaprov.go.id/api/v1/location-pins?include=area,categories&filter%5Bhas_coords%5D=true&filter%5Bhas_slug%5D=true&filter%5Bevent_active%5D=true&filter%5Bdisabled%5D=false"
      },
      "geometry": {
        "type": "Point",
        "coordinates": [
          110.25681131,
          -7.81428404
        ]
      }
    },
    {
      "type": "Feature",
      "properties": {
        "id": "1133",
        "slug": "glagah-view-barat",
        "name": "GlagahBarat",
        "alias_name": "Glagah view Barat",
        "group_name": "Dinas Perhubungan DIY",
        "pin_type": "cctv",
        "category": "kulon progo",
        "connected": true,
        "featured": false,
        "descr": "Dinas Perhubungan DIY • kulon progo",
        "stream_url": "https://cctv.jogjaprov.go.id/cctv-proxy/atcs/GlagahBarat.stream/playlist.m3u8",
        "video_url": "https://cctv.jogjaprov.go.id/cctv-proxy/atcs/GlagahBarat.stream/playlist.m3u8",
        "cctv_link": "https://cctv.jogjaprov.go.id/cctv-proxy/atcs/GlagahBarat.stream/playlist.m3u8",
        "portal_url": "https://cctv.jogjaprov.go.id",
        "source_url": "https://cctv.jogjaprov.go.id/api/v1/location-pins?include=area,categories&filter%5Bhas_coords%5D=true&filter%5Bhas_slug%5D=true&filter%5Bevent_active%5D=true&filter%5Bdisabled%5D=false"
      },
      "geometry": {
        "type": "Point",
        "coordinates": [
          110.09243668,
          -7.88802615
        ]
      }
    },
    {
      "type": "Feature",
      "properties": {
        "id": "1134",
        "slug": "simpang-kotagede-ngipik",
        "name": "KotaGede",
        "alias_name": "Simpang KotaGede (Ngipik)",
        "group_name": "Dinas Perhubungan DIY",
        "pin_type": "cctv",
        "category": "simpang, bantul",
        "connected": true,
        "featured": false,
        "descr": "Dinas Perhubungan DIY • simpang, bantul",
        "stream_url": "https://cctv.jogjaprov.go.id/cctv-proxy/atcs/KotaGede.stream/playlist.m3u8",
        "video_url": "https://cctv.jogjaprov.go.id/cctv-proxy/atcs/KotaGede.stream/playlist.m3u8",
        "cctv_link": "https://cctv.jogjaprov.go.id/cctv-proxy/atcs/KotaGede.stream/playlist.m3u8",
        "portal_url": "https://cctv.jogjaprov.go.id",
        "source_url": "https://cctv.jogjaprov.go.id/api/v1/location-pins?include=area,categories&filter%5Bhas_coords%5D=true&filter%5Bhas_slug%5D=true&filter%5Bevent_active%5D=true&filter%5Bdisabled%5D=false"
      },
      "geometry": {
        "type": "Point",
        "coordinates": [
          110.40808721,
          -7.82844317
        ]
      }
    },
    {
      "type": "Feature",
      "properties": {
        "id": "1135",
        "slug": "simpang-pelemgurih-lampu-merah-utara",
        "name": "Pelemgurih1",
        "alias_name": "Simpang Pelemgurih (lampu merah utara)",
        "group_name": "Dinas Perhubungan DIY",
        "pin_type": "cctv",
        "category": "sleman",
        "connected": true,
        "featured": false,
        "descr": "Dinas Perhubungan DIY • sleman",
        "stream_url": "https://cctv.jogjaprov.go.id/cctv-proxy/atcs/Pelemgurih1.stream/playlist.m3u8",
        "video_url": "https://cctv.jogjaprov.go.id/cctv-proxy/atcs/Pelemgurih1.stream/playlist.m3u8",
        "cctv_link": "https://cctv.jogjaprov.go.id/cctv-proxy/atcs/Pelemgurih1.stream/playlist.m3u8",
        "portal_url": "https://cctv.jogjaprov.go.id",
        "source_url": "https://cctv.jogjaprov.go.id/api/v1/location-pins?include=area,categories&filter%5Bhas_coords%5D=true&filter%5Bhas_slug%5D=true&filter%5Bevent_active%5D=true&filter%5Bdisabled%5D=false"
      },
      "geometry": {
        "type": "Point",
        "coordinates": [
          110.33003961,
          -7.79932689
        ]
      }
    },
    {
      "type": "Feature",
      "properties": {
        "id": "1136",
        "slug": "blok-o-arah-selatan",
        "name": "BlokOSelatan",
        "alias_name": "Blok O (arah selatan)",
        "group_name": "Dinas Perhubungan DIY",
        "pin_type": "cctv",
        "category": "simpang, bantul",
        "connected": true,
        "featured": false,
        "descr": "Dinas Perhubungan DIY • simpang, bantul",
        "stream_url": "https://cctv.jogjaprov.go.id/cctv-proxy/atcs/BlokOSelatan.stream/playlist.m3u8",
        "video_url": "https://cctv.jogjaprov.go.id/cctv-proxy/atcs/BlokOSelatan.stream/playlist.m3u8",
        "cctv_link": "https://cctv.jogjaprov.go.id/cctv-proxy/atcs/BlokOSelatan.stream/playlist.m3u8",
        "portal_url": "https://cctv.jogjaprov.go.id",
        "source_url": "https://cctv.jogjaprov.go.id/api/v1/location-pins?include=area,categories&filter%5Bhas_coords%5D=true&filter%5Bhas_slug%5D=true&filter%5Bevent_active%5D=true&filter%5Bdisabled%5D=false"
      },
      "geometry": {
        "type": "Point",
        "coordinates": [
          110.40979743,
          -7.79868442
        ]
      }
    },
    {
      "type": "Feature",
      "properties": {
        "id": "1137",
        "slug": "beran",
        "name": "Beran",
        "alias_name": "Beran",
        "group_name": "Dinas Perhubungan DIY",
        "pin_type": "cctv",
        "category": "simpang, sleman",
        "connected": false,
        "featured": false,
        "descr": "Dinas Perhubungan DIY • simpang, sleman",
        "stream_url": "https://cctv.jogjaprov.go.id/cctv-proxy/atcs/Beran.stream/playlist.m3u8",
        "video_url": "https://cctv.jogjaprov.go.id/cctv-proxy/atcs/Beran.stream/playlist.m3u8",
        "cctv_link": "https://cctv.jogjaprov.go.id/cctv-proxy/atcs/Beran.stream/playlist.m3u8",
        "portal_url": "https://cctv.jogjaprov.go.id",
        "source_url": "https://cctv.jogjaprov.go.id/api/v1/location-pins?include=area,categories&filter%5Bhas_coords%5D=true&filter%5Bhas_slug%5D=true&filter%5Bevent_active%5D=true&filter%5Bdisabled%5D=false"
      },
      "geometry": {
        "type": "Point",
        "coordinates": [
          110.35745221,
          -7.71136485
        ]
      }
    },
    {
      "type": "Feature",
      "properties": {
        "id": "1138",
        "slug": "simpang-patran",
        "name": "Patran",
        "alias_name": "Simpang Patran",
        "group_name": "Dinas Perhubungan DIY",
        "pin_type": "cctv",
        "category": "sleman",
        "connected": true,
        "featured": false,
        "descr": "Dinas Perhubungan DIY • sleman",
        "stream_url": "https://cctv.jogjaprov.go.id/cctv-proxy/atcs/Patran.stream/playlist.m3u8",
        "video_url": "https://cctv.jogjaprov.go.id/cctv-proxy/atcs/Patran.stream/playlist.m3u8",
        "cctv_link": "https://cctv.jogjaprov.go.id/cctv-proxy/atcs/Patran.stream/playlist.m3u8",
        "portal_url": "https://cctv.jogjaprov.go.id",
        "source_url": "https://cctv.jogjaprov.go.id/api/v1/location-pins?include=area,categories&filter%5Bhas_coords%5D=true&filter%5Bhas_slug%5D=true&filter%5Bevent_active%5D=true&filter%5Bdisabled%5D=false"
      },
      "geometry": {
        "type": "Point",
        "coordinates": [
          110.34105587,
          -7.77925108
        ]
      }
    },
    {
      "type": "Feature",
      "properties": {
        "id": "1139",
        "slug": "bandara-adi-sucipto-barat",
        "name": "BandaraBarat",
        "alias_name": "Bandara Adi Sucipto Barat",
        "group_name": "Dinas Perhubungan DIY",
        "pin_type": "cctv",
        "category": "simpang, sleman, bandara",
        "connected": true,
        "featured": false,
        "descr": "Dinas Perhubungan DIY • simpang, sleman, bandara",
        "stream_url": "https://cctv.jogjaprov.go.id/cctv-proxy/atcs/BandaraBarat.stream/playlist.m3u8",
        "video_url": "https://cctv.jogjaprov.go.id/cctv-proxy/atcs/BandaraBarat.stream/playlist.m3u8",
        "cctv_link": "https://cctv.jogjaprov.go.id/cctv-proxy/atcs/BandaraBarat.stream/playlist.m3u8",
        "portal_url": "https://cctv.jogjaprov.go.id",
        "source_url": "https://cctv.jogjaprov.go.id/api/v1/location-pins?include=area,categories&filter%5Bhas_coords%5D=true&filter%5Bhas_slug%5D=true&filter%5Bevent_active%5D=true&filter%5Bdisabled%5D=false"
      },
      "geometry": {
        "type": "Point",
        "coordinates": [
          110.43770739,
          -7.78342673
        ]
      }
    },
    {
      "type": "Feature",
      "properties": {
        "id": "1140",
        "slug": "simpang-piyungan-traffic-counting",
        "name": "Piyungan_TC",
        "alias_name": "Simpang Piyungan (Traffic Counting)",
        "group_name": "Dinas Perhubungan DIY",
        "pin_type": "cctv",
        "category": "simpang, bantul",
        "connected": true,
        "featured": false,
        "descr": "Dinas Perhubungan DIY • simpang, bantul",
        "stream_url": "https://cctv.jogjaprov.go.id/cctv-proxy/atcs/Piyungan_TC.stream/playlist.m3u8",
        "video_url": "https://cctv.jogjaprov.go.id/cctv-proxy/atcs/Piyungan_TC.stream/playlist.m3u8",
        "cctv_link": "https://cctv.jogjaprov.go.id/cctv-proxy/atcs/Piyungan_TC.stream/playlist.m3u8",
        "portal_url": "https://cctv.jogjaprov.go.id",
        "source_url": "https://cctv.jogjaprov.go.id/api/v1/location-pins?include=area,categories&filter%5Bhas_coords%5D=true&filter%5Bhas_slug%5D=true&filter%5Bevent_active%5D=true&filter%5Bdisabled%5D=false"
      },
      "geometry": {
        "type": "Point",
        "coordinates": [
          110.47604931,
          -7.83815865
        ]
      }
    },
    {
      "type": "Feature",
      "properties": {
        "id": "1141",
        "slug": "simpang-pelemgurih-lampu-merah-timur",
        "name": "Pelemgurih2",
        "alias_name": "Simpang Pelemgurih (lampu merah timur)",
        "group_name": "Dinas Perhubungan DIY",
        "pin_type": "cctv",
        "category": "sleman",
        "connected": true,
        "featured": false,
        "descr": "Dinas Perhubungan DIY • sleman",
        "stream_url": "https://cctv.jogjaprov.go.id/cctv-proxy/atcs/Pelemgurih2.stream/playlist.m3u8",
        "video_url": "https://cctv.jogjaprov.go.id/cctv-proxy/atcs/Pelemgurih2.stream/playlist.m3u8",
        "cctv_link": "https://cctv.jogjaprov.go.id/cctv-proxy/atcs/Pelemgurih2.stream/playlist.m3u8",
        "portal_url": "https://cctv.jogjaprov.go.id",
        "source_url": "https://cctv.jogjaprov.go.id/api/v1/location-pins?include=area,categories&filter%5Bhas_coords%5D=true&filter%5Bhas_slug%5D=true&filter%5Bevent_active%5D=true&filter%5Bdisabled%5D=false"
      },
      "geometry": {
        "type": "Point",
        "coordinates": [
          110.33025686,
          -7.79998062
        ]
      }
    },
    {
      "type": "Feature",
      "properties": {
        "id": "1142",
        "slug": "simpang-jejeran",
        "name": "Jejeran",
        "alias_name": "Simpang Jejeran",
        "group_name": "Dinas Perhubungan DIY",
        "pin_type": "cctv",
        "category": "simpang, bantul",
        "connected": true,
        "featured": false,
        "descr": "Dinas Perhubungan DIY • simpang, bantul",
        "stream_url": "https://cctv.jogjaprov.go.id/cctv-proxy/atcs/Jejeran.stream/playlist.m3u8",
        "video_url": "https://cctv.jogjaprov.go.id/cctv-proxy/atcs/Jejeran.stream/playlist.m3u8",
        "cctv_link": "https://cctv.jogjaprov.go.id/cctv-proxy/atcs/Jejeran.stream/playlist.m3u8",
        "portal_url": "https://cctv.jogjaprov.go.id",
        "source_url": "https://cctv.jogjaprov.go.id/api/v1/location-pins?include=area,categories&filter%5Bhas_coords%5D=true&filter%5Bhas_slug%5D=true&filter%5Bevent_active%5D=true&filter%5Bdisabled%5D=false"
      },
      "geometry": {
        "type": "Point",
        "coordinates": [
          110.39108563,
          -7.87006861
        ]
      }
    },
    {
      "type": "Feature",
      "properties": {
        "id": "1143",
        "slug": "simpang-ketandan-view-barat",
        "name": "KetandanBarat",
        "alias_name": "Simpang Ketandan view Barat",
        "group_name": "Dinas Perhubungan DIY",
        "pin_type": "cctv",
        "category": "bantul, simpang",
        "connected": true,
        "featured": false,
        "descr": "Dinas Perhubungan DIY • bantul, simpang",
        "stream_url": "https://cctv.jogjaprov.go.id/cctv-proxy/atcs/KetandanBarat.stream/playlist.m3u8",
        "video_url": "https://cctv.jogjaprov.go.id/cctv-proxy/atcs/KetandanBarat.stream/playlist.m3u8",
        "cctv_link": "https://cctv.jogjaprov.go.id/cctv-proxy/atcs/KetandanBarat.stream/playlist.m3u8",
        "portal_url": "https://cctv.jogjaprov.go.id",
        "source_url": "https://cctv.jogjaprov.go.id/api/v1/location-pins?include=area,categories&filter%5Bhas_coords%5D=true&filter%5Bhas_slug%5D=true&filter%5Bevent_active%5D=true&filter%5Bdisabled%5D=false"
      },
      "geometry": {
        "type": "Point",
        "coordinates": [
          110.4089053,
          -7.81160618
        ]
      }
    },
    {
      "type": "Feature",
      "properties": {
        "id": "1144",
        "slug": "simpang-gamping",
        "name": "Gamping",
        "alias_name": "Simpang Gamping",
        "group_name": "Dinas Perhubungan DIY",
        "pin_type": "cctv",
        "category": "sleman",
        "connected": true,
        "featured": false,
        "descr": "Dinas Perhubungan DIY • sleman",
        "stream_url": "https://cctv.jogjaprov.go.id/cctv-proxy/atcs/Gamping.stream/playlist.m3u8",
        "video_url": "https://cctv.jogjaprov.go.id/cctv-proxy/atcs/Gamping.stream/playlist.m3u8",
        "cctv_link": "https://cctv.jogjaprov.go.id/cctv-proxy/atcs/Gamping.stream/playlist.m3u8",
        "portal_url": "https://cctv.jogjaprov.go.id",
        "source_url": "https://cctv.jogjaprov.go.id/api/v1/location-pins?include=area,categories&filter%5Bhas_coords%5D=true&filter%5Bhas_slug%5D=true&filter%5Bevent_active%5D=true&filter%5Bdisabled%5D=false"
      },
      "geometry": {
        "type": "Point",
        "coordinates": [
          110.32511891,
          -7.80051873
        ]
      }
    },
    {
      "type": "Feature",
      "properties": {
        "id": "1145",
        "slug": "simpang-palbapang",
        "name": "Palbapang",
        "alias_name": "Simpang Palbapang",
        "group_name": "Dinas Perhubungan DIY",
        "pin_type": "cctv",
        "category": "simpang, bantul",
        "connected": true,
        "featured": false,
        "descr": "Dinas Perhubungan DIY • simpang, bantul",
        "stream_url": "https://cctv.jogjaprov.go.id/cctv-proxy/atcs/Palbapang.stream/playlist.m3u8",
        "video_url": "https://cctv.jogjaprov.go.id/cctv-proxy/atcs/Palbapang.stream/playlist.m3u8",
        "cctv_link": "https://cctv.jogjaprov.go.id/cctv-proxy/atcs/Palbapang.stream/playlist.m3u8",
        "portal_url": "https://cctv.jogjaprov.go.id",
        "source_url": "https://cctv.jogjaprov.go.id/api/v1/location-pins?include=area,categories&filter%5Bhas_coords%5D=true&filter%5Bhas_slug%5D=true&filter%5Bevent_active%5D=true&filter%5Bdisabled%5D=false"
      },
      "geometry": {
        "type": "Point",
        "coordinates": [
          110.32109749,
          -7.90525511
        ]
      }
    },
    {
      "type": "Feature",
      "properties": {
        "id": "1147",
        "slug": "simpang-kleringan-view-timur",
        "name": "Kleringan3",
        "alias_name": "Simpang Kleringan (view Timur)",
        "group_name": "Dinas Perhubungan DIY",
        "pin_type": "cctv",
        "category": "simpang, kota, kereta api",
        "connected": true,
        "featured": false,
        "descr": "Dinas Perhubungan DIY • simpang, kota, kereta api",
        "stream_url": "https://cctv.jogjaprov.go.id/cctv-proxy/atcs/Kleringan3.stream/playlist.m3u8",
        "video_url": "https://cctv.jogjaprov.go.id/cctv-proxy/atcs/Kleringan3.stream/playlist.m3u8",
        "cctv_link": "https://cctv.jogjaprov.go.id/cctv-proxy/atcs/Kleringan3.stream/playlist.m3u8",
        "portal_url": "https://cctv.jogjaprov.go.id",
        "source_url": "https://cctv.jogjaprov.go.id/api/v1/location-pins?include=area,categories&filter%5Bhas_coords%5D=true&filter%5Bhas_slug%5D=true&filter%5Bevent_active%5D=true&filter%5Bdisabled%5D=false"
      },
      "geometry": {
        "type": "Point",
        "coordinates": [
          110.36787474,
          -7.79011144
        ]
      }
    },
    {
      "type": "Feature",
      "properties": {
        "id": "1148",
        "slug": "blok-o",
        "name": "BlokO",
        "alias_name": "Blok O",
        "group_name": "Dinas Perhubungan DIY",
        "pin_type": "cctv",
        "category": "simpang, bantul",
        "connected": true,
        "featured": false,
        "descr": "Dinas Perhubungan DIY • simpang, bantul",
        "stream_url": "https://cctv.jogjaprov.go.id/cctv-proxy/atcs/BlokO.stream/playlist.m3u8",
        "video_url": "https://cctv.jogjaprov.go.id/cctv-proxy/atcs/BlokO.stream/playlist.m3u8",
        "cctv_link": "https://cctv.jogjaprov.go.id/cctv-proxy/atcs/BlokO.stream/playlist.m3u8",
        "portal_url": "https://cctv.jogjaprov.go.id",
        "source_url": "https://cctv.jogjaprov.go.id/api/v1/location-pins?include=area,categories&filter%5Bhas_coords%5D=true&filter%5Bhas_slug%5D=true&filter%5Bevent_active%5D=true&filter%5Bdisabled%5D=false"
      },
      "geometry": {
        "type": "Point",
        "coordinates": [
          110.40989899,
          -7.79863328
        ]
      }
    },
    {
      "type": "Feature",
      "properties": {
        "id": "1149",
        "slug": "bandara-adi-sucipto-timur",
        "name": "BandaraTimur",
        "alias_name": "Bandara Adi Sucipto Timur",
        "group_name": "Dinas Perhubungan DIY",
        "pin_type": "cctv",
        "category": "simpang, sleman, bandara",
        "connected": true,
        "featured": false,
        "descr": "Dinas Perhubungan DIY • simpang, sleman, bandara",
        "stream_url": "https://cctv.jogjaprov.go.id/cctv-proxy/atcs/BandaraTimur.stream/playlist.m3u8",
        "video_url": "https://cctv.jogjaprov.go.id/cctv-proxy/atcs/BandaraTimur.stream/playlist.m3u8",
        "cctv_link": "https://cctv.jogjaprov.go.id/cctv-proxy/atcs/BandaraTimur.stream/playlist.m3u8",
        "portal_url": "https://cctv.jogjaprov.go.id",
        "source_url": "https://cctv.jogjaprov.go.id/api/v1/location-pins?include=area,categories&filter%5Bhas_coords%5D=true&filter%5Bhas_slug%5D=true&filter%5Bevent_active%5D=true&filter%5Bdisabled%5D=false"
      },
      "geometry": {
        "type": "Point",
        "coordinates": [
          110.43816938,
          -7.78361317
        ]
      }
    },
    {
      "type": "Feature",
      "properties": {
        "id": "1150",
        "slug": "jatikencana",
        "name": "JatiKencana",
        "alias_name": "Jatikencana",
        "group_name": "Dinas Perhubungan DIY",
        "pin_type": "cctv",
        "category": "simpang, kota",
        "connected": true,
        "featured": false,
        "descr": "Dinas Perhubungan DIY • simpang, kota",
        "stream_url": "https://cctv.jogjaprov.go.id/cctv-proxy/atcs/JatiKencana.stream/playlist.m3u8",
        "video_url": "https://cctv.jogjaprov.go.id/cctv-proxy/atcs/JatiKencana.stream/playlist.m3u8",
        "cctv_link": "https://cctv.jogjaprov.go.id/cctv-proxy/atcs/JatiKencana.stream/playlist.m3u8",
        "portal_url": "https://cctv.jogjaprov.go.id",
        "source_url": "https://cctv.jogjaprov.go.id/api/v1/location-pins?include=area,categories&filter%5Bhas_coords%5D=true&filter%5Bhas_slug%5D=true&filter%5Bevent_active%5D=true&filter%5Bdisabled%5D=false"
      },
      "geometry": {
        "type": "Point",
        "coordinates": [
          110.35257191,
          -7.78175994
        ]
      }
    },
    {
      "type": "Feature",
      "properties": {
        "id": "1151",
        "slug": "kids-fun",
        "name": "KidsFun",
        "alias_name": "Kids Fun",
        "group_name": "Dinas Perhubungan DIY",
        "pin_type": "cctv",
        "category": "simpang, sleman",
        "connected": true,
        "featured": false,
        "descr": "Dinas Perhubungan DIY • simpang, sleman",
        "stream_url": "https://cctv.jogjaprov.go.id/cctv-proxy/atcs/KidsFun.stream/playlist.m3u8",
        "video_url": "https://cctv.jogjaprov.go.id/cctv-proxy/atcs/KidsFun.stream/playlist.m3u8",
        "cctv_link": "https://cctv.jogjaprov.go.id/cctv-proxy/atcs/KidsFun.stream/playlist.m3u8",
        "portal_url": "https://cctv.jogjaprov.go.id",
        "source_url": "https://cctv.jogjaprov.go.id/api/v1/location-pins?include=area,categories&filter%5Bhas_coords%5D=true&filter%5Bhas_slug%5D=true&filter%5Bevent_active%5D=true&filter%5Bdisabled%5D=false"
      },
      "geometry": {
        "type": "Point",
        "coordinates": [
          110.44253457,
          -7.82777148
        ]
      }
    },
    {
      "type": "Feature",
      "properties": {
        "id": "1152",
        "slug": "bantulan",
        "name": "Bantulan",
        "alias_name": "Bantulan",
        "group_name": "Dinas Perhubungan DIY",
        "pin_type": "cctv",
        "category": "simpang, sleman",
        "connected": false,
        "featured": false,
        "descr": "Dinas Perhubungan DIY • simpang, sleman",
        "stream_url": "https://cctv.jogjaprov.go.id/cctv-proxy/atcs/Bantulan.stream/playlist.m3u8",
        "video_url": "https://cctv.jogjaprov.go.id/cctv-proxy/atcs/Bantulan.stream/playlist.m3u8",
        "cctv_link": "https://cctv.jogjaprov.go.id/cctv-proxy/atcs/Bantulan.stream/playlist.m3u8",
        "portal_url": "https://cctv.jogjaprov.go.id",
        "source_url": "https://cctv.jogjaprov.go.id/api/v1/location-pins?include=area,categories&filter%5Bhas_coords%5D=true&filter%5Bhas_slug%5D=true&filter%5Bevent_active%5D=true&filter%5Bdisabled%5D=false"
      },
      "geometry": {
        "type": "Point",
        "coordinates": [
          110.32189071,
          -7.77469537
        ]
      }
    },
    {
      "type": "Feature",
      "properties": {
        "id": "1153",
        "slug": "maguwo2",
        "name": "Maguwo2",
        "alias_name": "Maguwo2",
        "group_name": "Dinas Perhubungan DIY",
        "pin_type": "cctv",
        "category": "simpang, sleman",
        "connected": false,
        "featured": false,
        "descr": "Dinas Perhubungan DIY • simpang, sleman",
        "stream_url": "https://cctv.jogjaprov.go.id/cctv-proxy/atcs/Maguwo2.stream/playlist.m3u8",
        "video_url": "https://cctv.jogjaprov.go.id/cctv-proxy/atcs/Maguwo2.stream/playlist.m3u8",
        "cctv_link": "https://cctv.jogjaprov.go.id/cctv-proxy/atcs/Maguwo2.stream/playlist.m3u8",
        "portal_url": "https://cctv.jogjaprov.go.id",
        "source_url": "https://cctv.jogjaprov.go.id/api/v1/location-pins?include=area,categories&filter%5Bhas_coords%5D=true&filter%5Bhas_slug%5D=true&filter%5Bevent_active%5D=true&filter%5Bdisabled%5D=false"
      },
      "geometry": {
        "type": "Point",
        "coordinates": [
          110.42967312,
          -7.78335135
        ]
      }
    },
    {
      "type": "Feature",
      "properties": {
        "id": "1154",
        "slug": "simpang-siluwok",
        "name": "Siluwok",
        "alias_name": "Simpang Siluwok",
        "group_name": "Dinas Perhubungan DIY",
        "pin_type": "cctv",
        "category": "simpang",
        "connected": true,
        "featured": false,
        "descr": "Dinas Perhubungan DIY • simpang",
        "stream_url": "https://cctv.jogjaprov.go.id/cctv-proxy/atcs/Siluwok.stream/playlist.m3u8",
        "video_url": "https://cctv.jogjaprov.go.id/cctv-proxy/atcs/Siluwok.stream/playlist.m3u8",
        "cctv_link": "https://cctv.jogjaprov.go.id/cctv-proxy/atcs/Siluwok.stream/playlist.m3u8",
        "portal_url": "https://cctv.jogjaprov.go.id",
        "source_url": "https://cctv.jogjaprov.go.id/api/v1/location-pins?include=area,categories&filter%5Bhas_coords%5D=true&filter%5Bhas_slug%5D=true&filter%5Bevent_active%5D=true&filter%5Bdisabled%5D=false"
      },
      "geometry": {
        "type": "Point",
        "coordinates": [
          110.10881184,
          -7.89024997
        ]
      }
    },
    {
      "type": "Feature",
      "properties": {
        "id": "1156",
        "slug": "simpang-tempel-traffic-counting",
        "name": "Tempel_TC",
        "alias_name": "Simpang Tempel (Traffic Counting)",
        "group_name": "Dinas Perhubungan DIY",
        "pin_type": "cctv",
        "category": "simpang, sleman",
        "connected": true,
        "featured": false,
        "descr": "Dinas Perhubungan DIY • simpang, sleman",
        "stream_url": "https://cctv.jogjaprov.go.id/cctv-proxy/atcs/Tempel_TC.stream/playlist.m3u8",
        "video_url": "https://cctv.jogjaprov.go.id/cctv-proxy/atcs/Tempel_TC.stream/playlist.m3u8",
        "cctv_link": "https://cctv.jogjaprov.go.id/cctv-proxy/atcs/Tempel_TC.stream/playlist.m3u8",
        "portal_url": "https://cctv.jogjaprov.go.id",
        "source_url": "https://cctv.jogjaprov.go.id/api/v1/location-pins?include=area,categories&filter%5Bhas_coords%5D=true&filter%5Bhas_slug%5D=true&filter%5Bevent_active%5D=true&filter%5Bdisabled%5D=false"
      },
      "geometry": {
        "type": "Point",
        "coordinates": [
          110.3256763,
          -7.65359108
        ]
      }
    },
    {
      "type": "Feature",
      "properties": {
        "id": "1157",
        "slug": "tugu2",
        "name": "Tugu2",
        "alias_name": "Tugu2",
        "group_name": "Dinas Perhubungan DIY",
        "pin_type": "cctv",
        "category": "simpang, kota, tugu",
        "connected": true,
        "featured": false,
        "descr": "Dinas Perhubungan DIY • simpang, kota, tugu",
        "stream_url": "https://cctv.jogjaprov.go.id/cctv-proxy/atcs/Tugu2.stream/playlist.m3u8",
        "video_url": "https://cctv.jogjaprov.go.id/cctv-proxy/atcs/Tugu2.stream/playlist.m3u8",
        "cctv_link": "https://cctv.jogjaprov.go.id/cctv-proxy/atcs/Tugu2.stream/playlist.m3u8",
        "portal_url": "https://cctv.jogjaprov.go.id",
        "source_url": "https://cctv.jogjaprov.go.id/api/v1/location-pins?include=area,categories&filter%5Bhas_coords%5D=true&filter%5Bhas_slug%5D=true&filter%5Bevent_active%5D=true&filter%5Bdisabled%5D=false"
      },
      "geometry": {
        "type": "Point",
        "coordinates": [
          110.36697328,
          -7.78279419
        ]
      }
    },
    {
      "type": "Feature",
      "properties": {
        "id": "1158",
        "slug": "simpang-wojo",
        "name": "Wojo",
        "alias_name": "Simpang Wojo",
        "group_name": "Dinas Perhubungan DIY",
        "pin_type": "cctv",
        "category": "bantul",
        "connected": true,
        "featured": false,
        "descr": "Dinas Perhubungan DIY • bantul",
        "stream_url": "https://cctv.jogjaprov.go.id/cctv-proxy/atcs/Wojo.stream/playlist.m3u8",
        "video_url": "https://cctv.jogjaprov.go.id/cctv-proxy/atcs/Wojo.stream/playlist.m3u8",
        "cctv_link": "https://cctv.jogjaprov.go.id/cctv-proxy/atcs/Wojo.stream/playlist.m3u8",
        "portal_url": "https://cctv.jogjaprov.go.id",
        "source_url": "https://cctv.jogjaprov.go.id/api/v1/location-pins?include=area,categories&filter%5Bhas_coords%5D=true&filter%5Bhas_slug%5D=true&filter%5Bevent_active%5D=true&filter%5Bdisabled%5D=false"
      },
      "geometry": {
        "type": "Point",
        "coordinates": [
          110.37429747,
          -7.8364142
        ]
      }
    },
    {
      "type": "Feature",
      "properties": {
        "id": "1159",
        "slug": "simpang-srandakan-arah-barat",
        "name": "SrandakanBarat",
        "alias_name": "Simpang Srandakan (arah barat)",
        "group_name": "Dinas Perhubungan DIY",
        "pin_type": "cctv",
        "category": "bantul, simpang",
        "connected": true,
        "featured": false,
        "descr": "Dinas Perhubungan DIY • bantul, simpang",
        "stream_url": "https://cctv.jogjaprov.go.id/cctv-proxy/atcs/SrandakanBarat.stream/playlist.m3u8",
        "video_url": "https://cctv.jogjaprov.go.id/cctv-proxy/atcs/SrandakanBarat.stream/playlist.m3u8",
        "cctv_link": "https://cctv.jogjaprov.go.id/cctv-proxy/atcs/SrandakanBarat.stream/playlist.m3u8",
        "portal_url": "https://cctv.jogjaprov.go.id",
        "source_url": "https://cctv.jogjaprov.go.id/api/v1/location-pins?include=area,categories&filter%5Bhas_coords%5D=true&filter%5Bhas_slug%5D=true&filter%5Bevent_active%5D=true&filter%5Bdisabled%5D=false"
      },
      "geometry": {
        "type": "Point",
        "coordinates": [
          110.27264452,
          -7.93083862
        ]
      }
    },
    {
      "type": "Feature",
      "properties": {
        "id": "1160",
        "slug": "simpang-manding",
        "name": "Manding",
        "alias_name": "Simpang Manding",
        "group_name": "Dinas Perhubungan DIY",
        "pin_type": "cctv",
        "category": "simpang, bantul",
        "connected": true,
        "featured": false,
        "descr": "Dinas Perhubungan DIY • simpang, bantul",
        "stream_url": "https://cctv.jogjaprov.go.id/cctv-proxy/atcs/Manding.stream/playlist.m3u8",
        "video_url": "https://cctv.jogjaprov.go.id/cctv-proxy/atcs/Manding.stream/playlist.m3u8",
        "cctv_link": "https://cctv.jogjaprov.go.id/cctv-proxy/atcs/Manding.stream/playlist.m3u8",
        "portal_url": "https://cctv.jogjaprov.go.id",
        "source_url": "https://cctv.jogjaprov.go.id/api/v1/location-pins?include=area,categories&filter%5Bhas_coords%5D=true&filter%5Bhas_slug%5D=true&filter%5Bevent_active%5D=true&filter%5Bdisabled%5D=false"
      },
      "geometry": {
        "type": "Point",
        "coordinates": [
          110.35241822,
          -7.89543873
        ]
      }
    },
    {
      "type": "Feature",
      "properties": {
        "id": "1162",
        "slug": "pedes",
        "name": "Pedes",
        "alias_name": "Pedes",
        "group_name": "Dinas Perhubungan DIY",
        "pin_type": "cctv",
        "category": "simpang, bantul",
        "connected": true,
        "featured": false,
        "descr": "Dinas Perhubungan DIY • simpang, bantul",
        "stream_url": "https://cctv.jogjaprov.go.id/cctv-proxy/atcs/Pedes.stream/playlist.m3u8",
        "video_url": "https://cctv.jogjaprov.go.id/cctv-proxy/atcs/Pedes.stream/playlist.m3u8",
        "cctv_link": "https://cctv.jogjaprov.go.id/cctv-proxy/atcs/Pedes.stream/playlist.m3u8",
        "portal_url": "https://cctv.jogjaprov.go.id",
        "source_url": "https://cctv.jogjaprov.go.id/api/v1/location-pins?include=area,categories&filter%5Bhas_coords%5D=true&filter%5Bhas_slug%5D=true&filter%5Bevent_active%5D=true&filter%5Bdisabled%5D=false"
      },
      "geometry": {
        "type": "Point",
        "coordinates": [
          110.27107852,
          -7.81221638
        ]
      }
    },
    {
      "type": "Feature",
      "properties": {
        "id": "1163",
        "slug": "gramedia1",
        "name": "Gramedia1",
        "alias_name": "Gramedia1",
        "group_name": "Dinas Perhubungan DIY",
        "pin_type": "cctv",
        "category": "simpang, kota",
        "connected": true,
        "featured": false,
        "descr": "Dinas Perhubungan DIY • simpang, kota",
        "stream_url": "https://cctv.jogjaprov.go.id/cctv-proxy/atcs/Gramedia1.stream/playlist.m3u8",
        "video_url": "https://cctv.jogjaprov.go.id/cctv-proxy/atcs/Gramedia1.stream/playlist.m3u8",
        "cctv_link": "https://cctv.jogjaprov.go.id/cctv-proxy/atcs/Gramedia1.stream/playlist.m3u8",
        "portal_url": "https://cctv.jogjaprov.go.id",
        "source_url": "https://cctv.jogjaprov.go.id/api/v1/location-pins?include=area,categories&filter%5Bhas_coords%5D=true&filter%5Bhas_slug%5D=true&filter%5Bevent_active%5D=true&filter%5Bdisabled%5D=false"
      },
      "geometry": {
        "type": "Point",
        "coordinates": [
          110.37472093,
          -7.7830265
        ]
      }
    },
    {
      "type": "Feature",
      "properties": {
        "id": "1164",
        "slug": "simpang-paseban-view-utara",
        "name": "SimpangPasebanUtara",
        "alias_name": "Simpang Paseban (view Utara)",
        "group_name": "Dinas Kominfo Bantul",
        "pin_type": "cctv",
        "category": "simpang, bantul",
        "connected": true,
        "featured": false,
        "descr": "Dinas Kominfo Bantul • simpang, bantul",
        "stream_url": "https://cctv.jogjaprov.go.id/cctv-proxy/cctv-bantul/SimpangPasebanUtara.stream/playlist.m3u8",
        "video_url": "https://cctv.jogjaprov.go.id/cctv-proxy/cctv-bantul/SimpangPasebanUtara.stream/playlist.m3u8",
        "cctv_link": "https://cctv.jogjaprov.go.id/cctv-proxy/cctv-bantul/SimpangPasebanUtara.stream/playlist.m3u8",
        "portal_url": "https://cctv.jogjaprov.go.id",
        "source_url": "https://cctv.jogjaprov.go.id/api/v1/location-pins?include=area,categories&filter%5Bhas_coords%5D=true&filter%5Bhas_slug%5D=true&filter%5Bevent_active%5D=true&filter%5Bdisabled%5D=false"
      },
      "geometry": {
        "type": "Point",
        "coordinates": [
          110.32780602,
          -7.88844167
        ]
      }
    },
    {
      "type": "Feature",
      "properties": {
        "id": "1168",
        "slug": "masjid-mataram-kotagede",
        "name": "MakamKotagedeMasjid",
        "alias_name": "Masjid Mataram Kotagede",
        "group_name": "Dinas Kominfo Bantul",
        "pin_type": "cctv",
        "category": "Makam, Masjid, bantul",
        "connected": false,
        "featured": false,
        "descr": "Dinas Kominfo Bantul • Makam, Masjid, bantul",
        "stream_url": "https://cctv.jogjaprov.go.id/cctv-proxy/cctv-bantul/MakamKotagedeMasjid.stream/playlist.m3u8",
        "video_url": "https://cctv.jogjaprov.go.id/cctv-proxy/cctv-bantul/MakamKotagedeMasjid.stream/playlist.m3u8",
        "cctv_link": "https://cctv.jogjaprov.go.id/cctv-proxy/cctv-bantul/MakamKotagedeMasjid.stream/playlist.m3u8",
        "portal_url": "https://cctv.jogjaprov.go.id",
        "source_url": "https://cctv.jogjaprov.go.id/api/v1/location-pins?include=area,categories&filter%5Bhas_coords%5D=true&filter%5Bhas_slug%5D=true&filter%5Bevent_active%5D=true&filter%5Bdisabled%5D=false"
      },
      "geometry": {
        "type": "Point",
        "coordinates": [
          110.39830551,
          -7.82954102
        ]
      }
    },
    {
      "type": "Feature",
      "properties": {
        "id": "1169",
        "slug": "pasar-bantul",
        "name": "PasarBantul",
        "alias_name": "Pasar Bantul",
        "group_name": "Dinas Kominfo Bantul",
        "pin_type": "cctv",
        "category": "pasar, bantul",
        "connected": true,
        "featured": false,
        "descr": "Dinas Kominfo Bantul • pasar, bantul",
        "stream_url": "https://cctv.jogjaprov.go.id/cctv-proxy/cctv-bantul/PasarBantul.stream/playlist.m3u8",
        "video_url": "https://cctv.jogjaprov.go.id/cctv-proxy/cctv-bantul/PasarBantul.stream/playlist.m3u8",
        "cctv_link": "https://cctv.jogjaprov.go.id/cctv-proxy/cctv-bantul/PasarBantul.stream/playlist.m3u8",
        "portal_url": "https://cctv.jogjaprov.go.id",
        "source_url": "https://cctv.jogjaprov.go.id/api/v1/location-pins?include=area,categories&filter%5Bhas_coords%5D=true&filter%5Bhas_slug%5D=true&filter%5Bevent_active%5D=true&filter%5Bdisabled%5D=false"
      },
      "geometry": {
        "type": "Point",
        "coordinates": [
          110.331191,
          -7.884487
        ]
      }
    },
    {
      "type": "Feature",
      "properties": {
        "id": "1170",
        "slug": "makam-imogiri-sapit-urang",
        "name": "MakamImogiriSapitUrang",
        "alias_name": "Makam Imogiri - Sapit Urang",
        "group_name": "Dinas Kominfo Bantul",
        "pin_type": "cctv",
        "category": "bantul, Makam",
        "connected": true,
        "featured": false,
        "descr": "Dinas Kominfo Bantul • bantul, Makam",
        "stream_url": "https://cctv.jogjaprov.go.id/cctv-proxy/cctv-bantul/MakamImogiriSapitUrang.stream/playlist.m3u8",
        "video_url": "https://cctv.jogjaprov.go.id/cctv-proxy/cctv-bantul/MakamImogiriSapitUrang.stream/playlist.m3u8",
        "cctv_link": "https://cctv.jogjaprov.go.id/cctv-proxy/cctv-bantul/MakamImogiriSapitUrang.stream/playlist.m3u8",
        "portal_url": "https://cctv.jogjaprov.go.id",
        "source_url": "https://cctv.jogjaprov.go.id/api/v1/location-pins?include=area,categories&filter%5Bhas_coords%5D=true&filter%5Bhas_slug%5D=true&filter%5Bevent_active%5D=true&filter%5Bdisabled%5D=false"
      },
      "geometry": {
        "type": "Point",
        "coordinates": [
          110.39597156,
          -7.91845711
        ]
      }
    },
    {
      "type": "Feature",
      "properties": {
        "id": "1171",
        "slug": "bunderan-srandakan",
        "name": "BunderanSrandakan",
        "alias_name": "Bunderan Srandakan",
        "group_name": "Dinas Kominfo Bantul",
        "pin_type": "cctv",
        "category": "simpang, bantul",
        "connected": true,
        "featured": false,
        "descr": "Dinas Kominfo Bantul • simpang, bantul",
        "stream_url": "https://cctv.jogjaprov.go.id/cctv-proxy/cctv-bantul/BunderanSrandakan.stream/playlist.m3u8",
        "video_url": "https://cctv.jogjaprov.go.id/cctv-proxy/cctv-bantul/BunderanSrandakan.stream/playlist.m3u8",
        "cctv_link": "https://cctv.jogjaprov.go.id/cctv-proxy/cctv-bantul/BunderanSrandakan.stream/playlist.m3u8",
        "portal_url": "https://cctv.jogjaprov.go.id",
        "source_url": "https://cctv.jogjaprov.go.id/api/v1/location-pins?include=area,categories&filter%5Bhas_coords%5D=true&filter%5Bhas_slug%5D=true&filter%5Bevent_active%5D=true&filter%5Bdisabled%5D=false"
      },
      "geometry": {
        "type": "Point",
        "coordinates": [
          110.24647864,
          -7.93874128
        ]
      }
    },
    {
      "type": "Feature",
      "properties": {
        "id": "1261",
        "slug": "embung-tambakboyo",
        "name": "ViewTambakboyo",
        "alias_name": "Embung Tambakboyo",
        "group_name": "Dinas Kominfo DIY",
        "pin_type": "cctv",
        "category": "embung, panorama, sleman",
        "connected": true,
        "featured": false,
        "descr": "Dinas Kominfo DIY • embung, panorama, sleman",
        "stream_url": "https://cctv.jogjaprov.go.id/cctv-proxy/cctv-public/ViewTambakboyo.stream/playlist.m3u8",
        "video_url": "https://cctv.jogjaprov.go.id/cctv-proxy/cctv-public/ViewTambakboyo.stream/playlist.m3u8",
        "cctv_link": "https://cctv.jogjaprov.go.id/cctv-proxy/cctv-public/ViewTambakboyo.stream/playlist.m3u8",
        "portal_url": "https://cctv.jogjaprov.go.id",
        "source_url": "https://cctv.jogjaprov.go.id/api/v1/location-pins?include=area,categories&filter%5Bhas_coords%5D=true&filter%5Bhas_slug%5D=true&filter%5Bevent_active%5D=true&filter%5Bdisabled%5D=false"
      },
      "geometry": {
        "type": "Point",
        "coordinates": [
          110.414659,
          -7.754747
        ]
      }
    },
    {
      "type": "Feature",
      "properties": {
        "id": "1265",
        "slug": "pantai-sadeng-gunungkidul",
        "name": "ViewSadeng",
        "alias_name": "Pantai Sadeng Gunungkidul",
        "group_name": "Dinas Kominfo DIY",
        "pin_type": "cctv",
        "category": "pantai, panorama, Gunungkidul",
        "connected": true,
        "featured": false,
        "descr": "Dinas Kominfo DIY • pantai, panorama, Gunungkidul",
        "stream_url": "https://cctv.jogjaprov.go.id/cctv-proxy/cctv-public/ViewSadeng.stream/playlist.m3u8",
        "video_url": "https://cctv.jogjaprov.go.id/cctv-proxy/cctv-public/ViewSadeng.stream/playlist.m3u8",
        "cctv_link": "https://cctv.jogjaprov.go.id/cctv-proxy/cctv-public/ViewSadeng.stream/playlist.m3u8",
        "portal_url": "https://cctv.jogjaprov.go.id",
        "source_url": "https://cctv.jogjaprov.go.id/api/v1/location-pins?include=area,categories&filter%5Bhas_coords%5D=true&filter%5Bhas_slug%5D=true&filter%5Bevent_active%5D=true&filter%5Bdisabled%5D=false"
      },
      "geometry": {
        "type": "Point",
        "coordinates": [
          110.799262,
          -8.189188
        ]
      }
    },
    {
      "type": "Feature",
      "properties": {
        "id": "1267",
        "slug": "stasiun-tugu-view-pintu-timur",
        "name": "ViewStasiunTugu",
        "alias_name": "Stasiun Tugu (view pintu timur)",
        "group_name": "Dinas Kominfo DIY",
        "pin_type": "cctv",
        "category": "panorama, kota, stasiun, kereta api",
        "connected": true,
        "featured": false,
        "descr": "Dinas Kominfo DIY • panorama, kota, stasiun, kereta api",
        "stream_url": "https://cctv.jogjaprov.go.id/cctv-proxy/cctv-public/ViewStasiunTugu.stream/playlist.m3u8",
        "video_url": "https://cctv.jogjaprov.go.id/cctv-proxy/cctv-public/ViewStasiunTugu.stream/playlist.m3u8",
        "cctv_link": "https://cctv.jogjaprov.go.id/cctv-proxy/cctv-public/ViewStasiunTugu.stream/playlist.m3u8",
        "portal_url": "https://cctv.jogjaprov.go.id",
        "source_url": "https://cctv.jogjaprov.go.id/api/v1/location-pins?include=area,categories&filter%5Bhas_coords%5D=true&filter%5Bhas_slug%5D=true&filter%5Bevent_active%5D=true&filter%5Bdisabled%5D=false"
      },
      "geometry": {
        "type": "Point",
        "coordinates": [
          110.366395,
          -7.789384
        ]
      }
    },
    {
      "type": "Feature",
      "properties": {
        "id": "1270",
        "slug": "gunung-merapi-view-dari-museum",
        "name": "ViewGunungMerapi",
        "alias_name": "Gunung Merapi (view dari Museum)",
        "group_name": "Dinas Kominfo DIY",
        "pin_type": "cctv",
        "category": "gunung, merapi, panorama, sleman",
        "connected": true,
        "featured": false,
        "descr": "Dinas Kominfo DIY • gunung, merapi, panorama, sleman",
        "stream_url": "https://cctv.jogjaprov.go.id/cctv-proxy/cctv-public/ViewGunungMerapi.stream/playlist.m3u8",
        "video_url": "https://cctv.jogjaprov.go.id/cctv-proxy/cctv-public/ViewGunungMerapi.stream/playlist.m3u8",
        "cctv_link": "https://cctv.jogjaprov.go.id/cctv-proxy/cctv-public/ViewGunungMerapi.stream/playlist.m3u8",
        "portal_url": "https://cctv.jogjaprov.go.id",
        "source_url": "https://cctv.jogjaprov.go.id/api/v1/location-pins?include=area,categories&filter%5Bhas_coords%5D=true&filter%5Bhas_slug%5D=true&filter%5Bevent_active%5D=true&filter%5Bdisabled%5D=false"
      },
      "geometry": {
        "type": "Point",
        "coordinates": [
          110.424372,
          -7.615944
        ]
      }
    },
    {
      "type": "Feature",
      "properties": {
        "id": "1273",
        "slug": "alun-alun-kidul",
        "name": "ViewAlunAlunKidul",
        "alias_name": "Alun Alun Kidul",
        "group_name": "Dinas Kominfo DIY",
        "pin_type": "cctv",
        "category": "alun-alun, panorama, kota",
        "connected": true,
        "featured": false,
        "descr": "Dinas Kominfo DIY • alun-alun, panorama, kota",
        "stream_url": "https://cctv.jogjaprov.go.id/cctv-proxy/cctv-public/ViewAlunAlunKidul.stream/playlist.m3u8",
        "video_url": "https://cctv.jogjaprov.go.id/cctv-proxy/cctv-public/ViewAlunAlunKidul.stream/playlist.m3u8",
        "cctv_link": "https://cctv.jogjaprov.go.id/cctv-proxy/cctv-public/ViewAlunAlunKidul.stream/playlist.m3u8",
        "portal_url": "https://cctv.jogjaprov.go.id",
        "source_url": "https://cctv.jogjaprov.go.id/api/v1/location-pins?include=area,categories&filter%5Bhas_coords%5D=true&filter%5Bhas_slug%5D=true&filter%5Bevent_active%5D=true&filter%5Bdisabled%5D=false"
      },
      "geometry": {
        "type": "Point",
        "coordinates": [
          110.363893,
          -7.811285
        ]
      }
    },
    {
      "type": "Feature",
      "properties": {
        "id": "1274",
        "slug": "pantai-pandansari",
        "name": "ViewPandansari",
        "alias_name": "Pantai Pandansari",
        "group_name": "Dinas Kominfo DIY",
        "pin_type": "cctv",
        "category": "pantai, panorama, bantul",
        "connected": true,
        "featured": false,
        "descr": "Dinas Kominfo DIY • pantai, panorama, bantul",
        "stream_url": "https://cctv.jogjaprov.go.id/cctv-proxy/cctv-public/ViewPandansari.stream/playlist.m3u8",
        "video_url": "https://cctv.jogjaprov.go.id/cctv-proxy/cctv-public/ViewPandansari.stream/playlist.m3u8",
        "cctv_link": "https://cctv.jogjaprov.go.id/cctv-proxy/cctv-public/ViewPandansari.stream/playlist.m3u8",
        "portal_url": "https://cctv.jogjaprov.go.id",
        "source_url": "https://cctv.jogjaprov.go.id/api/v1/location-pins?include=area,categories&filter%5Bhas_coords%5D=true&filter%5Bhas_slug%5D=true&filter%5Bevent_active%5D=true&filter%5Bdisabled%5D=false"
      },
      "geometry": {
        "type": "Point",
        "coordinates": [
          110.25294654,
          -7.9994579
        ]
      }
    },
    {
      "type": "Feature",
      "properties": {
        "id": "1275",
        "slug": "pantai-parangtritis",
        "name": "ViewParangtritis",
        "alias_name": "Pantai Parangtritis",
        "group_name": "Dinas Kominfo DIY",
        "pin_type": "cctv",
        "category": "pantai, panorama, bantul",
        "connected": true,
        "featured": true,
        "descr": "Dinas Kominfo DIY • pantai, panorama, bantul",
        "stream_url": "https://cctv.jogjaprov.go.id/cctv-proxy/cctv-public/ViewParangtritis.stream/playlist.m3u8",
        "video_url": "https://cctv.jogjaprov.go.id/cctv-proxy/cctv-public/ViewParangtritis.stream/playlist.m3u8",
        "cctv_link": "https://cctv.jogjaprov.go.id/cctv-proxy/cctv-public/ViewParangtritis.stream/playlist.m3u8",
        "portal_url": "https://cctv.jogjaprov.go.id",
        "source_url": "https://cctv.jogjaprov.go.id/api/v1/location-pins?include=area,categories&filter%5Bhas_coords%5D=true&filter%5Bhas_slug%5D=true&filter%5Bevent_active%5D=true&filter%5Bdisabled%5D=false"
      },
      "geometry": {
        "type": "Point",
        "coordinates": [
          110.33322808,
          -8.02517587
        ]
      }
    },
    {
      "type": "Feature",
      "properties": {
        "id": "1276",
        "slug": "candi-ratu-boko",
        "name": "ViewCandiBoko",
        "alias_name": "Candi Ratu Boko",
        "group_name": "Dinas Kominfo DIY",
        "pin_type": "cctv",
        "category": "candi, panorama, sleman",
        "connected": true,
        "featured": false,
        "descr": "Dinas Kominfo DIY • candi, panorama, sleman",
        "stream_url": "https://cctv.jogjaprov.go.id/cctv-proxy/cctv-public/ViewCandiBoko.stream/playlist.m3u8",
        "video_url": "https://cctv.jogjaprov.go.id/cctv-proxy/cctv-public/ViewCandiBoko.stream/playlist.m3u8",
        "cctv_link": "https://cctv.jogjaprov.go.id/cctv-proxy/cctv-public/ViewCandiBoko.stream/playlist.m3u8",
        "portal_url": "https://cctv.jogjaprov.go.id",
        "source_url": "https://cctv.jogjaprov.go.id/api/v1/location-pins?include=area,categories&filter%5Bhas_coords%5D=true&filter%5Bhas_slug%5D=true&filter%5Bevent_active%5D=true&filter%5Bdisabled%5D=false"
      },
      "geometry": {
        "type": "Point",
        "coordinates": [
          110.487326,
          -7.769285
        ]
      }
    },
    {
      "type": "Feature",
      "properties": {
        "id": "1277",
        "slug": "depan-pasar-beringharjo",
        "name": "ViewDepanBeringharjo",
        "alias_name": "Depan Pasar Beringharjo",
        "group_name": "Dinas Kominfo DIY",
        "pin_type": "cctv",
        "category": "malioboro, pasar, panorama, kota, PBTY 2026",
        "connected": true,
        "featured": false,
        "descr": "Dinas Kominfo DIY • malioboro, pasar, panorama, kota, PBTY 2026",
        "stream_url": "https://cctv.jogjaprov.go.id/cctv-proxy/cctv-public/ViewDepanBeringharjo.stream/playlist.m3u8",
        "video_url": "https://cctv.jogjaprov.go.id/cctv-proxy/cctv-public/ViewDepanBeringharjo.stream/playlist.m3u8",
        "cctv_link": "https://cctv.jogjaprov.go.id/cctv-proxy/cctv-public/ViewDepanBeringharjo.stream/playlist.m3u8",
        "portal_url": "https://cctv.jogjaprov.go.id",
        "source_url": "https://cctv.jogjaprov.go.id/api/v1/location-pins?include=area,categories&filter%5Bhas_coords%5D=true&filter%5Bhas_slug%5D=true&filter%5Bevent_active%5D=true&filter%5Bdisabled%5D=false"
      },
      "geometry": {
        "type": "Point",
        "coordinates": [
          110.364979,
          -7.798546
        ]
      }
    },
    {
      "type": "Feature",
      "properties": {
        "id": "1278",
        "slug": "tebing-breksi",
        "name": "ViewBreksi",
        "alias_name": "Tebing Breksi",
        "group_name": "Dinas Kominfo DIY",
        "pin_type": "cctv",
        "category": "panorama, sleman, tebing",
        "connected": true,
        "featured": false,
        "descr": "Dinas Kominfo DIY • panorama, sleman, tebing",
        "stream_url": "https://cctv.jogjaprov.go.id/cctv-proxy/cctv-public/ViewBreksi.stream/playlist.m3u8",
        "video_url": "https://cctv.jogjaprov.go.id/cctv-proxy/cctv-public/ViewBreksi.stream/playlist.m3u8",
        "cctv_link": "https://cctv.jogjaprov.go.id/cctv-proxy/cctv-public/ViewBreksi.stream/playlist.m3u8",
        "portal_url": "https://cctv.jogjaprov.go.id",
        "source_url": "https://cctv.jogjaprov.go.id/api/v1/location-pins?include=area,categories&filter%5Bhas_coords%5D=true&filter%5Bhas_slug%5D=true&filter%5Bevent_active%5D=true&filter%5Bdisabled%5D=false"
      },
      "geometry": {
        "type": "Point",
        "coordinates": [
          110.50447,
          -7.781626
        ]
      }
    },
    {
      "type": "Feature",
      "properties": {
        "id": "1279",
        "slug": "gunung-merapi-view-dari-klangon",
        "name": "ViewBukitKlangon",
        "alias_name": "Gunung Merapi (view dari Klangon)",
        "group_name": "Dinas Kominfo DIY",
        "pin_type": "cctv",
        "category": "gunung, merapi, sleman",
        "connected": true,
        "featured": false,
        "descr": "Dinas Kominfo DIY • gunung, merapi, sleman",
        "stream_url": "https://cctv.jogjaprov.go.id/cctv-proxy/cctv-public/ViewBukitKlangon.stream/playlist.m3u8",
        "video_url": "https://cctv.jogjaprov.go.id/cctv-proxy/cctv-public/ViewBukitKlangon.stream/playlist.m3u8",
        "cctv_link": "https://cctv.jogjaprov.go.id/cctv-proxy/cctv-public/ViewBukitKlangon.stream/playlist.m3u8",
        "portal_url": "https://cctv.jogjaprov.go.id",
        "source_url": "https://cctv.jogjaprov.go.id/api/v1/location-pins?include=area,categories&filter%5Bhas_coords%5D=true&filter%5Bhas_slug%5D=true&filter%5Bevent_active%5D=true&filter%5Bdisabled%5D=false"
      },
      "geometry": {
        "type": "Point",
        "coordinates": [
          110.45428,
          -7.576855
        ]
      }
    },
    {
      "type": "Feature",
      "properties": {
        "id": "1281",
        "slug": "depan-plazamall-malioboro",
        "name": "ViewDepanMall",
        "alias_name": "Depan Plaza/Mall Malioboro",
        "group_name": "Dinas Kominfo DIY",
        "pin_type": "cctv",
        "category": "kota, malioboro, panorama",
        "connected": true,
        "featured": false,
        "descr": "Dinas Kominfo DIY • kota, malioboro, panorama",
        "stream_url": "https://cctv.jogjaprov.go.id/cctv-proxy/cctv-public/ViewDepanMall.stream/playlist.m3u8",
        "video_url": "https://cctv.jogjaprov.go.id/cctv-proxy/cctv-public/ViewDepanMall.stream/playlist.m3u8",
        "cctv_link": "https://cctv.jogjaprov.go.id/cctv-proxy/cctv-public/ViewDepanMall.stream/playlist.m3u8",
        "portal_url": "https://cctv.jogjaprov.go.id",
        "source_url": "https://cctv.jogjaprov.go.id/api/v1/location-pins?include=area,categories&filter%5Bhas_coords%5D=true&filter%5Bhas_slug%5D=true&filter%5Bevent_active%5D=true&filter%5Bdisabled%5D=false"
      },
      "geometry": {
        "type": "Point",
        "coordinates": [
          110.365725,
          -7.793014
        ]
      }
    },
    {
      "type": "Feature",
      "properties": {
        "id": "1284",
        "slug": "tugu-view-dari-atas",
        "name": "ViewTugu",
        "alias_name": "Tugu (view dari atas)",
        "group_name": "Dinas Kominfo DIY",
        "pin_type": "cctv",
        "category": "kota, panorama, tugu, simpang",
        "connected": true,
        "featured": false,
        "descr": "Dinas Kominfo DIY • kota, panorama, tugu, simpang",
        "stream_url": "https://cctv.jogjaprov.go.id/cctv-proxy/cctv-public/ViewTugu.stream/playlist.m3u8",
        "video_url": "https://cctv.jogjaprov.go.id/cctv-proxy/cctv-public/ViewTugu.stream/playlist.m3u8",
        "cctv_link": "https://cctv.jogjaprov.go.id/cctv-proxy/cctv-public/ViewTugu.stream/playlist.m3u8",
        "portal_url": "https://cctv.jogjaprov.go.id",
        "source_url": "https://cctv.jogjaprov.go.id/api/v1/location-pins?include=area,categories&filter%5Bhas_coords%5D=true&filter%5Bhas_slug%5D=true&filter%5Bevent_active%5D=true&filter%5Bdisabled%5D=false"
      },
      "geometry": {
        "type": "Point",
        "coordinates": [
          110.36747861,
          -7.78263553
        ]
      }
    },
    {
      "type": "Feature",
      "properties": {
        "id": "1285",
        "slug": "embung-nglanggeran",
        "name": "ViewNglanggeran",
        "alias_name": "Embung Nglanggeran",
        "group_name": "Dinas Kominfo DIY",
        "pin_type": "cctv",
        "category": "embung, panorama, Gunungkidul",
        "connected": true,
        "featured": false,
        "descr": "Dinas Kominfo DIY • embung, panorama, Gunungkidul",
        "stream_url": "https://cctv.jogjaprov.go.id/cctv-proxy/cctv-public/ViewNglanggeran.stream/playlist.m3u8",
        "video_url": "https://cctv.jogjaprov.go.id/cctv-proxy/cctv-public/ViewNglanggeran.stream/playlist.m3u8",
        "cctv_link": "https://cctv.jogjaprov.go.id/cctv-proxy/cctv-public/ViewNglanggeran.stream/playlist.m3u8",
        "portal_url": "https://cctv.jogjaprov.go.id",
        "source_url": "https://cctv.jogjaprov.go.id/api/v1/location-pins?include=area,categories&filter%5Bhas_coords%5D=true&filter%5Bhas_slug%5D=true&filter%5Bevent_active%5D=true&filter%5Bdisabled%5D=false"
      },
      "geometry": {
        "type": "Point",
        "coordinates": [
          110.54710563,
          -7.8467304
        ]
      }
    },
    {
      "type": "Feature",
      "properties": {
        "id": "1286",
        "slug": "pasar-kembang",
        "name": "ViewDepanGaruda",
        "alias_name": "Pasar Kembang",
        "group_name": "Dinas Kominfo DIY",
        "pin_type": "cctv",
        "category": "malioboro, panorama, kota",
        "connected": true,
        "featured": false,
        "descr": "Dinas Kominfo DIY • malioboro, panorama, kota",
        "stream_url": "https://cctv.jogjaprov.go.id/cctv-proxy/cctv-public/ViewDepanGaruda.stream/playlist.m3u8",
        "video_url": "https://cctv.jogjaprov.go.id/cctv-proxy/cctv-public/ViewDepanGaruda.stream/playlist.m3u8",
        "cctv_link": "https://cctv.jogjaprov.go.id/cctv-proxy/cctv-public/ViewDepanGaruda.stream/playlist.m3u8",
        "portal_url": "https://cctv.jogjaprov.go.id",
        "source_url": "https://cctv.jogjaprov.go.id/api/v1/location-pins?include=area,categories&filter%5Bhas_coords%5D=true&filter%5Bhas_slug%5D=true&filter%5Bevent_active%5D=true&filter%5Bdisabled%5D=false"
      },
      "geometry": {
        "type": "Point",
        "coordinates": [
          110.36607206,
          -7.7899149
        ]
      }
    },
    {
      "type": "Feature",
      "properties": {
        "id": "1287",
        "slug": "titik-nol-kilometer-view-dari-pojok-bni",
        "name": "ViewNolKilo",
        "alias_name": "Titik Nol Kilometer (view dari pojok BNI)",
        "group_name": "Dinas Kominfo DIY",
        "pin_type": "cctv",
        "category": "simpang, malioboro, panorama, kota, Nol Kilometer, PBTY 2026",
        "connected": true,
        "featured": false,
        "descr": "Dinas Kominfo DIY • simpang, malioboro, panorama, kota, Nol Kilometer, PBTY 2026",
        "stream_url": "https://cctv.jogjaprov.go.id/cctv-proxy/cctv-public/ViewNolKilo.stream/playlist.m3u8",
        "video_url": "https://cctv.jogjaprov.go.id/cctv-proxy/cctv-public/ViewNolKilo.stream/playlist.m3u8",
        "cctv_link": "https://cctv.jogjaprov.go.id/cctv-proxy/cctv-public/ViewNolKilo.stream/playlist.m3u8",
        "portal_url": "https://cctv.jogjaprov.go.id",
        "source_url": "https://cctv.jogjaprov.go.id/api/v1/location-pins?include=area,categories&filter%5Bhas_coords%5D=true&filter%5Bhas_slug%5D=true&filter%5Bevent_active%5D=true&filter%5Bdisabled%5D=false"
      },
      "geometry": {
        "type": "Point",
        "coordinates": [
          110.364663,
          -7.801565
        ]
      }
    },
    {
      "type": "Feature",
      "properties": {
        "id": "1288",
        "slug": "candi-ijo",
        "name": "ViewCandiIjo",
        "alias_name": "Candi Ijo",
        "group_name": "Dinas Kominfo DIY",
        "pin_type": "cctv",
        "category": "candi, panorama, sleman",
        "connected": true,
        "featured": false,
        "descr": "Dinas Kominfo DIY • candi, panorama, sleman",
        "stream_url": "https://cctv.jogjaprov.go.id/cctv-proxy/cctv-public/ViewCandiIjo.stream/playlist.m3u8",
        "video_url": "https://cctv.jogjaprov.go.id/cctv-proxy/cctv-public/ViewCandiIjo.stream/playlist.m3u8",
        "cctv_link": "https://cctv.jogjaprov.go.id/cctv-proxy/cctv-public/ViewCandiIjo.stream/playlist.m3u8",
        "portal_url": "https://cctv.jogjaprov.go.id",
        "source_url": "https://cctv.jogjaprov.go.id/api/v1/location-pins?include=area,categories&filter%5Bhas_coords%5D=true&filter%5Bhas_slug%5D=true&filter%5Bevent_active%5D=true&filter%5Bdisabled%5D=false"
      },
      "geometry": {
        "type": "Point",
        "coordinates": [
          110.512664,
          -7.784379
        ]
      }
    },
    {
      "type": "Feature",
      "properties": {
        "id": "1291",
        "slug": "pantai-baron-view-dari-atas",
        "name": "ViewBaron",
        "alias_name": "Pantai Baron (view dari atas)",
        "group_name": "Dinas Kominfo DIY",
        "pin_type": "cctv",
        "category": "pantai, Gunungkidul",
        "connected": true,
        "featured": false,
        "descr": "Dinas Kominfo DIY • pantai, Gunungkidul",
        "stream_url": "https://cctv.jogjaprov.go.id/cctv-proxy/cctv-public/ViewBaron.stream/playlist.m3u8",
        "video_url": "https://cctv.jogjaprov.go.id/cctv-proxy/cctv-public/ViewBaron.stream/playlist.m3u8",
        "cctv_link": "https://cctv.jogjaprov.go.id/cctv-proxy/cctv-public/ViewBaron.stream/playlist.m3u8",
        "portal_url": "https://cctv.jogjaprov.go.id",
        "source_url": "https://cctv.jogjaprov.go.id/api/v1/location-pins?include=area,categories&filter%5Bhas_coords%5D=true&filter%5Bhas_slug%5D=true&filter%5Bevent_active%5D=true&filter%5Bdisabled%5D=false"
      },
      "geometry": {
        "type": "Point",
        "coordinates": [
          110.549097,
          -8.130966
        ]
      }
    },
    {
      "type": "Feature",
      "properties": {
        "id": "1293",
        "slug": "candi-sambisari",
        "name": "ViewCandiSambisari",
        "alias_name": "Candi Sambisari",
        "group_name": "Dinas Kominfo DIY",
        "pin_type": "cctv",
        "category": "candi, panorama, sleman",
        "connected": true,
        "featured": false,
        "descr": "Dinas Kominfo DIY • candi, panorama, sleman",
        "stream_url": "https://cctv.jogjaprov.go.id/cctv-proxy/cctv-public/ViewCandiSambisari.stream/playlist.m3u8",
        "video_url": "https://cctv.jogjaprov.go.id/cctv-proxy/cctv-public/ViewCandiSambisari.stream/playlist.m3u8",
        "cctv_link": "https://cctv.jogjaprov.go.id/cctv-proxy/cctv-public/ViewCandiSambisari.stream/playlist.m3u8",
        "portal_url": "https://cctv.jogjaprov.go.id",
        "source_url": "https://cctv.jogjaprov.go.id/api/v1/location-pins?include=area,categories&filter%5Bhas_coords%5D=true&filter%5Bhas_slug%5D=true&filter%5Bevent_active%5D=true&filter%5Bdisabled%5D=false"
      },
      "geometry": {
        "type": "Point",
        "coordinates": [
          110.446451,
          -7.762557
        ]
      }
    },
    {
      "type": "Feature",
      "properties": {
        "id": "1295",
        "slug": "tugu-view-dari-simpang",
        "name": "ViewSimpangTugu",
        "alias_name": "Tugu (view dari simpang)",
        "group_name": "Dinas Kominfo DIY",
        "pin_type": "cctv",
        "category": "simpang, panorama, kota, tugu",
        "connected": true,
        "featured": false,
        "descr": "Dinas Kominfo DIY • simpang, panorama, kota, tugu",
        "stream_url": "https://cctv.jogjaprov.go.id/cctv-proxy/cctv-public/ViewSimpangTugu.stream/playlist.m3u8",
        "video_url": "https://cctv.jogjaprov.go.id/cctv-proxy/cctv-public/ViewSimpangTugu.stream/playlist.m3u8",
        "cctv_link": "https://cctv.jogjaprov.go.id/cctv-proxy/cctv-public/ViewSimpangTugu.stream/playlist.m3u8",
        "portal_url": "https://cctv.jogjaprov.go.id",
        "source_url": "https://cctv.jogjaprov.go.id/api/v1/location-pins?include=area,categories&filter%5Bhas_coords%5D=true&filter%5Bhas_slug%5D=true&filter%5Bevent_active%5D=true&filter%5Bdisabled%5D=false"
      },
      "geometry": {
        "type": "Point",
        "coordinates": [
          110.366917,
          -7.783228
        ]
      }
    },
    {
      "type": "Feature",
      "properties": {
        "id": "1304",
        "slug": "kebun-buah-mangunan",
        "name": "ViewMangunan",
        "alias_name": "Kebun Buah Mangunan",
        "group_name": "Dinas Kominfo DIY",
        "pin_type": "cctv",
        "category": "panorama, bantul, mangunan",
        "connected": true,
        "featured": false,
        "descr": "Dinas Kominfo DIY • panorama, bantul, mangunan",
        "stream_url": "https://cctv.jogjaprov.go.id/cctv-proxy/cctv-public/ViewMangunan.stream/playlist.m3u8",
        "video_url": "https://cctv.jogjaprov.go.id/cctv-proxy/cctv-public/ViewMangunan.stream/playlist.m3u8",
        "cctv_link": "https://cctv.jogjaprov.go.id/cctv-proxy/cctv-public/ViewMangunan.stream/playlist.m3u8",
        "portal_url": "https://cctv.jogjaprov.go.id",
        "source_url": "https://cctv.jogjaprov.go.id/api/v1/location-pins?include=area,categories&filter%5Bhas_coords%5D=true&filter%5Bhas_slug%5D=true&filter%5Bevent_active%5D=true&filter%5Bdisabled%5D=false"
      },
      "geometry": {
        "type": "Point",
        "coordinates": [
          110.424256,
          -7.941025
        ]
      }
    },
    {
      "type": "Feature",
      "properties": {
        "id": "1809",
        "slug": "seturan-view-selatan",
        "name": "SeturanSelatan",
        "alias_name": "Seturan view Selatan",
        "group_name": "Dinas Perhubungan DIY",
        "pin_type": "cctv",
        "category": "simpang, sleman",
        "connected": true,
        "featured": false,
        "descr": "Dinas Perhubungan DIY • simpang, sleman",
        "stream_url": "https://cctv.jogjaprov.go.id/cctv-proxy/atcs/SeturanSelatan.stream/playlist.m3u8",
        "video_url": "https://cctv.jogjaprov.go.id/cctv-proxy/atcs/SeturanSelatan.stream/playlist.m3u8",
        "cctv_link": "https://cctv.jogjaprov.go.id/cctv-proxy/atcs/SeturanSelatan.stream/playlist.m3u8",
        "portal_url": "https://cctv.jogjaprov.go.id",
        "source_url": "https://cctv.jogjaprov.go.id/api/v1/location-pins?include=area,categories&filter%5Bhas_coords%5D=true&filter%5Bhas_slug%5D=true&filter%5Bevent_active%5D=true&filter%5Bdisabled%5D=false"
      },
      "geometry": {
        "type": "Point",
        "coordinates": [
          110.41190936,
          -7.76190672
        ]
      }
    },
    {
      "type": "Feature",
      "properties": {
        "id": "1811",
        "slug": "seturan-view-utara",
        "name": "SeturanUtara",
        "alias_name": "Seturan view Utara",
        "group_name": "Dinas Perhubungan DIY",
        "pin_type": "cctv",
        "category": "simpang, sleman",
        "connected": false,
        "featured": false,
        "descr": "Dinas Perhubungan DIY • simpang, sleman",
        "stream_url": "https://cctv.jogjaprov.go.id/cctv-proxy/atcs/SeturanUtara.stream/playlist.m3u8",
        "video_url": "https://cctv.jogjaprov.go.id/cctv-proxy/atcs/SeturanUtara.stream/playlist.m3u8",
        "cctv_link": "https://cctv.jogjaprov.go.id/cctv-proxy/atcs/SeturanUtara.stream/playlist.m3u8",
        "portal_url": "https://cctv.jogjaprov.go.id",
        "source_url": "https://cctv.jogjaprov.go.id/api/v1/location-pins?include=area,categories&filter%5Bhas_coords%5D=true&filter%5Bhas_slug%5D=true&filter%5Bevent_active%5D=true&filter%5Bdisabled%5D=false"
      },
      "geometry": {
        "type": "Point",
        "coordinates": [
          110.41209916,
          -7.76158419
        ]
      }
    },
    {
      "type": "Feature",
      "properties": {
        "id": "1814",
        "slug": "simpang-maguwo-view-utara-2",
        "name": "MaguwoUtara",
        "alias_name": "Simpang Maguwo view Utara 2",
        "group_name": "Dinas Perhubungan DIY",
        "pin_type": "cctv",
        "category": "sleman, simpang",
        "connected": false,
        "featured": false,
        "descr": "Dinas Perhubungan DIY • sleman, simpang",
        "stream_url": "https://cctv.jogjaprov.go.id/cctv-proxy/atcs/MaguwoUtara.stream/playlist.m3u8",
        "video_url": "https://cctv.jogjaprov.go.id/cctv-proxy/atcs/MaguwoUtara.stream/playlist.m3u8",
        "cctv_link": "https://cctv.jogjaprov.go.id/cctv-proxy/atcs/MaguwoUtara.stream/playlist.m3u8",
        "portal_url": "https://cctv.jogjaprov.go.id",
        "source_url": "https://cctv.jogjaprov.go.id/api/v1/location-pins?include=area,categories&filter%5Bhas_coords%5D=true&filter%5Bhas_slug%5D=true&filter%5Bevent_active%5D=true&filter%5Bdisabled%5D=false"
      },
      "geometry": {
        "type": "Point",
        "coordinates": [
          110.42981739,
          -7.78313901
        ]
      }
    },
    {
      "type": "Feature",
      "properties": {
        "id": "1815",
        "slug": "simpang-kentungan-arah-barat",
        "name": "KentunganBarat",
        "alias_name": "Simpang Kentungan (arah barat)",
        "group_name": "Dinas Perhubungan DIY",
        "pin_type": "cctv",
        "category": "simpang, sleman",
        "connected": true,
        "featured": false,
        "descr": "Dinas Perhubungan DIY • simpang, sleman",
        "stream_url": "https://cctv.jogjaprov.go.id/cctv-proxy/atcs/KentunganBarat.stream/playlist.m3u8",
        "video_url": "https://cctv.jogjaprov.go.id/cctv-proxy/atcs/KentunganBarat.stream/playlist.m3u8",
        "cctv_link": "https://cctv.jogjaprov.go.id/cctv-proxy/atcs/KentunganBarat.stream/playlist.m3u8",
        "portal_url": "https://cctv.jogjaprov.go.id",
        "source_url": "https://cctv.jogjaprov.go.id/api/v1/location-pins?include=area,categories&filter%5Bhas_coords%5D=true&filter%5Bhas_slug%5D=true&filter%5Bevent_active%5D=true&filter%5Bdisabled%5D=false"
      },
      "geometry": {
        "type": "Point",
        "coordinates": [
          110.3833169,
          -7.75470401
        ]
      }
    },
    {
      "type": "Feature",
      "properties": {
        "id": "1816",
        "slug": "simpang-demen-glagah",
        "name": "DemenGlagah",
        "alias_name": "Simpang Demen Glagah",
        "group_name": "Dinas Perhubungan DIY",
        "pin_type": "cctv",
        "category": "simpang, kulon progo",
        "connected": true,
        "featured": false,
        "descr": "Dinas Perhubungan DIY • simpang, kulon progo",
        "stream_url": "https://cctv.jogjaprov.go.id/cctv-proxy/atcs/DemenGlagah.stream/playlist.m3u8",
        "video_url": "https://cctv.jogjaprov.go.id/cctv-proxy/atcs/DemenGlagah.stream/playlist.m3u8",
        "cctv_link": "https://cctv.jogjaprov.go.id/cctv-proxy/atcs/DemenGlagah.stream/playlist.m3u8",
        "portal_url": "https://cctv.jogjaprov.go.id",
        "source_url": "https://cctv.jogjaprov.go.id/api/v1/location-pins?include=area,categories&filter%5Bhas_coords%5D=true&filter%5Bhas_slug%5D=true&filter%5Bevent_active%5D=true&filter%5Bdisabled%5D=false"
      },
      "geometry": {
        "type": "Point",
        "coordinates": [
          110.09248793,
          -7.8880664
        ]
      }
    },
    {
      "type": "Feature",
      "properties": {
        "id": "1817",
        "slug": "simpang-ngeplang",
        "name": "Ngeplang",
        "alias_name": "Simpang Ngeplang",
        "group_name": "Dinas Perhubungan DIY",
        "pin_type": "cctv",
        "category": "",
        "connected": false,
        "featured": false,
        "descr": "Dinas Perhubungan DIY",
        "stream_url": "https://cctv.jogjaprov.go.id/cctv-proxy/atcs/Ngeplang.stream/playlist.m3u8",
        "video_url": "https://cctv.jogjaprov.go.id/cctv-proxy/atcs/Ngeplang.stream/playlist.m3u8",
        "cctv_link": "https://cctv.jogjaprov.go.id/cctv-proxy/atcs/Ngeplang.stream/playlist.m3u8",
        "portal_url": "https://cctv.jogjaprov.go.id",
        "source_url": "https://cctv.jogjaprov.go.id/api/v1/location-pins?include=area,categories&filter%5Bhas_coords%5D=true&filter%5Bhas_slug%5D=true&filter%5Bevent_active%5D=true&filter%5Bdisabled%5D=false"
      },
      "geometry": {
        "type": "Point",
        "coordinates": [
          110.22443165,
          -7.82674201
        ]
      }
    },
    {
      "type": "Feature",
      "properties": {
        "id": "1818",
        "slug": "simpang-monjali",
        "name": "Monjali",
        "alias_name": "Simpang Monjali",
        "group_name": "Dinas Perhubungan DIY",
        "pin_type": "cctv",
        "category": "simpang, sleman",
        "connected": true,
        "featured": false,
        "descr": "Dinas Perhubungan DIY • simpang, sleman",
        "stream_url": "https://cctv.jogjaprov.go.id/cctv-proxy/atcs/Monjali.stream/playlist.m3u8",
        "video_url": "https://cctv.jogjaprov.go.id/cctv-proxy/atcs/Monjali.stream/playlist.m3u8",
        "cctv_link": "https://cctv.jogjaprov.go.id/cctv-proxy/atcs/Monjali.stream/playlist.m3u8",
        "portal_url": "https://cctv.jogjaprov.go.id",
        "source_url": "https://cctv.jogjaprov.go.id/api/v1/location-pins?include=area,categories&filter%5Bhas_coords%5D=true&filter%5Bhas_slug%5D=true&filter%5Bevent_active%5D=true&filter%5Bdisabled%5D=false"
      },
      "geometry": {
        "type": "Point",
        "coordinates": [
          110.37111759,
          -7.75108727
        ]
      }
    },
    {
      "type": "Feature",
      "properties": {
        "id": "1820",
        "slug": "gramedia2",
        "name": "Gramedia2",
        "alias_name": "Gramedia2",
        "group_name": "Dinas Kominfosan Yogyakarta",
        "pin_type": "cctv",
        "category": "simpang, kota",
        "connected": true,
        "featured": false,
        "descr": "Dinas Kominfosan Yogyakarta • simpang, kota",
        "stream_url": "https://cctv.jogjaprov.go.id/cctv-proxy/atcs/Gramedia2.stream/playlist.m3u8",
        "video_url": "https://cctv.jogjaprov.go.id/cctv-proxy/atcs/Gramedia2.stream/playlist.m3u8",
        "cctv_link": "https://cctv.jogjaprov.go.id/cctv-proxy/atcs/Gramedia2.stream/playlist.m3u8",
        "portal_url": "https://cctv.jogjaprov.go.id",
        "source_url": "https://cctv.jogjaprov.go.id/api/v1/location-pins?include=area,categories&filter%5Bhas_coords%5D=true&filter%5Bhas_slug%5D=true&filter%5Bevent_active%5D=true&filter%5Bdisabled%5D=false"
      },
      "geometry": {
        "type": "Point",
        "coordinates": [
          110.37466294,
          -7.78269041
        ]
      }
    },
    {
      "type": "Feature",
      "properties": {
        "id": "1911",
        "slug": "simpang-fmnoto-gardu-aniem",
        "name": "FMNotoAniem",
        "alias_name": "Simpang FMNoto (Gardu Aniem)",
        "group_name": "Dinas Kominfosan Yogyakarta",
        "pin_type": "cctv",
        "category": "simpang, kota",
        "connected": true,
        "featured": false,
        "descr": "Dinas Kominfosan Yogyakarta • simpang, kota",
        "stream_url": "https://cctv.jogjaprov.go.id/cctv-proxy/atcs-kota/FMNotoAniem.stream/playlist.m3u8",
        "video_url": "https://cctv.jogjaprov.go.id/cctv-proxy/atcs-kota/FMNotoAniem.stream/playlist.m3u8",
        "cctv_link": "https://cctv.jogjaprov.go.id/cctv-proxy/atcs-kota/FMNotoAniem.stream/playlist.m3u8",
        "portal_url": "https://cctv.jogjaprov.go.id",
        "source_url": "https://cctv.jogjaprov.go.id/api/v1/location-pins?include=area,categories&filter%5Bhas_coords%5D=true&filter%5Bhas_slug%5D=true&filter%5Bevent_active%5D=true&filter%5Bdisabled%5D=false"
      },
      "geometry": {
        "type": "Point",
        "coordinates": [
          110.37220525,
          -7.78666548
        ]
      }
    },
    {
      "type": "Feature",
      "properties": {
        "id": "1912",
        "slug": "simpang-glagahsari-view-utara-timur",
        "name": "GlagahsariUtaraTimur",
        "alias_name": "Simpang Glagahsari view Utara-Timur",
        "group_name": "Dinas Kominfosan Yogyakarta",
        "pin_type": "cctv",
        "category": "simpang, kota",
        "connected": false,
        "featured": false,
        "descr": "Dinas Kominfosan Yogyakarta • simpang, kota",
        "stream_url": "https://cctv.jogjaprov.go.id/cctv-proxy/atcs-kota/GlagahsariUtaraTimur.stream/playlist.m3u8",
        "video_url": "https://cctv.jogjaprov.go.id/cctv-proxy/atcs-kota/GlagahsariUtaraTimur.stream/playlist.m3u8",
        "cctv_link": "https://cctv.jogjaprov.go.id/cctv-proxy/atcs-kota/GlagahsariUtaraTimur.stream/playlist.m3u8",
        "portal_url": "https://cctv.jogjaprov.go.id",
        "source_url": "https://cctv.jogjaprov.go.id/api/v1/location-pins?include=area,categories&filter%5Bhas_coords%5D=true&filter%5Bhas_slug%5D=true&filter%5Bevent_active%5D=true&filter%5Bdisabled%5D=false"
      },
      "geometry": {
        "type": "Point",
        "coordinates": [
          110.38904678,
          -7.80208283
        ]
      }
    },
    {
      "type": "Feature",
      "properties": {
        "id": "1913",
        "slug": "simpang-glagahsari",
        "name": "Glagahsari",
        "alias_name": "Simpang Glagahsari",
        "group_name": "Dinas Kominfosan Yogyakarta",
        "pin_type": "cctv",
        "category": "simpang, kota",
        "connected": true,
        "featured": false,
        "descr": "Dinas Kominfosan Yogyakarta • simpang, kota",
        "stream_url": "https://cctv.jogjaprov.go.id/cctv-proxy/atcs-kota/Glagahsari.stream/playlist.m3u8",
        "video_url": "https://cctv.jogjaprov.go.id/cctv-proxy/atcs-kota/Glagahsari.stream/playlist.m3u8",
        "cctv_link": "https://cctv.jogjaprov.go.id/cctv-proxy/atcs-kota/Glagahsari.stream/playlist.m3u8",
        "portal_url": "https://cctv.jogjaprov.go.id",
        "source_url": "https://cctv.jogjaprov.go.id/api/v1/location-pins?include=area,categories&filter%5Bhas_coords%5D=true&filter%5Bhas_slug%5D=true&filter%5Bevent_active%5D=true&filter%5Bdisabled%5D=false"
      },
      "geometry": {
        "type": "Point",
        "coordinates": [
          110.38897569,
          -7.8020815
        ]
      }
    },
    {
      "type": "Feature",
      "properties": {
        "id": "1914",
        "slug": "simpang-gramedia-view-timur",
        "name": "GramediaTimur",
        "alias_name": "Simpang Gramedia (view Timur)",
        "group_name": "Dinas Kominfosan Yogyakarta",
        "pin_type": "cctv",
        "category": "simpang, kota",
        "connected": true,
        "featured": false,
        "descr": "Dinas Kominfosan Yogyakarta • simpang, kota",
        "stream_url": "https://cctv.jogjaprov.go.id/cctv-proxy/atcs-kota/GramediaTimur.stream/playlist.m3u8",
        "video_url": "https://cctv.jogjaprov.go.id/cctv-proxy/atcs-kota/GramediaTimur.stream/playlist.m3u8",
        "cctv_link": "https://cctv.jogjaprov.go.id/cctv-proxy/atcs-kota/GramediaTimur.stream/playlist.m3u8",
        "portal_url": "https://cctv.jogjaprov.go.id",
        "source_url": "https://cctv.jogjaprov.go.id/api/v1/location-pins?include=area,categories&filter%5Bhas_coords%5D=true&filter%5Bhas_slug%5D=true&filter%5Bevent_active%5D=true&filter%5Bdisabled%5D=false"
      },
      "geometry": {
        "type": "Point",
        "coordinates": [
          110.3748364,
          -7.78317597
        ]
      }
    },
    {
      "type": "Feature",
      "properties": {
        "id": "1915",
        "slug": "simpang-jogokariyan-view-selatan",
        "name": "JogokariyanSelatan",
        "alias_name": "Simpang Jogokariyan (view Selatan)",
        "group_name": "Dinas Kominfosan Yogyakarta",
        "pin_type": "cctv",
        "category": "simpang, kota",
        "connected": true,
        "featured": false,
        "descr": "Dinas Kominfosan Yogyakarta • simpang, kota",
        "stream_url": "https://cctv.jogjaprov.go.id/cctv-proxy/atcs-kota/JogokariyanSelatan.stream/playlist.m3u8",
        "video_url": "https://cctv.jogjaprov.go.id/cctv-proxy/atcs-kota/JogokariyanSelatan.stream/playlist.m3u8",
        "cctv_link": "https://cctv.jogjaprov.go.id/cctv-proxy/atcs-kota/JogokariyanSelatan.stream/playlist.m3u8",
        "portal_url": "https://cctv.jogjaprov.go.id",
        "source_url": "https://cctv.jogjaprov.go.id/api/v1/location-pins?include=area,categories&filter%5Bhas_coords%5D=true&filter%5Bhas_slug%5D=true&filter%5Bevent_active%5D=true&filter%5Bdisabled%5D=false"
      },
      "geometry": {
        "type": "Point",
        "coordinates": [
          110.36768281,
          -7.8246975
        ]
      }
    },
    {
      "type": "Feature",
      "properties": {
        "id": "1916",
        "slug": "simpang-fmnoto-mcdonalds",
        "name": "FMNotoMcDonalds",
        "alias_name": "Simpang FMNoto (McDonalds)",
        "group_name": "Dinas Kominfosan Yogyakarta",
        "pin_type": "cctv",
        "category": "simpang, kota",
        "connected": true,
        "featured": false,
        "descr": "Dinas Kominfosan Yogyakarta • simpang, kota",
        "stream_url": "https://cctv.jogjaprov.go.id/cctv-proxy/atcs-kota/FMNotoMcDonalds.stream/playlist.m3u8",
        "video_url": "https://cctv.jogjaprov.go.id/cctv-proxy/atcs-kota/FMNotoMcDonalds.stream/playlist.m3u8",
        "cctv_link": "https://cctv.jogjaprov.go.id/cctv-proxy/atcs-kota/FMNotoMcDonalds.stream/playlist.m3u8",
        "portal_url": "https://cctv.jogjaprov.go.id",
        "source_url": "https://cctv.jogjaprov.go.id/api/v1/location-pins?include=area,categories&filter%5Bhas_coords%5D=true&filter%5Bhas_slug%5D=true&filter%5Bevent_active%5D=true&filter%5Bdisabled%5D=false"
      },
      "geometry": {
        "type": "Point",
        "coordinates": [
          110.37136113,
          -7.78308223
        ]
      }
    },
    {
      "type": "Feature",
      "properties": {
        "id": "1917",
        "slug": "simpang-jogokariyan-view-utara",
        "name": "JogokariyanUtara",
        "alias_name": "Simpang Jogokariyan (view Utara)",
        "group_name": "Dinas Kominfosan Yogyakarta",
        "pin_type": "cctv",
        "category": "simpang, kota",
        "connected": true,
        "featured": false,
        "descr": "Dinas Kominfosan Yogyakarta • simpang, kota",
        "stream_url": "https://cctv.jogjaprov.go.id/cctv-proxy/atcs-kota/JogokariyanUtara.stream/playlist.m3u8",
        "video_url": "https://cctv.jogjaprov.go.id/cctv-proxy/atcs-kota/JogokariyanUtara.stream/playlist.m3u8",
        "cctv_link": "https://cctv.jogjaprov.go.id/cctv-proxy/atcs-kota/JogokariyanUtara.stream/playlist.m3u8",
        "portal_url": "https://cctv.jogjaprov.go.id",
        "source_url": "https://cctv.jogjaprov.go.id/api/v1/location-pins?include=area,categories&filter%5Bhas_coords%5D=true&filter%5Bhas_slug%5D=true&filter%5Bevent_active%5D=true&filter%5Bdisabled%5D=false"
      },
      "geometry": {
        "type": "Point",
        "coordinates": [
          110.36756953,
          -7.82467361
        ]
      }
    },
    {
      "type": "Feature",
      "properties": {
        "id": "1918",
        "slug": "simpang-jokteng-pojok-beteng-wetan-jl-parangtritis",
        "name": "JoktengWetanParis",
        "alias_name": "Simpang Jokteng (Pojok Beteng) Wetan - Jl. Parangtritis",
        "group_name": "Dinas Kominfosan Yogyakarta",
        "pin_type": "cctv",
        "category": "simpang, kota",
        "connected": true,
        "featured": false,
        "descr": "Dinas Kominfosan Yogyakarta • simpang, kota",
        "stream_url": "https://cctv.jogjaprov.go.id/cctv-proxy/atcs-kota/JoktengWetanParis.stream/playlist.m3u8",
        "video_url": "https://cctv.jogjaprov.go.id/cctv-proxy/atcs-kota/JoktengWetanParis.stream/playlist.m3u8",
        "cctv_link": "https://cctv.jogjaprov.go.id/cctv-proxy/atcs-kota/JoktengWetanParis.stream/playlist.m3u8",
        "portal_url": "https://cctv.jogjaprov.go.id",
        "source_url": "https://cctv.jogjaprov.go.id/api/v1/location-pins?include=area,categories&filter%5Bhas_coords%5D=true&filter%5Bhas_slug%5D=true&filter%5Bevent_active%5D=true&filter%5Bdisabled%5D=false"
      },
      "geometry": {
        "type": "Point",
        "coordinates": [
          110.36848733,
          -7.81492844
        ]
      }
    },
    {
      "type": "Feature",
      "properties": {
        "id": "1919",
        "slug": "simpang-kr-tunggal-rs-pratama",
        "name": "KarangTunggal",
        "alias_name": "Simpang Kr. Tunggal (RS Pratama)",
        "group_name": "Dinas Kominfosan Yogyakarta",
        "pin_type": "cctv",
        "category": "simpang, kota",
        "connected": false,
        "featured": false,
        "descr": "Dinas Kominfosan Yogyakarta • simpang, kota",
        "stream_url": "https://cctv.jogjaprov.go.id/cctv-proxy/atcs-kota/KarangTunggal.stream/playlist.m3u8",
        "video_url": "https://cctv.jogjaprov.go.id/cctv-proxy/atcs-kota/KarangTunggal.stream/playlist.m3u8",
        "cctv_link": "https://cctv.jogjaprov.go.id/cctv-proxy/atcs-kota/KarangTunggal.stream/playlist.m3u8",
        "portal_url": "https://cctv.jogjaprov.go.id",
        "source_url": "https://cctv.jogjaprov.go.id/api/v1/location-pins?include=area,categories&filter%5Bhas_coords%5D=true&filter%5Bhas_slug%5D=true&filter%5Bevent_active%5D=true&filter%5Bdisabled%5D=false"
      },
      "geometry": {
        "type": "Point",
        "coordinates": [
          110.37303137,
          -7.81523765
        ]
      }
    },
    {
      "type": "Feature",
      "properties": {
        "id": "1920",
        "slug": "simpang-kr-tunggal-rs-pratama-view-timur",
        "name": "KarangTunggalTimur",
        "alias_name": "Simpang Kr. Tunggal / RS Pratama (view Timur)",
        "group_name": "Dinas Kominfosan Yogyakarta",
        "pin_type": "cctv",
        "category": "simpang, kota",
        "connected": true,
        "featured": false,
        "descr": "Dinas Kominfosan Yogyakarta • simpang, kota",
        "stream_url": "https://cctv.jogjaprov.go.id/cctv-proxy/atcs-kota/KarangTunggalTimur.stream/playlist.m3u8",
        "video_url": "https://cctv.jogjaprov.go.id/cctv-proxy/atcs-kota/KarangTunggalTimur.stream/playlist.m3u8",
        "cctv_link": "https://cctv.jogjaprov.go.id/cctv-proxy/atcs-kota/KarangTunggalTimur.stream/playlist.m3u8",
        "portal_url": "https://cctv.jogjaprov.go.id",
        "source_url": "https://cctv.jogjaprov.go.id/api/v1/location-pins?include=area,categories&filter%5Bhas_coords%5D=true&filter%5Bhas_slug%5D=true&filter%5Bevent_active%5D=true&filter%5Bdisabled%5D=false"
      },
      "geometry": {
        "type": "Point",
        "coordinates": [
          110.37325134,
          -7.81540444
        ]
      }
    },
    {
      "type": "Feature",
      "properties": {
        "id": "1921",
        "slug": "simpang-kr-tunggal-rs-pratama-view-barat",
        "name": "KarangTunggalBarat",
        "alias_name": "Simpang Kr. Tunggal / RS Pratama (view Barat)",
        "group_name": "Dinas Kominfosan Yogyakarta",
        "pin_type": "cctv",
        "category": "simpang, kota",
        "connected": true,
        "featured": false,
        "descr": "Dinas Kominfosan Yogyakarta • simpang, kota",
        "stream_url": "https://cctv.jogjaprov.go.id/cctv-proxy/atcs-kota/KarangTunggalBarat.stream/playlist.m3u8",
        "video_url": "https://cctv.jogjaprov.go.id/cctv-proxy/atcs-kota/KarangTunggalBarat.stream/playlist.m3u8",
        "cctv_link": "https://cctv.jogjaprov.go.id/cctv-proxy/atcs-kota/KarangTunggalBarat.stream/playlist.m3u8",
        "portal_url": "https://cctv.jogjaprov.go.id",
        "source_url": "https://cctv.jogjaprov.go.id/api/v1/location-pins?include=area,categories&filter%5Bhas_coords%5D=true&filter%5Bhas_slug%5D=true&filter%5Bevent_active%5D=true&filter%5Bdisabled%5D=false"
      },
      "geometry": {
        "type": "Point",
        "coordinates": [
          110.37317691,
          -7.81542703
        ]
      }
    },
    {
      "type": "Feature",
      "properties": {
        "id": "1922",
        "slug": "simpang-kyai-mojo-view-timur",
        "name": "KyaiMojoTimur",
        "alias_name": "Simpang Kyai Mojo view Timur",
        "group_name": "Dinas Kominfosan Yogyakarta",
        "pin_type": "cctv",
        "category": "simpang, kota",
        "connected": true,
        "featured": false,
        "descr": "Dinas Kominfosan Yogyakarta • simpang, kota",
        "stream_url": "https://cctv.jogjaprov.go.id/cctv-proxy/atcs-kota/KyaiMojoTimur.stream/playlist.m3u8",
        "video_url": "https://cctv.jogjaprov.go.id/cctv-proxy/atcs-kota/KyaiMojoTimur.stream/playlist.m3u8",
        "cctv_link": "https://cctv.jogjaprov.go.id/cctv-proxy/atcs-kota/KyaiMojoTimur.stream/playlist.m3u8",
        "portal_url": "https://cctv.jogjaprov.go.id",
        "source_url": "https://cctv.jogjaprov.go.id/api/v1/location-pins?include=area,categories&filter%5Bhas_coords%5D=true&filter%5Bhas_slug%5D=true&filter%5Bevent_active%5D=true&filter%5Bdisabled%5D=false"
      },
      "geometry": {
        "type": "Point",
        "coordinates": [
          110.35811193,
          -7.78288249
        ]
      }
    },
    {
      "type": "Feature",
      "properties": {
        "id": "1923",
        "slug": "simpang-pasar-telo",
        "name": "PasarTelo",
        "alias_name": "Simpang Pasar Telo",
        "group_name": "Dinas Kominfosan Yogyakarta",
        "pin_type": "cctv",
        "category": "simpang, kota",
        "connected": true,
        "featured": false,
        "descr": "Dinas Kominfosan Yogyakarta • simpang, kota",
        "stream_url": "https://cctv.jogjaprov.go.id/cctv-proxy/atcs-kota/PasarTelo.stream/playlist.m3u8",
        "video_url": "https://cctv.jogjaprov.go.id/cctv-proxy/atcs-kota/PasarTelo.stream/playlist.m3u8",
        "cctv_link": "https://cctv.jogjaprov.go.id/cctv-proxy/atcs-kota/PasarTelo.stream/playlist.m3u8",
        "portal_url": "https://cctv.jogjaprov.go.id",
        "source_url": "https://cctv.jogjaprov.go.id/api/v1/location-pins?include=area,categories&filter%5Bhas_coords%5D=true&filter%5Bhas_slug%5D=true&filter%5Bevent_active%5D=true&filter%5Bdisabled%5D=false"
      },
      "geometry": {
        "type": "Point",
        "coordinates": [
          110.37324926,
          -7.82415697
        ]
      }
    },
    {
      "type": "Feature",
      "properties": {
        "id": "1924",
        "slug": "simpang-pasar-gading-view-barat",
        "name": "Simpang_PasarGadingBarat",
        "alias_name": "Simpang Pasar Gading view Barat",
        "group_name": "Dinas Kominfosan Yogyakarta",
        "pin_type": "cctv",
        "category": "simpang, kota",
        "connected": true,
        "featured": false,
        "descr": "Dinas Kominfosan Yogyakarta • simpang, kota",
        "stream_url": "https://cctv.jogjaprov.go.id/cctv-proxy/atcs-kota/Simpang_PasarGadingBarat.stream/playlist.m3u8",
        "video_url": "https://cctv.jogjaprov.go.id/cctv-proxy/atcs-kota/Simpang_PasarGadingBarat.stream/playlist.m3u8",
        "cctv_link": "https://cctv.jogjaprov.go.id/cctv-proxy/atcs-kota/Simpang_PasarGadingBarat.stream/playlist.m3u8",
        "portal_url": "https://cctv.jogjaprov.go.id",
        "source_url": "https://cctv.jogjaprov.go.id/api/v1/location-pins?include=area,categories&filter%5Bhas_coords%5D=true&filter%5Bhas_slug%5D=true&filter%5Bevent_active%5D=true&filter%5Bdisabled%5D=false"
      },
      "geometry": {
        "type": "Point",
        "coordinates": [
          110.36260833,
          -7.8139768
        ]
      }
    },
    {
      "type": "Feature",
      "properties": {
        "id": "1925",
        "slug": "simpang-basen-view-utara",
        "name": "SimpangBasenUtara",
        "alias_name": "Simpang Basen view Utara",
        "group_name": "Dinas Kominfosan Yogyakarta",
        "pin_type": "cctv",
        "category": "simpang, kota",
        "connected": true,
        "featured": false,
        "descr": "Dinas Kominfosan Yogyakarta • simpang, kota",
        "stream_url": "https://cctv.jogjaprov.go.id/cctv-proxy/atcs-kota/SimpangBasenUtara.stream/playlist.m3u8",
        "video_url": "https://cctv.jogjaprov.go.id/cctv-proxy/atcs-kota/SimpangBasenUtara.stream/playlist.m3u8",
        "cctv_link": "https://cctv.jogjaprov.go.id/cctv-proxy/atcs-kota/SimpangBasenUtara.stream/playlist.m3u8",
        "portal_url": "https://cctv.jogjaprov.go.id",
        "source_url": "https://cctv.jogjaprov.go.id/api/v1/location-pins?include=area,categories&filter%5Bhas_coords%5D=true&filter%5Bhas_slug%5D=true&filter%5Bevent_active%5D=true&filter%5Bdisabled%5D=false"
      },
      "geometry": {
        "type": "Point",
        "coordinates": [
          110.40085685,
          -7.82052801
        ]
      }
    },
    {
      "type": "Feature",
      "properties": {
        "id": "1926",
        "slug": "simpang-letjen-suprapto-ks-tubun-view-selatan",
        "name": "SupraptoKSTubunSelatan",
        "alias_name": "Simpang Letjen Suprapto-KS Tubun view Selatan",
        "group_name": "Dinas Kominfosan Yogyakarta",
        "pin_type": "cctv",
        "category": "simpang, kota",
        "connected": true,
        "featured": false,
        "descr": "Dinas Kominfosan Yogyakarta • simpang, kota",
        "stream_url": "https://cctv.jogjaprov.go.id/cctv-proxy/atcs-kota/SupraptoKSTubunSelatan.stream/playlist.m3u8",
        "video_url": "https://cctv.jogjaprov.go.id/cctv-proxy/atcs-kota/SupraptoKSTubunSelatan.stream/playlist.m3u8",
        "cctv_link": "https://cctv.jogjaprov.go.id/cctv-proxy/atcs-kota/SupraptoKSTubunSelatan.stream/playlist.m3u8",
        "portal_url": "https://cctv.jogjaprov.go.id",
        "source_url": "https://cctv.jogjaprov.go.id/api/v1/location-pins?include=area,categories&filter%5Bhas_coords%5D=true&filter%5Bhas_slug%5D=true&filter%5Bevent_active%5D=true&filter%5Bdisabled%5D=false"
      },
      "geometry": {
        "type": "Point",
        "coordinates": [
          110.35643654,
          -7.79766511
        ]
      }
    },
    {
      "type": "Feature",
      "properties": {
        "id": "1927",
        "slug": "simpang-letjen-suprapto-ks-tubun-view-utara",
        "name": "SupraptoKSTubunUtara",
        "alias_name": "Simpang Letjen Suprapto-KS Tubun view Utara",
        "group_name": "Dinas Kominfosan Yogyakarta",
        "pin_type": "cctv",
        "category": "simpang, kota",
        "connected": true,
        "featured": false,
        "descr": "Dinas Kominfosan Yogyakarta • simpang, kota",
        "stream_url": "https://cctv.jogjaprov.go.id/cctv-proxy/atcs-kota/SupraptoKSTubunUtara.stream/playlist.m3u8",
        "video_url": "https://cctv.jogjaprov.go.id/cctv-proxy/atcs-kota/SupraptoKSTubunUtara.stream/playlist.m3u8",
        "cctv_link": "https://cctv.jogjaprov.go.id/cctv-proxy/atcs-kota/SupraptoKSTubunUtara.stream/playlist.m3u8",
        "portal_url": "https://cctv.jogjaprov.go.id",
        "source_url": "https://cctv.jogjaprov.go.id/api/v1/location-pins?include=area,categories&filter%5Bhas_coords%5D=true&filter%5Bhas_slug%5D=true&filter%5Bevent_active%5D=true&filter%5Bdisabled%5D=false"
      },
      "geometry": {
        "type": "Point",
        "coordinates": [
          110.3564419,
          -7.7975349
        ]
      }
    },
    {
      "type": "Feature",
      "properties": {
        "id": "1928",
        "slug": "simpang-stadion-mandalakrida",
        "name": "Mandalakrida",
        "alias_name": "Simpang Stadion Mandalakrida",
        "group_name": "Dinas Kominfosan Yogyakarta",
        "pin_type": "cctv",
        "category": "simpang, kota",
        "connected": true,
        "featured": false,
        "descr": "Dinas Kominfosan Yogyakarta • simpang, kota",
        "stream_url": "https://cctv.jogjaprov.go.id/cctv-proxy/atcs-kota/Mandalakrida.stream/playlist.m3u8",
        "video_url": "https://cctv.jogjaprov.go.id/cctv-proxy/atcs-kota/Mandalakrida.stream/playlist.m3u8",
        "cctv_link": "https://cctv.jogjaprov.go.id/cctv-proxy/atcs-kota/Mandalakrida.stream/playlist.m3u8",
        "portal_url": "https://cctv.jogjaprov.go.id",
        "source_url": "https://cctv.jogjaprov.go.id/api/v1/location-pins?include=area,categories&filter%5Bhas_coords%5D=true&filter%5Bhas_slug%5D=true&filter%5Bevent_active%5D=true&filter%5Bdisabled%5D=false"
      },
      "geometry": {
        "type": "Point",
        "coordinates": [
          110.3848646,
          -7.79769314
        ]
      }
    },
    {
      "type": "Feature",
      "properties": {
        "id": "1929",
        "slug": "simpang-tegalgendu",
        "name": "Tegalgendu",
        "alias_name": "Simpang Tegalgendu",
        "group_name": "Dinas Kominfosan Yogyakarta",
        "pin_type": "cctv",
        "category": "simpang, kota",
        "connected": true,
        "featured": false,
        "descr": "Dinas Kominfosan Yogyakarta • simpang, kota",
        "stream_url": "https://cctv.jogjaprov.go.id/cctv-proxy/atcs-kota/Tegalgendu.stream/playlist.m3u8",
        "video_url": "https://cctv.jogjaprov.go.id/cctv-proxy/atcs-kota/Tegalgendu.stream/playlist.m3u8",
        "cctv_link": "https://cctv.jogjaprov.go.id/cctv-proxy/atcs-kota/Tegalgendu.stream/playlist.m3u8",
        "portal_url": "https://cctv.jogjaprov.go.id",
        "source_url": "https://cctv.jogjaprov.go.id/api/v1/location-pins?include=area,categories&filter%5Bhas_coords%5D=true&filter%5Bhas_slug%5D=true&filter%5Bevent_active%5D=true&filter%5Bdisabled%5D=false"
      },
      "geometry": {
        "type": "Point",
        "coordinates": [
          110.39019427,
          -7.82518801
        ]
      }
    },
    {
      "type": "Feature",
      "properties": {
        "id": "1930",
        "slug": "simpang-wirosaban-rsud-view-barat",
        "name": "WirosabanBarat",
        "alias_name": "Simpang Wirosaban (RSUD)  view Barat",
        "group_name": "Dinas Kominfosan Yogyakarta",
        "pin_type": "cctv",
        "category": "simpang, kota",
        "connected": true,
        "featured": false,
        "descr": "Dinas Kominfosan Yogyakarta • simpang, kota",
        "stream_url": "https://cctv.jogjaprov.go.id/cctv-proxy/atcs-kota/WirosabanBarat.stream/playlist.m3u8",
        "video_url": "https://cctv.jogjaprov.go.id/cctv-proxy/atcs-kota/WirosabanBarat.stream/playlist.m3u8",
        "cctv_link": "https://cctv.jogjaprov.go.id/cctv-proxy/atcs-kota/WirosabanBarat.stream/playlist.m3u8",
        "portal_url": "https://cctv.jogjaprov.go.id",
        "source_url": "https://cctv.jogjaprov.go.id/api/v1/location-pins?include=area,categories&filter%5Bhas_coords%5D=true&filter%5Bhas_slug%5D=true&filter%5Bevent_active%5D=true&filter%5Bdisabled%5D=false"
      },
      "geometry": {
        "type": "Point",
        "coordinates": [
          110.37857525,
          -7.82495112
        ]
      }
    },
    {
      "type": "Feature",
      "properties": {
        "id": "1931",
        "slug": "simpang-wirosaban-rsud-view-selatan",
        "name": "WirosabanSelatan",
        "alias_name": "Simpang Wirosaban (RSUD) view Selatan",
        "group_name": "Dinas Kominfosan Yogyakarta",
        "pin_type": "cctv",
        "category": "simpang, kota",
        "connected": true,
        "featured": false,
        "descr": "Dinas Kominfosan Yogyakarta • simpang, kota",
        "stream_url": "https://cctv.jogjaprov.go.id/cctv-proxy/atcs-kota/WirosabanSelatan.stream/playlist.m3u8",
        "video_url": "https://cctv.jogjaprov.go.id/cctv-proxy/atcs-kota/WirosabanSelatan.stream/playlist.m3u8",
        "cctv_link": "https://cctv.jogjaprov.go.id/cctv-proxy/atcs-kota/WirosabanSelatan.stream/playlist.m3u8",
        "portal_url": "https://cctv.jogjaprov.go.id",
        "source_url": "https://cctv.jogjaprov.go.id/api/v1/location-pins?include=area,categories&filter%5Bhas_coords%5D=true&filter%5Bhas_slug%5D=true&filter%5Bevent_active%5D=true&filter%5Bdisabled%5D=false"
      },
      "geometry": {
        "type": "Point",
        "coordinates": [
          110.37831779,
          -7.8247598
        ]
      }
    },
    {
      "type": "Feature",
      "properties": {
        "id": "1932",
        "slug": "simpang-wirosaban-rsud-view-timur",
        "name": "WirosabanTimur",
        "alias_name": "Simpang Wirosaban (RSUD) view Timur",
        "group_name": "Dinas Kominfosan Yogyakarta",
        "pin_type": "cctv",
        "category": "simpang, kota",
        "connected": true,
        "featured": false,
        "descr": "Dinas Kominfosan Yogyakarta • simpang, kota",
        "stream_url": "https://cctv.jogjaprov.go.id/cctv-proxy/atcs-kota/WirosabanTimur.stream/playlist.m3u8",
        "video_url": "https://cctv.jogjaprov.go.id/cctv-proxy/atcs-kota/WirosabanTimur.stream/playlist.m3u8",
        "cctv_link": "https://cctv.jogjaprov.go.id/cctv-proxy/atcs-kota/WirosabanTimur.stream/playlist.m3u8",
        "portal_url": "https://cctv.jogjaprov.go.id",
        "source_url": "https://cctv.jogjaprov.go.id/api/v1/location-pins?include=area,categories&filter%5Bhas_coords%5D=true&filter%5Bhas_slug%5D=true&filter%5Bevent_active%5D=true&filter%5Bdisabled%5D=false"
      },
      "geometry": {
        "type": "Point",
        "coordinates": [
          110.37856559,
          -7.82476121
        ]
      }
    },
    {
      "type": "Feature",
      "properties": {
        "id": "1933",
        "slug": "simpang-wirosaban-rsud-view-utara",
        "name": "WirosabanUtara",
        "alias_name": "Simpang Wirosaban (RSUD) view Utara",
        "group_name": "Dinas Kominfosan Yogyakarta",
        "pin_type": "cctv",
        "category": "simpang, kota",
        "connected": true,
        "featured": false,
        "descr": "Dinas Kominfosan Yogyakarta • simpang, kota",
        "stream_url": "https://cctv.jogjaprov.go.id/cctv-proxy/atcs-kota/WirosabanUtara.stream/playlist.m3u8",
        "video_url": "https://cctv.jogjaprov.go.id/cctv-proxy/atcs-kota/WirosabanUtara.stream/playlist.m3u8",
        "cctv_link": "https://cctv.jogjaprov.go.id/cctv-proxy/atcs-kota/WirosabanUtara.stream/playlist.m3u8",
        "portal_url": "https://cctv.jogjaprov.go.id",
        "source_url": "https://cctv.jogjaprov.go.id/api/v1/location-pins?include=area,categories&filter%5Bhas_coords%5D=true&filter%5Bhas_slug%5D=true&filter%5Bevent_active%5D=true&filter%5Bdisabled%5D=false"
      },
      "geometry": {
        "type": "Point",
        "coordinates": [
          110.3783993,
          -7.82466022
        ]
      }
    },
    {
      "type": "Feature",
      "properties": {
        "id": "1934",
        "slug": "simpang-nyoman-oka-gereja-kotabaru",
        "name": "NyomanKotabaru",
        "alias_name": "Simpang Nyoman Oka (Gereja Kotabaru)",
        "group_name": "Dinas Kominfosan Yogyakarta",
        "pin_type": "cctv",
        "category": "simpang, kota",
        "connected": true,
        "featured": false,
        "descr": "Dinas Kominfosan Yogyakarta • simpang, kota",
        "stream_url": "https://cctv.jogjaprov.go.id/cctv-proxy/atcs-kota/NyomanKotabaru.stream/playlist.m3u8",
        "video_url": "https://cctv.jogjaprov.go.id/cctv-proxy/atcs-kota/NyomanKotabaru.stream/playlist.m3u8",
        "cctv_link": "https://cctv.jogjaprov.go.id/cctv-proxy/atcs-kota/NyomanKotabaru.stream/playlist.m3u8",
        "portal_url": "https://cctv.jogjaprov.go.id",
        "source_url": "https://cctv.jogjaprov.go.id/api/v1/location-pins?include=area,categories&filter%5Bhas_coords%5D=true&filter%5Bhas_slug%5D=true&filter%5Bevent_active%5D=true&filter%5Bdisabled%5D=false"
      },
      "geometry": {
        "type": "Point",
        "coordinates": [
          110.37141158,
          -7.78800942
        ]
      }
    },
    {
      "type": "Feature",
      "properties": {
        "id": "1935",
        "slug": "simpang-mantrigawen-depan-kominfo-diy",
        "name": "Mantrigawen",
        "alias_name": "Simpang Mantrigawen (Depan Kominfo DIY)",
        "group_name": "Dinas Kominfosan Yogyakarta",
        "pin_type": "cctv",
        "category": "simpang, kota",
        "connected": true,
        "featured": false,
        "descr": "Dinas Kominfosan Yogyakarta • simpang, kota",
        "stream_url": "https://cctv.jogjaprov.go.id/cctv-proxy/atcs-kota/Mantrigawen.stream/playlist.m3u8",
        "video_url": "https://cctv.jogjaprov.go.id/cctv-proxy/atcs-kota/Mantrigawen.stream/playlist.m3u8",
        "cctv_link": "https://cctv.jogjaprov.go.id/cctv-proxy/atcs-kota/Mantrigawen.stream/playlist.m3u8",
        "portal_url": "https://cctv.jogjaprov.go.id",
        "source_url": "https://cctv.jogjaprov.go.id/api/v1/location-pins?include=area,categories&filter%5Bhas_coords%5D=true&filter%5Bhas_slug%5D=true&filter%5Bevent_active%5D=true&filter%5Bdisabled%5D=false"
      },
      "geometry": {
        "type": "Point",
        "coordinates": [
          110.36911644,
          -7.80914943
        ]
      }
    },
    {
      "type": "Feature",
      "properties": {
        "id": "1936",
        "slug": "simpang-korpri-view-selatan",
        "name": "SimpangKorpriSelatan",
        "alias_name": "Simpang Korpri view Selatan",
        "group_name": "Dinas Kominfo Bantul",
        "pin_type": "cctv",
        "category": "simpang, bantul",
        "connected": true,
        "featured": false,
        "descr": "Dinas Kominfo Bantul • simpang, bantul",
        "stream_url": "https://cctv.jogjaprov.go.id/cctv-proxy/cctv-bantul/SimpangKorpriSelatan.stream/playlist.m3u8",
        "video_url": "https://cctv.jogjaprov.go.id/cctv-proxy/cctv-bantul/SimpangKorpriSelatan.stream/playlist.m3u8",
        "cctv_link": "https://cctv.jogjaprov.go.id/cctv-proxy/cctv-bantul/SimpangKorpriSelatan.stream/playlist.m3u8",
        "portal_url": "https://cctv.jogjaprov.go.id",
        "source_url": "https://cctv.jogjaprov.go.id/api/v1/location-pins?include=area,categories&filter%5Bhas_coords%5D=true&filter%5Bhas_slug%5D=true&filter%5Bevent_active%5D=true&filter%5Bdisabled%5D=false"
      },
      "geometry": {
        "type": "Point",
        "coordinates": [
          110.32708467,
          -7.8882148
        ]
      }
    },
    {
      "type": "Feature",
      "properties": {
        "id": "1937",
        "slug": "pintu-masuk-stadion-sultan-agung",
        "name": "PintuMasukStadionSultanAgung",
        "alias_name": "Pintu Masuk Stadion Sultan Agung",
        "group_name": "Dinas Kominfo Bantul",
        "pin_type": "cctv",
        "category": "stadion, bantul",
        "connected": true,
        "featured": false,
        "descr": "Dinas Kominfo Bantul • stadion, bantul",
        "stream_url": "https://cctv.jogjaprov.go.id/cctv-proxy/cctv-bantul/PintuMasukStadionSultanAgung.stream/playlist.m3u8",
        "video_url": "https://cctv.jogjaprov.go.id/cctv-proxy/cctv-bantul/PintuMasukStadionSultanAgung.stream/playlist.m3u8",
        "cctv_link": "https://cctv.jogjaprov.go.id/cctv-proxy/cctv-bantul/PintuMasukStadionSultanAgung.stream/playlist.m3u8",
        "portal_url": "https://cctv.jogjaprov.go.id",
        "source_url": "https://cctv.jogjaprov.go.id/api/v1/location-pins?include=area,categories&filter%5Bhas_coords%5D=true&filter%5Bhas_slug%5D=true&filter%5Bevent_active%5D=true&filter%5Bdisabled%5D=false"
      },
      "geometry": {
        "type": "Point",
        "coordinates": [
          110.37979617,
          -7.87362559
        ]
      }
    },
    {
      "type": "Feature",
      "properties": {
        "id": "1938",
        "slug": "timur-stadion-sultan-agung-view-timur",
        "name": "TimurStadionSultanAgungTimur",
        "alias_name": "Timur Stadion Sultan Agung view Timur",
        "group_name": "Dinas Kominfo Bantul",
        "pin_type": "cctv",
        "category": "bantul, stadion",
        "connected": true,
        "featured": false,
        "descr": "Dinas Kominfo Bantul • bantul, stadion",
        "stream_url": "https://cctv.jogjaprov.go.id/cctv-proxy/cctv-bantul/TimurStadionSultanAgungTimur.stream/playlist.m3u8",
        "video_url": "https://cctv.jogjaprov.go.id/cctv-proxy/cctv-bantul/TimurStadionSultanAgungTimur.stream/playlist.m3u8",
        "cctv_link": "https://cctv.jogjaprov.go.id/cctv-proxy/cctv-bantul/TimurStadionSultanAgungTimur.stream/playlist.m3u8",
        "portal_url": "https://cctv.jogjaprov.go.id",
        "source_url": "https://cctv.jogjaprov.go.id/api/v1/location-pins?include=area,categories&filter%5Bhas_coords%5D=true&filter%5Bhas_slug%5D=true&filter%5Bevent_active%5D=true&filter%5Bdisabled%5D=false"
      },
      "geometry": {
        "type": "Point",
        "coordinates": [
          110.38303072,
          -7.87277332
        ]
      }
    },
    {
      "type": "Feature",
      "properties": {
        "id": "1939",
        "slug": "simpang-paseban-view-selatan",
        "name": "SimpangPasebanSelatan",
        "alias_name": "Simpang Paseban (view Selatan)",
        "group_name": "Dinas Kominfo Bantul",
        "pin_type": "cctv",
        "category": "simpang, bantul",
        "connected": true,
        "featured": false,
        "descr": "Dinas Kominfo Bantul • simpang, bantul",
        "stream_url": "https://cctv.jogjaprov.go.id/cctv-proxy/cctv-bantul/SimpangPasebanSelatan.stream/playlist.m3u8",
        "video_url": "https://cctv.jogjaprov.go.id/cctv-proxy/cctv-bantul/SimpangPasebanSelatan.stream/playlist.m3u8",
        "cctv_link": "https://cctv.jogjaprov.go.id/cctv-proxy/cctv-bantul/SimpangPasebanSelatan.stream/playlist.m3u8",
        "portal_url": "https://cctv.jogjaprov.go.id",
        "source_url": "https://cctv.jogjaprov.go.id/api/v1/location-pins?include=area,categories&filter%5Bhas_coords%5D=true&filter%5Bhas_slug%5D=true&filter%5Bevent_active%5D=true&filter%5Bdisabled%5D=false"
      },
      "geometry": {
        "type": "Point",
        "coordinates": [
          110.32776176,
          -7.88850642
        ]
      }
    },
    {
      "type": "Feature",
      "properties": {
        "id": "1940",
        "slug": "simpang-klodran-view-utara",
        "name": "SimpangKlodranUtara",
        "alias_name": "Simpang Klodran (view Utara)",
        "group_name": "Dinas Kominfo Bantul",
        "pin_type": "cctv",
        "category": "simpang, bantul",
        "connected": true,
        "featured": false,
        "descr": "Dinas Kominfo Bantul • simpang, bantul",
        "stream_url": "https://cctv.jogjaprov.go.id/cctv-proxy/cctv-bantul/SimpangKlodranUtara.stream/playlist.m3u8",
        "video_url": "https://cctv.jogjaprov.go.id/cctv-proxy/cctv-bantul/SimpangKlodranUtara.stream/playlist.m3u8",
        "cctv_link": "https://cctv.jogjaprov.go.id/cctv-proxy/cctv-bantul/SimpangKlodranUtara.stream/playlist.m3u8",
        "portal_url": "https://cctv.jogjaprov.go.id",
        "source_url": "https://cctv.jogjaprov.go.id/api/v1/location-pins?include=area,categories&filter%5Bhas_coords%5D=true&filter%5Bhas_slug%5D=true&filter%5Bevent_active%5D=true&filter%5Bdisabled%5D=false"
      },
      "geometry": {
        "type": "Point",
        "coordinates": [
          110.33327007,
          -7.87949505
        ]
      }
    },
    {
      "type": "Feature",
      "properties": {
        "id": "1941",
        "slug": "simpang-klodran-view-selatan",
        "name": "SimpangKlodranSelatan",
        "alias_name": "Simpang Klodran (view Selatan)",
        "group_name": "Dinas Kominfo Bantul",
        "pin_type": "cctv",
        "category": "simpang, bantul",
        "connected": true,
        "featured": false,
        "descr": "Dinas Kominfo Bantul • simpang, bantul",
        "stream_url": "https://cctv.jogjaprov.go.id/cctv-proxy/cctv-bantul/SimpangKlodranSelatan.stream/playlist.m3u8",
        "video_url": "https://cctv.jogjaprov.go.id/cctv-proxy/cctv-bantul/SimpangKlodranSelatan.stream/playlist.m3u8",
        "cctv_link": "https://cctv.jogjaprov.go.id/cctv-proxy/cctv-bantul/SimpangKlodranSelatan.stream/playlist.m3u8",
        "portal_url": "https://cctv.jogjaprov.go.id",
        "source_url": "https://cctv.jogjaprov.go.id/api/v1/location-pins?include=area,categories&filter%5Bhas_coords%5D=true&filter%5Bhas_slug%5D=true&filter%5Bevent_active%5D=true&filter%5Bdisabled%5D=false"
      },
      "geometry": {
        "type": "Point",
        "coordinates": [
          110.33327275,
          -7.87973285
        ]
      }
    },
    {
      "type": "Feature",
      "properties": {
        "id": "1942",
        "slug": "simpang-paseban-view-barat",
        "name": "SimpangPasebanBarat",
        "alias_name": "Simpang Paseban (view Barat)",
        "group_name": "Dinas Kominfo Bantul",
        "pin_type": "cctv",
        "category": "simpang, bantul",
        "connected": true,
        "featured": false,
        "descr": "Dinas Kominfo Bantul • simpang, bantul",
        "stream_url": "https://cctv.jogjaprov.go.id/cctv-proxy/cctv-bantul/SimpangPasebanBarat.stream/playlist.m3u8",
        "video_url": "https://cctv.jogjaprov.go.id/cctv-proxy/cctv-bantul/SimpangPasebanBarat.stream/playlist.m3u8",
        "cctv_link": "https://cctv.jogjaprov.go.id/cctv-proxy/cctv-bantul/SimpangPasebanBarat.stream/playlist.m3u8",
        "portal_url": "https://cctv.jogjaprov.go.id",
        "source_url": "https://cctv.jogjaprov.go.id/api/v1/location-pins?include=area,categories&filter%5Bhas_coords%5D=true&filter%5Bhas_slug%5D=true&filter%5Bevent_active%5D=true&filter%5Bdisabled%5D=false"
      },
      "geometry": {
        "type": "Point",
        "coordinates": [
          110.32767191,
          -7.88837491
        ]
      }
    },
    {
      "type": "Feature",
      "properties": {
        "id": "1943",
        "slug": "simpang-klodran-view-barat",
        "name": "SimpangKlodranBarat",
        "alias_name": "Simpang Klodran (view Barat)",
        "group_name": "Dinas Kominfo Bantul",
        "pin_type": "cctv",
        "category": "simpang, bantul",
        "connected": true,
        "featured": false,
        "descr": "Dinas Kominfo Bantul • simpang, bantul",
        "stream_url": "https://cctv.jogjaprov.go.id/cctv-proxy/cctv-bantul/SimpangKlodranBarat.stream/playlist.m3u8",
        "video_url": "https://cctv.jogjaprov.go.id/cctv-proxy/cctv-bantul/SimpangKlodranBarat.stream/playlist.m3u8",
        "cctv_link": "https://cctv.jogjaprov.go.id/cctv-proxy/cctv-bantul/SimpangKlodranBarat.stream/playlist.m3u8",
        "portal_url": "https://cctv.jogjaprov.go.id",
        "source_url": "https://cctv.jogjaprov.go.id/api/v1/location-pins?include=area,categories&filter%5Bhas_coords%5D=true&filter%5Bhas_slug%5D=true&filter%5Bevent_active%5D=true&filter%5Bdisabled%5D=false"
      },
      "geometry": {
        "type": "Point",
        "coordinates": [
          110.33314395,
          -7.87941929
        ]
      }
    },
    {
      "type": "Feature",
      "properties": {
        "id": "1944",
        "slug": "simpang-korpri-view-barat",
        "name": "SimpangKorpriBarat",
        "alias_name": "Simpang Korpri view Barat",
        "group_name": "Dinas Kominfo Bantul",
        "pin_type": "cctv",
        "category": "simpang, korpri",
        "connected": true,
        "featured": false,
        "descr": "Dinas Kominfo Bantul • simpang, korpri",
        "stream_url": "https://cctv.jogjaprov.go.id/cctv-proxy/cctv-bantul/SimpangKorpriBarat.stream/playlist.m3u8",
        "video_url": "https://cctv.jogjaprov.go.id/cctv-proxy/cctv-bantul/SimpangKorpriBarat.stream/playlist.m3u8",
        "cctv_link": "https://cctv.jogjaprov.go.id/cctv-proxy/cctv-bantul/SimpangKorpriBarat.stream/playlist.m3u8",
        "portal_url": "https://cctv.jogjaprov.go.id",
        "source_url": "https://cctv.jogjaprov.go.id/api/v1/location-pins?include=area,categories&filter%5Bhas_coords%5D=true&filter%5Bhas_slug%5D=true&filter%5Bevent_active%5D=true&filter%5Bdisabled%5D=false"
      },
      "geometry": {
        "type": "Point",
        "coordinates": [
          110.32709875,
          -7.88817694
        ]
      }
    },
    {
      "type": "Feature",
      "properties": {
        "id": "1945",
        "slug": "bendung-klegen",
        "name": "BendungKlegen",
        "alias_name": "Bendung Klegen",
        "group_name": "Dinas Kominfo Bantul",
        "pin_type": "cctv",
        "category": "bendung, bantul",
        "connected": true,
        "featured": false,
        "descr": "Dinas Kominfo Bantul • bendung, bantul",
        "stream_url": "https://cctv.jogjaprov.go.id/cctv-proxy/cctv-bantul/BendungKlegen.stream/playlist.m3u8",
        "video_url": "https://cctv.jogjaprov.go.id/cctv-proxy/cctv-bantul/BendungKlegen.stream/playlist.m3u8",
        "cctv_link": "https://cctv.jogjaprov.go.id/cctv-proxy/cctv-bantul/BendungKlegen.stream/playlist.m3u8",
        "portal_url": "https://cctv.jogjaprov.go.id",
        "source_url": "https://cctv.jogjaprov.go.id/api/v1/location-pins?include=area,categories&filter%5Bhas_coords%5D=true&filter%5Bhas_slug%5D=true&filter%5Bevent_active%5D=true&filter%5Bdisabled%5D=false"
      },
      "geometry": {
        "type": "Point",
        "coordinates": [
          110.325589,
          -7.953231
        ]
      }
    },
    {
      "type": "Feature",
      "properties": {
        "id": "1946",
        "slug": "bendung-merdika-niten",
        "name": "BendungMerdikaNiten",
        "alias_name": "Bendung Merdika Niten",
        "group_name": "Dinas Kominfo Bantul",
        "pin_type": "cctv",
        "category": "bendung, bantul",
        "connected": true,
        "featured": false,
        "descr": "Dinas Kominfo Bantul • bendung, bantul",
        "stream_url": "https://cctv.jogjaprov.go.id/cctv-proxy/cctv-bantul/BendungMerdikaNiten.stream/playlist.m3u8",
        "video_url": "https://cctv.jogjaprov.go.id/cctv-proxy/cctv-bantul/BendungMerdikaNiten.stream/playlist.m3u8",
        "cctv_link": "https://cctv.jogjaprov.go.id/cctv-proxy/cctv-bantul/BendungMerdikaNiten.stream/playlist.m3u8",
        "portal_url": "https://cctv.jogjaprov.go.id",
        "source_url": "https://cctv.jogjaprov.go.id/api/v1/location-pins?include=area,categories&filter%5Bhas_coords%5D=true&filter%5Bhas_slug%5D=true&filter%5Bevent_active%5D=true&filter%5Bdisabled%5D=false"
      },
      "geometry": {
        "type": "Point",
        "coordinates": [
          110.34836008,
          -7.83923308
        ]
      }
    },
    {
      "type": "Feature",
      "properties": {
        "id": "1947",
        "slug": "timur-stadion-sultan-agung-view-barat",
        "name": "TimurStadionSultanAgungBarat",
        "alias_name": "Timur Stadion Sultan Agung view Barat",
        "group_name": "Dinas Kominfo Bantul",
        "pin_type": "cctv",
        "category": "bantul, stadion",
        "connected": true,
        "featured": false,
        "descr": "Dinas Kominfo Bantul • bantul, stadion",
        "stream_url": "https://cctv.jogjaprov.go.id/cctv-proxy/cctv-bantul/TimurStadionSultanAgungBarat.stream/playlist.m3u8",
        "video_url": "https://cctv.jogjaprov.go.id/cctv-proxy/cctv-bantul/TimurStadionSultanAgungBarat.stream/playlist.m3u8",
        "cctv_link": "https://cctv.jogjaprov.go.id/cctv-proxy/cctv-bantul/TimurStadionSultanAgungBarat.stream/playlist.m3u8",
        "portal_url": "https://cctv.jogjaprov.go.id",
        "source_url": "https://cctv.jogjaprov.go.id/api/v1/location-pins?include=area,categories&filter%5Bhas_coords%5D=true&filter%5Bhas_slug%5D=true&filter%5Bevent_active%5D=true&filter%5Bdisabled%5D=false"
      },
      "geometry": {
        "type": "Point",
        "coordinates": [
          110.38275175,
          -7.87283308
        ]
      }
    },
    {
      "type": "Feature",
      "properties": {
        "id": "1948",
        "slug": "simpang-jejeran-view-selatan",
        "name": "SimpangJejeranSelatan",
        "alias_name": "Simpang Jejeran (view Selatan)",
        "group_name": "Dinas Kominfo Bantul",
        "pin_type": "cctv",
        "category": "simpang, bantul",
        "connected": true,
        "featured": false,
        "descr": "Dinas Kominfo Bantul • simpang, bantul",
        "stream_url": "https://cctv.jogjaprov.go.id/cctv-proxy/cctv-bantul/SimpangJejeranSelatan.stream/playlist.m3u8",
        "video_url": "https://cctv.jogjaprov.go.id/cctv-proxy/cctv-bantul/SimpangJejeranSelatan.stream/playlist.m3u8",
        "cctv_link": "https://cctv.jogjaprov.go.id/cctv-proxy/cctv-bantul/SimpangJejeranSelatan.stream/playlist.m3u8",
        "portal_url": "https://cctv.jogjaprov.go.id",
        "source_url": "https://cctv.jogjaprov.go.id/api/v1/location-pins?include=area,categories&filter%5Bhas_coords%5D=true&filter%5Bhas_slug%5D=true&filter%5Bevent_active%5D=true&filter%5Bdisabled%5D=false"
      },
      "geometry": {
        "type": "Point",
        "coordinates": [
          110.39082101,
          -7.86998976
        ]
      }
    },
    {
      "type": "Feature",
      "properties": {
        "id": "1949",
        "slug": "ruang-bermain-ramah-anak-masjid-agung-4",
        "name": "RuangBermainRamahAnakMasjidAgung4",
        "alias_name": "Ruang Bermain Ramah Anak Masjid Agung 4",
        "group_name": "Dinas Kominfo Bantul",
        "pin_type": "cctv",
        "category": "RBRA, bantul, Masjid",
        "connected": true,
        "featured": false,
        "descr": "Dinas Kominfo Bantul • RBRA, bantul, Masjid",
        "stream_url": "https://cctv.jogjaprov.go.id/cctv-proxy/cctv-bantul/RuangBermainRamahAnakMasjidAgung4.stream/playlist.m3u8",
        "video_url": "https://cctv.jogjaprov.go.id/cctv-proxy/cctv-bantul/RuangBermainRamahAnakMasjidAgung4.stream/playlist.m3u8",
        "cctv_link": "https://cctv.jogjaprov.go.id/cctv-proxy/cctv-bantul/RuangBermainRamahAnakMasjidAgung4.stream/playlist.m3u8",
        "portal_url": "https://cctv.jogjaprov.go.id",
        "source_url": "https://cctv.jogjaprov.go.id/api/v1/location-pins?include=area,categories&filter%5Bhas_coords%5D=true&filter%5Bhas_slug%5D=true&filter%5Bevent_active%5D=true&filter%5Bdisabled%5D=false"
      },
      "geometry": {
        "type": "Point",
        "coordinates": [
          110.33296684,
          -7.88006071
        ]
      }
    },
    {
      "type": "Feature",
      "properties": {
        "id": "1950",
        "slug": "simpang-gose-view-utara",
        "name": "SimpangGoseUtara",
        "alias_name": "Simpang Gose (view Utara)",
        "group_name": "Dinas Kominfo Bantul",
        "pin_type": "cctv",
        "category": "simpang, bantul",
        "connected": true,
        "featured": false,
        "descr": "Dinas Kominfo Bantul • simpang, bantul",
        "stream_url": "https://cctv.jogjaprov.go.id/cctv-proxy/cctv-bantul/SimpangGoseUtara.stream/playlist.m3u8",
        "video_url": "https://cctv.jogjaprov.go.id/cctv-proxy/cctv-bantul/SimpangGoseUtara.stream/playlist.m3u8",
        "cctv_link": "https://cctv.jogjaprov.go.id/cctv-proxy/cctv-bantul/SimpangGoseUtara.stream/playlist.m3u8",
        "portal_url": "https://cctv.jogjaprov.go.id",
        "source_url": "https://cctv.jogjaprov.go.id/api/v1/location-pins?include=area,categories&filter%5Bhas_coords%5D=true&filter%5Bhas_slug%5D=true&filter%5Bevent_active%5D=true&filter%5Bdisabled%5D=false"
      },
      "geometry": {
        "type": "Point",
        "coordinates": [
          110.3257524,
          -7.89083358
        ]
      }
    },
    {
      "type": "Feature",
      "properties": {
        "id": "1951",
        "slug": "simpang-gose-view-timur",
        "name": "SimpangGoseTimur",
        "alias_name": "Simpang Gose (view Timur)",
        "group_name": "Dinas Kominfo Bantul",
        "pin_type": "cctv",
        "category": "simpang, bantul",
        "connected": true,
        "featured": false,
        "descr": "Dinas Kominfo Bantul • simpang, bantul",
        "stream_url": "https://cctv.jogjaprov.go.id/cctv-proxy/cctv-bantul/SimpangGoseTimur.stream/playlist.m3u8",
        "video_url": "https://cctv.jogjaprov.go.id/cctv-proxy/cctv-bantul/SimpangGoseTimur.stream/playlist.m3u8",
        "cctv_link": "https://cctv.jogjaprov.go.id/cctv-proxy/cctv-bantul/SimpangGoseTimur.stream/playlist.m3u8",
        "portal_url": "https://cctv.jogjaprov.go.id",
        "source_url": "https://cctv.jogjaprov.go.id/api/v1/location-pins?include=area,categories&filter%5Bhas_coords%5D=true&filter%5Bhas_slug%5D=true&filter%5Bevent_active%5D=true&filter%5Bdisabled%5D=false"
      },
      "geometry": {
        "type": "Point",
        "coordinates": [
          110.32568866,
          -7.89089069
        ]
      }
    },
    {
      "type": "Feature",
      "properties": {
        "id": "1952",
        "slug": "ruang-bermain-ramah-anak-masjid-agung-3",
        "name": "RuangBermainRamahAnakMasjidAgung3",
        "alias_name": "Ruang Bermain Ramah Anak Masjid Agung 3",
        "group_name": "Dinas Kominfo Bantul",
        "pin_type": "cctv",
        "category": "RBRA, bantul, Masjid",
        "connected": true,
        "featured": false,
        "descr": "Dinas Kominfo Bantul • RBRA, bantul, Masjid",
        "stream_url": "https://cctv.jogjaprov.go.id/cctv-proxy/cctv-bantul/RuangBermainRamahAnakMasjidAgung3.stream/playlist.m3u8",
        "video_url": "https://cctv.jogjaprov.go.id/cctv-proxy/cctv-bantul/RuangBermainRamahAnakMasjidAgung3.stream/playlist.m3u8",
        "cctv_link": "https://cctv.jogjaprov.go.id/cctv-proxy/cctv-bantul/RuangBermainRamahAnakMasjidAgung3.stream/playlist.m3u8",
        "portal_url": "https://cctv.jogjaprov.go.id",
        "source_url": "https://cctv.jogjaprov.go.id/api/v1/location-pins?include=area,categories&filter%5Bhas_coords%5D=true&filter%5Bhas_slug%5D=true&filter%5Bevent_active%5D=true&filter%5Bdisabled%5D=false"
      },
      "geometry": {
        "type": "Point",
        "coordinates": [
          110.3328904,
          -7.88011384
        ]
      }
    },
    {
      "type": "Feature",
      "properties": {
        "id": "1953",
        "slug": "ruang-bermain-ramah-anak-masjid-agung-1",
        "name": "RuangBermainRamahAnakMasjidAgung1",
        "alias_name": "Ruang Bermain Ramah Anak Masjid Agung 1",
        "group_name": "Dinas Kominfo Bantul",
        "pin_type": "cctv",
        "category": "RBRA, bantul, Masjid",
        "connected": true,
        "featured": false,
        "descr": "Dinas Kominfo Bantul • RBRA, bantul, Masjid",
        "stream_url": "https://cctv.jogjaprov.go.id/cctv-proxy/cctv-bantul/RuangBermainRamahAnakMasjidAgung1.stream/playlist.m3u8",
        "video_url": "https://cctv.jogjaprov.go.id/cctv-proxy/cctv-bantul/RuangBermainRamahAnakMasjidAgung1.stream/playlist.m3u8",
        "cctv_link": "https://cctv.jogjaprov.go.id/cctv-proxy/cctv-bantul/RuangBermainRamahAnakMasjidAgung1.stream/playlist.m3u8",
        "portal_url": "https://cctv.jogjaprov.go.id",
        "source_url": "https://cctv.jogjaprov.go.id/api/v1/location-pins?include=area,categories&filter%5Bhas_coords%5D=true&filter%5Bhas_slug%5D=true&filter%5Bevent_active%5D=true&filter%5Bdisabled%5D=false"
      },
      "geometry": {
        "type": "Point",
        "coordinates": [
          110.33280658,
          -7.87991856
        ]
      }
    },
    {
      "type": "Feature",
      "properties": {
        "id": "1954",
        "slug": "ruang-bermain-ramah-anak-masjid-agung-2",
        "name": "RuangBermainRamahAnakMasjidAgung2",
        "alias_name": "Ruang Bermain Ramah Anak Masjid Agung 2",
        "group_name": "Dinas Kominfo Bantul",
        "pin_type": "cctv",
        "category": "RBRA, bantul, Masjid",
        "connected": true,
        "featured": false,
        "descr": "Dinas Kominfo Bantul • RBRA, bantul, Masjid",
        "stream_url": "https://cctv.jogjaprov.go.id/cctv-proxy/cctv-bantul/RuangBermainRamahAnakMasjidAgung2.stream/playlist.m3u8",
        "video_url": "https://cctv.jogjaprov.go.id/cctv-proxy/cctv-bantul/RuangBermainRamahAnakMasjidAgung2.stream/playlist.m3u8",
        "cctv_link": "https://cctv.jogjaprov.go.id/cctv-proxy/cctv-bantul/RuangBermainRamahAnakMasjidAgung2.stream/playlist.m3u8",
        "portal_url": "https://cctv.jogjaprov.go.id",
        "source_url": "https://cctv.jogjaprov.go.id/api/v1/location-pins?include=area,categories&filter%5Bhas_coords%5D=true&filter%5Bhas_slug%5D=true&filter%5Bevent_active%5D=true&filter%5Bdisabled%5D=false"
      },
      "geometry": {
        "type": "Point",
        "coordinates": [
          110.33276702,
          -7.88005539
        ]
      }
    },
    {
      "type": "Feature",
      "properties": {
        "id": "1955",
        "slug": "simpang-gose-view-barat",
        "name": "SimpangGoseBarat",
        "alias_name": "Simpang Gose (view Barat)",
        "group_name": "Dinas Kominfo Bantul",
        "pin_type": "cctv",
        "category": "simpang, bantul",
        "connected": true,
        "featured": false,
        "descr": "Dinas Kominfo Bantul • simpang, bantul",
        "stream_url": "https://cctv.jogjaprov.go.id/cctv-proxy/cctv-bantul/SimpangGoseBarat.stream/playlist.m3u8",
        "video_url": "https://cctv.jogjaprov.go.id/cctv-proxy/cctv-bantul/SimpangGoseBarat.stream/playlist.m3u8",
        "cctv_link": "https://cctv.jogjaprov.go.id/cctv-proxy/cctv-bantul/SimpangGoseBarat.stream/playlist.m3u8",
        "portal_url": "https://cctv.jogjaprov.go.id",
        "source_url": "https://cctv.jogjaprov.go.id/api/v1/location-pins?include=area,categories&filter%5Bhas_coords%5D=true&filter%5Bhas_slug%5D=true&filter%5Bevent_active%5D=true&filter%5Bdisabled%5D=false"
      },
      "geometry": {
        "type": "Point",
        "coordinates": [
          110.32562097,
          -7.89090531
        ]
      }
    },
    {
      "type": "Feature",
      "properties": {
        "id": "1956",
        "slug": "simpang-jejeran-view-utara",
        "name": "SimpangJejeranUtara",
        "alias_name": "Simpang Jejeran (view Utara)",
        "group_name": "Dinas Kominfo Bantul",
        "pin_type": "cctv",
        "category": "simpang, bantul",
        "connected": true,
        "featured": false,
        "descr": "Dinas Kominfo Bantul • simpang, bantul",
        "stream_url": "https://cctv.jogjaprov.go.id/cctv-proxy/cctv-bantul/SimpangJejeranUtara.stream/playlist.m3u8",
        "video_url": "https://cctv.jogjaprov.go.id/cctv-proxy/cctv-bantul/SimpangJejeranUtara.stream/playlist.m3u8",
        "cctv_link": "https://cctv.jogjaprov.go.id/cctv-proxy/cctv-bantul/SimpangJejeranUtara.stream/playlist.m3u8",
        "portal_url": "https://cctv.jogjaprov.go.id",
        "source_url": "https://cctv.jogjaprov.go.id/api/v1/location-pins?include=area,categories&filter%5Bhas_coords%5D=true&filter%5Bhas_slug%5D=true&filter%5Bevent_active%5D=true&filter%5Bdisabled%5D=false"
      },
      "geometry": {
        "type": "Point",
        "coordinates": [
          110.39086908,
          -7.87017036
        ]
      }
    },
    {
      "type": "Feature",
      "properties": {
        "id": "1957",
        "slug": "tugu-selamat-datang-patuk-arah-naik",
        "name": "TuguSelamatDatangPatuk",
        "alias_name": "Tugu Selamat Datang Patuk (arah naik)",
        "group_name": "Dinas Kominfo Gunungkidul",
        "pin_type": "cctv",
        "category": "Gunungkidul",
        "connected": true,
        "featured": false,
        "descr": "Dinas Kominfo Gunungkidul • Gunungkidul",
        "stream_url": "https://cctv.jogjaprov.go.id/cctv-proxy/cctv-kominfogk/TuguSelamatDatangPatuk.stream/playlist.m3u8",
        "video_url": "https://cctv.jogjaprov.go.id/cctv-proxy/cctv-kominfogk/TuguSelamatDatangPatuk.stream/playlist.m3u8",
        "cctv_link": "https://cctv.jogjaprov.go.id/cctv-proxy/cctv-kominfogk/TuguSelamatDatangPatuk.stream/playlist.m3u8",
        "portal_url": "https://cctv.jogjaprov.go.id",
        "source_url": "https://cctv.jogjaprov.go.id/api/v1/location-pins?include=area,categories&filter%5Bhas_coords%5D=true&filter%5Bhas_slug%5D=true&filter%5Bevent_active%5D=true&filter%5Bdisabled%5D=false"
      },
      "geometry": {
        "type": "Point",
        "coordinates": [
          110.4797438,
          -7.84833919
        ]
      }
    },
    {
      "type": "Feature",
      "properties": {
        "id": "1958",
        "slug": "tpr-pantai-baron-1",
        "name": "TPRPantaiBaron1",
        "alias_name": "TPR Pantai Baron 1",
        "group_name": "Dinas Kominfo Gunungkidul",
        "pin_type": "cctv",
        "category": "Gunungkidul",
        "connected": true,
        "featured": false,
        "descr": "Dinas Kominfo Gunungkidul • Gunungkidul",
        "stream_url": "https://cctv.jogjaprov.go.id/cctv-proxy/cctv-kominfogk/TPRPantaiBaron1.stream/playlist.m3u8",
        "video_url": "https://cctv.jogjaprov.go.id/cctv-proxy/cctv-kominfogk/TPRPantaiBaron1.stream/playlist.m3u8",
        "cctv_link": "https://cctv.jogjaprov.go.id/cctv-proxy/cctv-kominfogk/TPRPantaiBaron1.stream/playlist.m3u8",
        "portal_url": "https://cctv.jogjaprov.go.id",
        "source_url": "https://cctv.jogjaprov.go.id/api/v1/location-pins?include=area,categories&filter%5Bhas_coords%5D=true&filter%5Bhas_slug%5D=true&filter%5Bevent_active%5D=true&filter%5Bdisabled%5D=false"
      },
      "geometry": {
        "type": "Point",
        "coordinates": [
          110.5536738,
          -8.12348228
        ]
      }
    },
    {
      "type": "Feature",
      "properties": {
        "id": "1959",
        "slug": "alun-alun-wonosari",
        "name": "AlunAlunWonosariFix",
        "alias_name": "Alun-Alun Wonosari",
        "group_name": "Dinas Kominfo Gunungkidul",
        "pin_type": "cctv",
        "category": "Gunungkidul, alun-alun",
        "connected": true,
        "featured": false,
        "descr": "Dinas Kominfo Gunungkidul • Gunungkidul, alun-alun",
        "stream_url": "https://cctv.jogjaprov.go.id/cctv-proxy/cctv-kominfogk/AlunAlunWonosariFix.stream/playlist.m3u8",
        "video_url": "https://cctv.jogjaprov.go.id/cctv-proxy/cctv-kominfogk/AlunAlunWonosariFix.stream/playlist.m3u8",
        "cctv_link": "https://cctv.jogjaprov.go.id/cctv-proxy/cctv-kominfogk/AlunAlunWonosariFix.stream/playlist.m3u8",
        "portal_url": "https://cctv.jogjaprov.go.id",
        "source_url": "https://cctv.jogjaprov.go.id/api/v1/location-pins?include=area,categories&filter%5Bhas_coords%5D=true&filter%5Bhas_slug%5D=true&filter%5Bevent_active%5D=true&filter%5Bdisabled%5D=false"
      },
      "geometry": {
        "type": "Point",
        "coordinates": [
          110.600391,
          -7.965741
        ]
      }
    },
    {
      "type": "Feature",
      "properties": {
        "id": "1960",
        "slug": "bunderan-pln",
        "name": "BunderanPLN",
        "alias_name": "Bunderan PLN",
        "group_name": "Dinas Kominfo Gunungkidul",
        "pin_type": "cctv",
        "category": "simpang, Gunungkidul",
        "connected": true,
        "featured": false,
        "descr": "Dinas Kominfo Gunungkidul • simpang, Gunungkidul",
        "stream_url": "https://cctv.jogjaprov.go.id/cctv-proxy/cctv-kominfogk/BunderanPLN.stream/playlist.m3u8",
        "video_url": "https://cctv.jogjaprov.go.id/cctv-proxy/cctv-kominfogk/BunderanPLN.stream/playlist.m3u8",
        "cctv_link": "https://cctv.jogjaprov.go.id/cctv-proxy/cctv-kominfogk/BunderanPLN.stream/playlist.m3u8",
        "portal_url": "https://cctv.jogjaprov.go.id",
        "source_url": "https://cctv.jogjaprov.go.id/api/v1/location-pins?include=area,categories&filter%5Bhas_coords%5D=true&filter%5Bhas_slug%5D=true&filter%5Bevent_active%5D=true&filter%5Bdisabled%5D=false"
      },
      "geometry": {
        "type": "Point",
        "coordinates": [
          110.602087,
          -7.964429
        ]
      }
    },
    {
      "type": "Feature",
      "properties": {
        "id": "1961",
        "slug": "pantai-baron",
        "name": "PantaiBaron",
        "alias_name": "Pantai Baron",
        "group_name": "Dinas Kominfo Gunungkidul",
        "pin_type": "cctv",
        "category": "pantai, Gunungkidul",
        "connected": true,
        "featured": false,
        "descr": "Dinas Kominfo Gunungkidul • pantai, Gunungkidul",
        "stream_url": "https://cctv.jogjaprov.go.id/cctv-proxy/cctv-kominfogk/PantaiBaron.stream/playlist.m3u8",
        "video_url": "https://cctv.jogjaprov.go.id/cctv-proxy/cctv-kominfogk/PantaiBaron.stream/playlist.m3u8",
        "cctv_link": "https://cctv.jogjaprov.go.id/cctv-proxy/cctv-kominfogk/PantaiBaron.stream/playlist.m3u8",
        "portal_url": "https://cctv.jogjaprov.go.id",
        "source_url": "https://cctv.jogjaprov.go.id/api/v1/location-pins?include=area,categories&filter%5Bhas_coords%5D=true&filter%5Bhas_slug%5D=true&filter%5Bevent_active%5D=true&filter%5Bdisabled%5D=false"
      },
      "geometry": {
        "type": "Point",
        "coordinates": [
          110.54878,
          -8.128483
        ]
      }
    },
    {
      "type": "Feature",
      "properties": {
        "id": "1962",
        "slug": "bunderan-siyono",
        "name": "BunderanSiyonoFix",
        "alias_name": "Bunderan Siyono",
        "group_name": "Dinas Kominfo Gunungkidul",
        "pin_type": "cctv",
        "category": "simpang, Gunungkidul",
        "connected": true,
        "featured": false,
        "descr": "Dinas Kominfo Gunungkidul • simpang, Gunungkidul",
        "stream_url": "https://cctv.jogjaprov.go.id/cctv-proxy/cctv-kominfogk/BunderanSiyonoFix.stream/playlist.m3u8",
        "video_url": "https://cctv.jogjaprov.go.id/cctv-proxy/cctv-kominfogk/BunderanSiyonoFix.stream/playlist.m3u8",
        "cctv_link": "https://cctv.jogjaprov.go.id/cctv-proxy/cctv-kominfogk/BunderanSiyonoFix.stream/playlist.m3u8",
        "portal_url": "https://cctv.jogjaprov.go.id",
        "source_url": "https://cctv.jogjaprov.go.id/api/v1/location-pins?include=area,categories&filter%5Bhas_coords%5D=true&filter%5Bhas_slug%5D=true&filter%5Bevent_active%5D=true&filter%5Bdisabled%5D=false"
      },
      "geometry": {
        "type": "Point",
        "coordinates": [
          110.585913,
          -7.950376
        ]
      }
    },
    {
      "type": "Feature",
      "properties": {
        "id": "1963",
        "slug": "pantai-kukup-view-laut",
        "name": "PantaiKukup",
        "alias_name": "Pantai Kukup (view laut)",
        "group_name": "Dinas Kominfo Gunungkidul",
        "pin_type": "cctv",
        "category": "Gunungkidul, pantai",
        "connected": true,
        "featured": false,
        "descr": "Dinas Kominfo Gunungkidul • Gunungkidul, pantai",
        "stream_url": "https://cctv.jogjaprov.go.id/cctv-proxy/cctv-kominfogk/PantaiKukup.stream/playlist.m3u8",
        "video_url": "https://cctv.jogjaprov.go.id/cctv-proxy/cctv-kominfogk/PantaiKukup.stream/playlist.m3u8",
        "cctv_link": "https://cctv.jogjaprov.go.id/cctv-proxy/cctv-kominfogk/PantaiKukup.stream/playlist.m3u8",
        "portal_url": "https://cctv.jogjaprov.go.id",
        "source_url": "https://cctv.jogjaprov.go.id/api/v1/location-pins?include=area,categories&filter%5Bhas_coords%5D=true&filter%5Bhas_slug%5D=true&filter%5Bevent_active%5D=true&filter%5Bdisabled%5D=false"
      },
      "geometry": {
        "type": "Point",
        "coordinates": [
          110.55464,
          -8.133417
        ]
      }
    },
    {
      "type": "Feature",
      "properties": {
        "id": "1964",
        "slug": "bpp-semanu-timur",
        "name": "BPPSemanuTimur",
        "alias_name": "BPP Semanu Timur",
        "group_name": "Dinas Kominfo Gunungkidul",
        "pin_type": "cctv",
        "category": "Gunungkidul, Kantor Pemerintah",
        "connected": true,
        "featured": false,
        "descr": "Dinas Kominfo Gunungkidul • Gunungkidul, Kantor Pemerintah",
        "stream_url": "https://cctv.jogjaprov.go.id/cctv-proxy/cctv-kominfogk/BPPSemanuTimur.stream/playlist.m3u8",
        "video_url": "https://cctv.jogjaprov.go.id/cctv-proxy/cctv-kominfogk/BPPSemanuTimur.stream/playlist.m3u8",
        "cctv_link": "https://cctv.jogjaprov.go.id/cctv-proxy/cctv-kominfogk/BPPSemanuTimur.stream/playlist.m3u8",
        "portal_url": "https://cctv.jogjaprov.go.id",
        "source_url": "https://cctv.jogjaprov.go.id/api/v1/location-pins?include=area,categories&filter%5Bhas_coords%5D=true&filter%5Bhas_slug%5D=true&filter%5Bevent_active%5D=true&filter%5Bdisabled%5D=false"
      },
      "geometry": {
        "type": "Point",
        "coordinates": [
          110.63052,
          -7.988206
        ]
      }
    },
    {
      "type": "Feature",
      "properties": {
        "id": "1965",
        "slug": "bpp-semanu-barat",
        "name": "BPPSemanuBarat",
        "alias_name": "BPP Semanu Barat",
        "group_name": "Dinas Kominfo Gunungkidul",
        "pin_type": "cctv",
        "category": "simpang, Gunungkidul",
        "connected": true,
        "featured": false,
        "descr": "Dinas Kominfo Gunungkidul • simpang, Gunungkidul",
        "stream_url": "https://cctv.jogjaprov.go.id/cctv-proxy/cctv-kominfogk/BPPSemanuBarat.stream/playlist.m3u8",
        "video_url": "https://cctv.jogjaprov.go.id/cctv-proxy/cctv-kominfogk/BPPSemanuBarat.stream/playlist.m3u8",
        "cctv_link": "https://cctv.jogjaprov.go.id/cctv-proxy/cctv-kominfogk/BPPSemanuBarat.stream/playlist.m3u8",
        "portal_url": "https://cctv.jogjaprov.go.id",
        "source_url": "https://cctv.jogjaprov.go.id/api/v1/location-pins?include=area,categories&filter%5Bhas_coords%5D=true&filter%5Bhas_slug%5D=true&filter%5Bevent_active%5D=true&filter%5Bdisabled%5D=false"
      },
      "geometry": {
        "type": "Point",
        "coordinates": [
          110.63033513,
          -7.98803337
        ]
      }
    },
    {
      "type": "Feature",
      "properties": {
        "id": "1966",
        "slug": "bpp-playen",
        "name": "BPPPlayen",
        "alias_name": "BPP Playen",
        "group_name": "Dinas Kominfo Gunungkidul",
        "pin_type": "cctv",
        "category": "Gunungkidul, Kantor Pemerintah",
        "connected": true,
        "featured": false,
        "descr": "Dinas Kominfo Gunungkidul • Gunungkidul, Kantor Pemerintah",
        "stream_url": "https://cctv.jogjaprov.go.id/cctv-proxy/cctv-kominfogk/BPPPlayen.stream/playlist.m3u8",
        "video_url": "https://cctv.jogjaprov.go.id/cctv-proxy/cctv-kominfogk/BPPPlayen.stream/playlist.m3u8",
        "cctv_link": "https://cctv.jogjaprov.go.id/cctv-proxy/cctv-kominfogk/BPPPlayen.stream/playlist.m3u8",
        "portal_url": "https://cctv.jogjaprov.go.id",
        "source_url": "https://cctv.jogjaprov.go.id/api/v1/location-pins?include=area,categories&filter%5Bhas_coords%5D=true&filter%5Bhas_slug%5D=true&filter%5Bevent_active%5D=true&filter%5Bdisabled%5D=false"
      },
      "geometry": {
        "type": "Point",
        "coordinates": [
          110.560928,
          -7.922034
        ]
      }
    },
    {
      "type": "Feature",
      "properties": {
        "id": "1967",
        "slug": "smp-1-playen",
        "name": "SMP1Playen",
        "alias_name": "SMP 1 Playen",
        "group_name": "Dinas Kominfo Gunungkidul",
        "pin_type": "cctv",
        "category": "simpang, Gunungkidul, sekolah",
        "connected": true,
        "featured": false,
        "descr": "Dinas Kominfo Gunungkidul • simpang, Gunungkidul, sekolah",
        "stream_url": "https://cctv.jogjaprov.go.id/cctv-proxy/cctv-kominfogk/SMP1Playen.stream/playlist.m3u8",
        "video_url": "https://cctv.jogjaprov.go.id/cctv-proxy/cctv-kominfogk/SMP1Playen.stream/playlist.m3u8",
        "cctv_link": "https://cctv.jogjaprov.go.id/cctv-proxy/cctv-kominfogk/SMP1Playen.stream/playlist.m3u8",
        "portal_url": "https://cctv.jogjaprov.go.id",
        "source_url": "https://cctv.jogjaprov.go.id/api/v1/location-pins?include=area,categories&filter%5Bhas_coords%5D=true&filter%5Bhas_slug%5D=true&filter%5Bevent_active%5D=true&filter%5Bdisabled%5D=false"
      },
      "geometry": {
        "type": "Point",
        "coordinates": [
          110.552653,
          -7.944795
        ]
      }
    },
    {
      "type": "Feature",
      "properties": {
        "id": "1968",
        "slug": "bunderan-kodim-gunungkidul",
        "name": "BunderanKodim",
        "alias_name": "Bunderan Kodim Gunungkidul",
        "group_name": "Dinas Kominfo Gunungkidul",
        "pin_type": "cctv",
        "category": "simpang, Gunungkidul",
        "connected": true,
        "featured": false,
        "descr": "Dinas Kominfo Gunungkidul • simpang, Gunungkidul",
        "stream_url": "https://cctv.jogjaprov.go.id/cctv-proxy/cctv-kominfogk/BunderanKodim.stream/playlist.m3u8",
        "video_url": "https://cctv.jogjaprov.go.id/cctv-proxy/cctv-kominfogk/BunderanKodim.stream/playlist.m3u8",
        "cctv_link": "https://cctv.jogjaprov.go.id/cctv-proxy/cctv-kominfogk/BunderanKodim.stream/playlist.m3u8",
        "portal_url": "https://cctv.jogjaprov.go.id",
        "source_url": "https://cctv.jogjaprov.go.id/api/v1/location-pins?include=area,categories&filter%5Bhas_coords%5D=true&filter%5Bhas_slug%5D=true&filter%5Bevent_active%5D=true&filter%5Bdisabled%5D=false"
      },
      "geometry": {
        "type": "Point",
        "coordinates": [
          110.60714865,
          -7.96398069
        ]
      }
    },
    {
      "type": "Feature",
      "properties": {
        "id": "1969",
        "slug": "terminal-semin",
        "name": "TerminalSemin",
        "alias_name": "Terminal Semin",
        "group_name": "Dinas Kominfo Gunungkidul",
        "pin_type": "cctv",
        "category": "Gunungkidul, Terminal",
        "connected": true,
        "featured": false,
        "descr": "Dinas Kominfo Gunungkidul • Gunungkidul, Terminal",
        "stream_url": "https://cctv.jogjaprov.go.id/cctv-proxy/cctv-kominfogk/TerminalSemin.stream/playlist.m3u8",
        "video_url": "https://cctv.jogjaprov.go.id/cctv-proxy/cctv-kominfogk/TerminalSemin.stream/playlist.m3u8",
        "cctv_link": "https://cctv.jogjaprov.go.id/cctv-proxy/cctv-kominfogk/TerminalSemin.stream/playlist.m3u8",
        "portal_url": "https://cctv.jogjaprov.go.id",
        "source_url": "https://cctv.jogjaprov.go.id/api/v1/location-pins?include=area,categories&filter%5Bhas_coords%5D=true&filter%5Bhas_slug%5D=true&filter%5Bevent_active%5D=true&filter%5Bdisabled%5D=false"
      },
      "geometry": {
        "type": "Point",
        "coordinates": [
          110.73303481,
          -7.86739182
        ]
      }
    },
    {
      "type": "Feature",
      "properties": {
        "id": "1970",
        "slug": "sd-trowono-3",
        "name": "SDTrowono3",
        "alias_name": "SD Trowono 3",
        "group_name": "Dinas Kominfo Gunungkidul",
        "pin_type": "cctv",
        "category": "Gunungkidul, sekolah",
        "connected": true,
        "featured": false,
        "descr": "Dinas Kominfo Gunungkidul • Gunungkidul, sekolah",
        "stream_url": "https://cctv.jogjaprov.go.id/cctv-proxy/cctv-kominfogk/SDTrowono3.stream/playlist.m3u8",
        "video_url": "https://cctv.jogjaprov.go.id/cctv-proxy/cctv-kominfogk/SDTrowono3.stream/playlist.m3u8",
        "cctv_link": "https://cctv.jogjaprov.go.id/cctv-proxy/cctv-kominfogk/SDTrowono3.stream/playlist.m3u8",
        "portal_url": "https://cctv.jogjaprov.go.id",
        "source_url": "https://cctv.jogjaprov.go.id/api/v1/location-pins?include=area,categories&filter%5Bhas_coords%5D=true&filter%5Bhas_slug%5D=true&filter%5Bevent_active%5D=true&filter%5Bdisabled%5D=false"
      },
      "geometry": {
        "type": "Point",
        "coordinates": [
          110.53479,
          -8.052222
        ]
      }
    },
    {
      "type": "Feature",
      "properties": {
        "id": "1971",
        "slug": "smp-3-wonosari",
        "name": "SMP3Wonosari",
        "alias_name": "SMP 3 Wonosari",
        "group_name": "Dinas Kominfo Gunungkidul",
        "pin_type": "cctv",
        "category": "simpang, Gunungkidul, sekolah",
        "connected": false,
        "featured": false,
        "descr": "Dinas Kominfo Gunungkidul • simpang, Gunungkidul, sekolah",
        "stream_url": "https://cctv.jogjaprov.go.id/cctv-proxy/cctv-kominfogk/SMP3Wonosari.stream/playlist.m3u8",
        "video_url": "https://cctv.jogjaprov.go.id/cctv-proxy/cctv-kominfogk/SMP3Wonosari.stream/playlist.m3u8",
        "cctv_link": "https://cctv.jogjaprov.go.id/cctv-proxy/cctv-kominfogk/SMP3Wonosari.stream/playlist.m3u8",
        "portal_url": "https://cctv.jogjaprov.go.id",
        "source_url": "https://cctv.jogjaprov.go.id/api/v1/location-pins?include=area,categories&filter%5Bhas_coords%5D=true&filter%5Bhas_slug%5D=true&filter%5Bevent_active%5D=true&filter%5Bdisabled%5D=false"
      },
      "geometry": {
        "type": "Point",
        "coordinates": [
          110.587541,
          -8.013457
        ]
      }
    },
    {
      "type": "Feature",
      "properties": {
        "id": "1972",
        "slug": "kapanewon-semin-selatan",
        "name": "KapanewonSeminSelatan",
        "alias_name": "Kapanewon Semin Selatan",
        "group_name": "Dinas Kominfo Gunungkidul",
        "pin_type": "cctv",
        "category": "Kapanewon, Gunungkidul",
        "connected": true,
        "featured": false,
        "descr": "Dinas Kominfo Gunungkidul • Kapanewon, Gunungkidul",
        "stream_url": "https://cctv.jogjaprov.go.id/cctv-proxy/cctv-kominfogk/KapanewonSeminSelatan.stream/playlist.m3u8",
        "video_url": "https://cctv.jogjaprov.go.id/cctv-proxy/cctv-kominfogk/KapanewonSeminSelatan.stream/playlist.m3u8",
        "cctv_link": "https://cctv.jogjaprov.go.id/cctv-proxy/cctv-kominfogk/KapanewonSeminSelatan.stream/playlist.m3u8",
        "portal_url": "https://cctv.jogjaprov.go.id",
        "source_url": "https://cctv.jogjaprov.go.id/api/v1/location-pins?include=area,categories&filter%5Bhas_coords%5D=true&filter%5Bhas_slug%5D=true&filter%5Bevent_active%5D=true&filter%5Bdisabled%5D=false"
      },
      "geometry": {
        "type": "Point",
        "coordinates": [
          110.73267102,
          -7.8686373
        ]
      }
    },
    {
      "type": "Feature",
      "properties": {
        "id": "1973",
        "slug": "kalurahan-planjan",
        "name": "KalurahanPlanjan-Fix",
        "alias_name": "Kalurahan Planjan",
        "group_name": "Dinas Kominfo Gunungkidul",
        "pin_type": "cctv",
        "category": "Gunungkidul, Kalurahan",
        "connected": true,
        "featured": false,
        "descr": "Dinas Kominfo Gunungkidul • Gunungkidul, Kalurahan",
        "stream_url": "https://cctv.jogjaprov.go.id/cctv-proxy/cctv-kominfogk/KalurahanPlanjan-Fix.stream/playlist.m3u8",
        "video_url": "https://cctv.jogjaprov.go.id/cctv-proxy/cctv-kominfogk/KalurahanPlanjan-Fix.stream/playlist.m3u8",
        "cctv_link": "https://cctv.jogjaprov.go.id/cctv-proxy/cctv-kominfogk/KalurahanPlanjan-Fix.stream/playlist.m3u8",
        "portal_url": "https://cctv.jogjaprov.go.id",
        "source_url": "https://cctv.jogjaprov.go.id/api/v1/location-pins?include=area,categories&filter%5Bhas_coords%5D=true&filter%5Bhas_slug%5D=true&filter%5Bevent_active%5D=true&filter%5Bdisabled%5D=false"
      },
      "geometry": {
        "type": "Point",
        "coordinates": [
          110.553731,
          -8.093654
        ]
      }
    },
    {
      "type": "Feature",
      "properties": {
        "id": "1974",
        "slug": "tpr-pantai-baron",
        "name": "TPRPantaiBaron",
        "alias_name": "TPR Pantai Baron",
        "group_name": "Dinas Kominfo Gunungkidul",
        "pin_type": "cctv",
        "category": "Gunungkidul",
        "connected": true,
        "featured": false,
        "descr": "Dinas Kominfo Gunungkidul • Gunungkidul",
        "stream_url": "https://cctv.jogjaprov.go.id/cctv-proxy/cctv-kominfogk/TPRPantaiBaron.stream/playlist.m3u8",
        "video_url": "https://cctv.jogjaprov.go.id/cctv-proxy/cctv-kominfogk/TPRPantaiBaron.stream/playlist.m3u8",
        "cctv_link": "https://cctv.jogjaprov.go.id/cctv-proxy/cctv-kominfogk/TPRPantaiBaron.stream/playlist.m3u8",
        "portal_url": "https://cctv.jogjaprov.go.id",
        "source_url": "https://cctv.jogjaprov.go.id/api/v1/location-pins?include=area,categories&filter%5Bhas_coords%5D=true&filter%5Bhas_slug%5D=true&filter%5Bevent_active%5D=true&filter%5Bdisabled%5D=false"
      },
      "geometry": {
        "type": "Point",
        "coordinates": [
          110.553765,
          -8.12332827
        ]
      }
    },
    {
      "type": "Feature",
      "properties": {
        "id": "1975",
        "slug": "kapanewon-rongkop-barat",
        "name": "KapanewonRongkopBarat",
        "alias_name": "Kapanewon Rongkop Barat",
        "group_name": "Dinas Kominfo Gunungkidul",
        "pin_type": "cctv",
        "category": "Kapanewon, Gunungkidul",
        "connected": true,
        "featured": false,
        "descr": "Dinas Kominfo Gunungkidul • Kapanewon, Gunungkidul",
        "stream_url": "https://cctv.jogjaprov.go.id/cctv-proxy/cctv-kominfogk/KapanewonRongkopBarat.stream/playlist.m3u8",
        "video_url": "https://cctv.jogjaprov.go.id/cctv-proxy/cctv-kominfogk/KapanewonRongkopBarat.stream/playlist.m3u8",
        "cctv_link": "https://cctv.jogjaprov.go.id/cctv-proxy/cctv-kominfogk/KapanewonRongkopBarat.stream/playlist.m3u8",
        "portal_url": "https://cctv.jogjaprov.go.id",
        "source_url": "https://cctv.jogjaprov.go.id/api/v1/location-pins?include=area,categories&filter%5Bhas_coords%5D=true&filter%5Bhas_slug%5D=true&filter%5Bevent_active%5D=true&filter%5Bdisabled%5D=false"
      },
      "geometry": {
        "type": "Point",
        "coordinates": [
          110.76341987,
          -8.08276923
        ]
      }
    },
    {
      "type": "Feature",
      "properties": {
        "id": "1976",
        "slug": "simpang-rsud-wonosari",
        "name": "Simpang4RSUDFIX",
        "alias_name": "Simpang RSUD Wonosari",
        "group_name": "Dinas Kominfo Gunungkidul",
        "pin_type": "cctv",
        "category": "simpang, Gunungkidul, rsud",
        "connected": true,
        "featured": false,
        "descr": "Dinas Kominfo Gunungkidul • simpang, Gunungkidul, rsud",
        "stream_url": "https://cctv.jogjaprov.go.id/cctv-proxy/cctv-kominfogk/Simpang4RSUDFIX.stream/playlist.m3u8",
        "video_url": "https://cctv.jogjaprov.go.id/cctv-proxy/cctv-kominfogk/Simpang4RSUDFIX.stream/playlist.m3u8",
        "cctv_link": "https://cctv.jogjaprov.go.id/cctv-proxy/cctv-kominfogk/Simpang4RSUDFIX.stream/playlist.m3u8",
        "portal_url": "https://cctv.jogjaprov.go.id",
        "source_url": "https://cctv.jogjaprov.go.id/api/v1/location-pins?include=area,categories&filter%5Bhas_coords%5D=true&filter%5Bhas_slug%5D=true&filter%5Bevent_active%5D=true&filter%5Bdisabled%5D=false"
      },
      "geometry": {
        "type": "Point",
        "coordinates": [
          110.602629,
          -7.962481
        ]
      }
    },
    {
      "type": "Feature",
      "properties": {
        "id": "1977",
        "slug": "smp-1-tanjungsari",
        "name": "SMP1Tanjungsari",
        "alias_name": "SMP 1 Tanjungsari",
        "group_name": "Dinas Kominfo Gunungkidul",
        "pin_type": "cctv",
        "category": "simpang, Gunungkidul, sekolah",
        "connected": true,
        "featured": false,
        "descr": "Dinas Kominfo Gunungkidul • simpang, Gunungkidul, sekolah",
        "stream_url": "https://cctv.jogjaprov.go.id/cctv-proxy/cctv-kominfogk/SMP1Tanjungsari.stream/playlist.m3u8",
        "video_url": "https://cctv.jogjaprov.go.id/cctv-proxy/cctv-kominfogk/SMP1Tanjungsari.stream/playlist.m3u8",
        "cctv_link": "https://cctv.jogjaprov.go.id/cctv-proxy/cctv-kominfogk/SMP1Tanjungsari.stream/playlist.m3u8",
        "portal_url": "https://cctv.jogjaprov.go.id",
        "source_url": "https://cctv.jogjaprov.go.id/api/v1/location-pins?include=area,categories&filter%5Bhas_coords%5D=true&filter%5Bhas_slug%5D=true&filter%5Bevent_active%5D=true&filter%5Bdisabled%5D=false"
      },
      "geometry": {
        "type": "Point",
        "coordinates": [
          110.56174,
          -8.112045
        ]
      }
    },
    {
      "type": "Feature",
      "properties": {
        "id": "1978",
        "slug": "bunderan-siyono-barat",
        "name": "BunderanSiyonoBarat",
        "alias_name": "Bunderan Siyono Barat",
        "group_name": "Dinas Kominfo Gunungkidul",
        "pin_type": "cctv",
        "category": "simpang, Gunungkidul",
        "connected": false,
        "featured": false,
        "descr": "Dinas Kominfo Gunungkidul • simpang, Gunungkidul",
        "stream_url": "https://cctv.jogjaprov.go.id/cctv-proxy/cctv-kominfogk/BunderanSiyonoBarat.stream/playlist.m3u8",
        "video_url": "https://cctv.jogjaprov.go.id/cctv-proxy/cctv-kominfogk/BunderanSiyonoBarat.stream/playlist.m3u8",
        "cctv_link": "https://cctv.jogjaprov.go.id/cctv-proxy/cctv-kominfogk/BunderanSiyonoBarat.stream/playlist.m3u8",
        "portal_url": "https://cctv.jogjaprov.go.id",
        "source_url": "https://cctv.jogjaprov.go.id/api/v1/location-pins?include=area,categories&filter%5Bhas_coords%5D=true&filter%5Bhas_slug%5D=true&filter%5Bevent_active%5D=true&filter%5Bdisabled%5D=false"
      },
      "geometry": {
        "type": "Point",
        "coordinates": [
          110.58587045,
          -7.95031092
        ]
      }
    },
    {
      "type": "Feature",
      "properties": {
        "id": "1979",
        "slug": "tpr-pantai-baron-2",
        "name": "TPRPantaiBaron2",
        "alias_name": "TPR Pantai Baron 2",
        "group_name": "Dinas Kominfo Gunungkidul",
        "pin_type": "cctv",
        "category": "Gunungkidul",
        "connected": true,
        "featured": false,
        "descr": "Dinas Kominfo Gunungkidul • Gunungkidul",
        "stream_url": "https://cctv.jogjaprov.go.id/cctv-proxy/cctv-kominfogk/TPRPantaiBaron2.stream/playlist.m3u8",
        "video_url": "https://cctv.jogjaprov.go.id/cctv-proxy/cctv-kominfogk/TPRPantaiBaron2.stream/playlist.m3u8",
        "cctv_link": "https://cctv.jogjaprov.go.id/cctv-proxy/cctv-kominfogk/TPRPantaiBaron2.stream/playlist.m3u8",
        "portal_url": "https://cctv.jogjaprov.go.id",
        "source_url": "https://cctv.jogjaprov.go.id/api/v1/location-pins?include=area,categories&filter%5Bhas_coords%5D=true&filter%5Bhas_slug%5D=true&filter%5Bevent_active%5D=true&filter%5Bdisabled%5D=false"
      },
      "geometry": {
        "type": "Point",
        "coordinates": [
          110.55378109,
          -8.12347697
        ]
      }
    },
    {
      "type": "Feature",
      "properties": {
        "id": "1980",
        "slug": "kapanewon-rongkop-timur",
        "name": "KapanewonRongkopTimur",
        "alias_name": "Kapanewon Rongkop Timur",
        "group_name": "Dinas Kominfo Gunungkidul",
        "pin_type": "cctv",
        "category": "Kapanewon, Gunungkidul",
        "connected": true,
        "featured": false,
        "descr": "Dinas Kominfo Gunungkidul • Kapanewon, Gunungkidul",
        "stream_url": "https://cctv.jogjaprov.go.id/cctv-proxy/cctv-kominfogk/KapanewonRongkopTimur.stream/playlist.m3u8",
        "video_url": "https://cctv.jogjaprov.go.id/cctv-proxy/cctv-kominfogk/KapanewonRongkopTimur.stream/playlist.m3u8",
        "cctv_link": "https://cctv.jogjaprov.go.id/cctv-proxy/cctv-kominfogk/KapanewonRongkopTimur.stream/playlist.m3u8",
        "portal_url": "https://cctv.jogjaprov.go.id",
        "source_url": "https://cctv.jogjaprov.go.id/api/v1/location-pins?include=area,categories&filter%5Bhas_coords%5D=true&filter%5Bhas_slug%5D=true&filter%5Bevent_active%5D=true&filter%5Bdisabled%5D=false"
      },
      "geometry": {
        "type": "Point",
        "coordinates": [
          110.764,
          -8.083147
        ]
      }
    },
    {
      "type": "Feature",
      "properties": {
        "id": "1981",
        "slug": "kalurahan-sambirejo",
        "name": "KalurahanSambirejo",
        "alias_name": "Kalurahan Sambirejo",
        "group_name": "Dinas Kominfo Gunungkidul",
        "pin_type": "cctv",
        "category": "Kalurahan, Gunungkidul",
        "connected": true,
        "featured": false,
        "descr": "Dinas Kominfo Gunungkidul • Kalurahan, Gunungkidul",
        "stream_url": "https://cctv.jogjaprov.go.id/cctv-proxy/cctv-kominfogk/KalurahanSambirejo.stream/playlist.m3u8",
        "video_url": "https://cctv.jogjaprov.go.id/cctv-proxy/cctv-kominfogk/KalurahanSambirejo.stream/playlist.m3u8",
        "cctv_link": "https://cctv.jogjaprov.go.id/cctv-proxy/cctv-kominfogk/KalurahanSambirejo.stream/playlist.m3u8",
        "portal_url": "https://cctv.jogjaprov.go.id",
        "source_url": "https://cctv.jogjaprov.go.id/api/v1/location-pins?include=area,categories&filter%5Bhas_coords%5D=true&filter%5Bhas_slug%5D=true&filter%5Bevent_active%5D=true&filter%5Bdisabled%5D=false"
      },
      "geometry": {
        "type": "Point",
        "coordinates": [
          110.7212,
          -7.813637
        ]
      }
    },
    {
      "type": "Feature",
      "properties": {
        "id": "1982",
        "slug": "kapanewon-nglipar-timur",
        "name": "KapanewonNgliparTimur",
        "alias_name": "Kapanewon Nglipar Timur",
        "group_name": "Dinas Kominfo Gunungkidul",
        "pin_type": "cctv",
        "category": "Gunungkidul, Kapanewon",
        "connected": true,
        "featured": false,
        "descr": "Dinas Kominfo Gunungkidul • Gunungkidul, Kapanewon",
        "stream_url": "https://cctv.jogjaprov.go.id/cctv-proxy/cctv-kominfogk/KapanewonNgliparTimur.stream/playlist.m3u8",
        "video_url": "https://cctv.jogjaprov.go.id/cctv-proxy/cctv-kominfogk/KapanewonNgliparTimur.stream/playlist.m3u8",
        "cctv_link": "https://cctv.jogjaprov.go.id/cctv-proxy/cctv-kominfogk/KapanewonNgliparTimur.stream/playlist.m3u8",
        "portal_url": "https://cctv.jogjaprov.go.id",
        "source_url": "https://cctv.jogjaprov.go.id/api/v1/location-pins?include=area,categories&filter%5Bhas_coords%5D=true&filter%5Bhas_slug%5D=true&filter%5Bevent_active%5D=true&filter%5Bdisabled%5D=false"
      },
      "geometry": {
        "type": "Point",
        "coordinates": [
          110.62021,
          -7.880826
        ]
      }
    },
    {
      "type": "Feature",
      "properties": {
        "id": "1983",
        "slug": "smp-2-paliyan",
        "name": "SMP2Paliyan",
        "alias_name": "SMP 2 Paliyan",
        "group_name": "Dinas Kominfo Gunungkidul",
        "pin_type": "cctv",
        "category": "simpang, Gunungkidul, sekolah",
        "connected": true,
        "featured": false,
        "descr": "Dinas Kominfo Gunungkidul • simpang, Gunungkidul, sekolah",
        "stream_url": "https://cctv.jogjaprov.go.id/cctv-proxy/cctv-kominfogk/SMP2Paliyan.stream/playlist.m3u8",
        "video_url": "https://cctv.jogjaprov.go.id/cctv-proxy/cctv-kominfogk/SMP2Paliyan.stream/playlist.m3u8",
        "cctv_link": "https://cctv.jogjaprov.go.id/cctv-proxy/cctv-kominfogk/SMP2Paliyan.stream/playlist.m3u8",
        "portal_url": "https://cctv.jogjaprov.go.id",
        "source_url": "https://cctv.jogjaprov.go.id/api/v1/location-pins?include=area,categories&filter%5Bhas_coords%5D=true&filter%5Bhas_slug%5D=true&filter%5Bevent_active%5D=true&filter%5Bdisabled%5D=false"
      },
      "geometry": {
        "type": "Point",
        "coordinates": [
          110.550213,
          -8.068588
        ]
      }
    },
    {
      "type": "Feature",
      "properties": {
        "id": "1984",
        "slug": "gor-siyono",
        "name": "GorSiyono",
        "alias_name": "GOR Siyono",
        "group_name": "Dinas Kominfo Gunungkidul",
        "pin_type": "cctv",
        "category": "simpang, Gunungkidul",
        "connected": true,
        "featured": false,
        "descr": "Dinas Kominfo Gunungkidul • simpang, Gunungkidul",
        "stream_url": "https://cctv.jogjaprov.go.id/cctv-proxy/cctv-kominfogk/GorSiyono.stream/playlist.m3u8",
        "video_url": "https://cctv.jogjaprov.go.id/cctv-proxy/cctv-kominfogk/GorSiyono.stream/playlist.m3u8",
        "cctv_link": "https://cctv.jogjaprov.go.id/cctv-proxy/cctv-kominfogk/GorSiyono.stream/playlist.m3u8",
        "portal_url": "https://cctv.jogjaprov.go.id",
        "source_url": "https://cctv.jogjaprov.go.id/api/v1/location-pins?include=area,categories&filter%5Bhas_coords%5D=true&filter%5Bhas_slug%5D=true&filter%5Bevent_active%5D=true&filter%5Bdisabled%5D=false"
      },
      "geometry": {
        "type": "Point",
        "coordinates": [
          110.586462,
          -7.95099
        ]
      }
    },
    {
      "type": "Feature",
      "properties": {
        "id": "1985",
        "slug": "simpang-3-amigo",
        "name": "Simpang3Amigo",
        "alias_name": "Simpang 3 Amigo",
        "group_name": "Dinas Kominfo Gunungkidul",
        "pin_type": "cctv",
        "category": "simpang, Gunungkidul",
        "connected": true,
        "featured": false,
        "descr": "Dinas Kominfo Gunungkidul • simpang, Gunungkidul",
        "stream_url": "https://cctv.jogjaprov.go.id/cctv-proxy/cctv-kominfogk/Simpang3Amigo.stream/playlist.m3u8",
        "video_url": "https://cctv.jogjaprov.go.id/cctv-proxy/cctv-kominfogk/Simpang3Amigo.stream/playlist.m3u8",
        "cctv_link": "https://cctv.jogjaprov.go.id/cctv-proxy/cctv-kominfogk/Simpang3Amigo.stream/playlist.m3u8",
        "portal_url": "https://cctv.jogjaprov.go.id",
        "source_url": "https://cctv.jogjaprov.go.id/api/v1/location-pins?include=area,categories&filter%5Bhas_coords%5D=true&filter%5Bhas_slug%5D=true&filter%5Bevent_active%5D=true&filter%5Bdisabled%5D=false"
      },
      "geometry": {
        "type": "Point",
        "coordinates": [
          110.604802,
          -7.969943
        ]
      }
    },
    {
      "type": "Feature",
      "properties": {
        "id": "1986",
        "slug": "kalurahan-getas",
        "name": "KalurahanGetas",
        "alias_name": "Kalurahan Getas",
        "group_name": "Dinas Kominfo Gunungkidul",
        "pin_type": "cctv",
        "category": "Gunungkidul, Kalurahan",
        "connected": true,
        "featured": false,
        "descr": "Dinas Kominfo Gunungkidul • Gunungkidul, Kalurahan",
        "stream_url": "https://cctv.jogjaprov.go.id/cctv-proxy/cctv-kominfogk/KalurahanGetas.stream/playlist.m3u8",
        "video_url": "https://cctv.jogjaprov.go.id/cctv-proxy/cctv-kominfogk/KalurahanGetas.stream/playlist.m3u8",
        "cctv_link": "https://cctv.jogjaprov.go.id/cctv-proxy/cctv-kominfogk/KalurahanGetas.stream/playlist.m3u8",
        "portal_url": "https://cctv.jogjaprov.go.id",
        "source_url": "https://cctv.jogjaprov.go.id/api/v1/location-pins?include=area,categories&filter%5Bhas_coords%5D=true&filter%5Bhas_slug%5D=true&filter%5Bevent_active%5D=true&filter%5Bdisabled%5D=false"
      },
      "geometry": {
        "type": "Point",
        "coordinates": [
          110.505066,
          -7.930243
        ]
      }
    },
    {
      "type": "Feature",
      "properties": {
        "id": "1987",
        "slug": "kapanewon-nglipar-barat",
        "name": "KapanewonNgliparBarat",
        "alias_name": "Kapanewon Nglipar Barat",
        "group_name": "Dinas Kominfo Gunungkidul",
        "pin_type": "cctv",
        "category": "Kapanewon, Gunungkidul",
        "connected": true,
        "featured": false,
        "descr": "Dinas Kominfo Gunungkidul • Kapanewon, Gunungkidul",
        "stream_url": "https://cctv.jogjaprov.go.id/cctv-proxy/cctv-kominfogk/KapanewonNgliparBarat.stream/playlist.m3u8",
        "video_url": "https://cctv.jogjaprov.go.id/cctv-proxy/cctv-kominfogk/KapanewonNgliparBarat.stream/playlist.m3u8",
        "cctv_link": "https://cctv.jogjaprov.go.id/cctv-proxy/cctv-kominfogk/KapanewonNgliparBarat.stream/playlist.m3u8",
        "portal_url": "https://cctv.jogjaprov.go.id",
        "source_url": "https://cctv.jogjaprov.go.id/api/v1/location-pins?include=area,categories&filter%5Bhas_coords%5D=true&filter%5Bhas_slug%5D=true&filter%5Bevent_active%5D=true&filter%5Bdisabled%5D=false"
      },
      "geometry": {
        "type": "Point",
        "coordinates": [
          110.61981976,
          -7.88072095
        ]
      }
    },
    {
      "type": "Feature",
      "properties": {
        "id": "1988",
        "slug": "bunderan-siyono-timur",
        "name": "BunderanSiyonoTimur",
        "alias_name": "Bunderan Siyono Timur",
        "group_name": "Dinas Kominfo Gunungkidul",
        "pin_type": "cctv",
        "category": "simpang, Gunungkidul",
        "connected": false,
        "featured": false,
        "descr": "Dinas Kominfo Gunungkidul • simpang, Gunungkidul",
        "stream_url": "https://cctv.jogjaprov.go.id/cctv-proxy/cctv-kominfogk/BunderanSiyonoTimur.stream/playlist.m3u8",
        "video_url": "https://cctv.jogjaprov.go.id/cctv-proxy/cctv-kominfogk/BunderanSiyonoTimur.stream/playlist.m3u8",
        "cctv_link": "https://cctv.jogjaprov.go.id/cctv-proxy/cctv-kominfogk/BunderanSiyonoTimur.stream/playlist.m3u8",
        "portal_url": "https://cctv.jogjaprov.go.id",
        "source_url": "https://cctv.jogjaprov.go.id/api/v1/location-pins?include=area,categories&filter%5Bhas_coords%5D=true&filter%5Bhas_slug%5D=true&filter%5Bevent_active%5D=true&filter%5Bdisabled%5D=false"
      },
      "geometry": {
        "type": "Point",
        "coordinates": [
          110.58597859,
          -7.95038037
        ]
      }
    },
    {
      "type": "Feature",
      "properties": {
        "id": "1989",
        "slug": "embung-batara-sriten",
        "name": "EmbungBataraSriten",
        "alias_name": "Embung Batara Sriten",
        "group_name": "Dinas Kominfo Gunungkidul",
        "pin_type": "cctv",
        "category": "embung, Gunungkidul",
        "connected": true,
        "featured": false,
        "descr": "Dinas Kominfo Gunungkidul • embung, Gunungkidul",
        "stream_url": "https://cctv.jogjaprov.go.id/cctv-proxy/cctv-kominfogk/EmbungBataraSriten.stream/playlist.m3u8",
        "video_url": "https://cctv.jogjaprov.go.id/cctv-proxy/cctv-kominfogk/EmbungBataraSriten.stream/playlist.m3u8",
        "cctv_link": "https://cctv.jogjaprov.go.id/cctv-proxy/cctv-kominfogk/EmbungBataraSriten.stream/playlist.m3u8",
        "portal_url": "https://cctv.jogjaprov.go.id",
        "source_url": "https://cctv.jogjaprov.go.id/api/v1/location-pins?include=area,categories&filter%5Bhas_coords%5D=true&filter%5Bhas_slug%5D=true&filter%5Bevent_active%5D=true&filter%5Bdisabled%5D=false"
      },
      "geometry": {
        "type": "Point",
        "coordinates": [
          110.63338178,
          -7.83177117
        ]
      }
    },
    {
      "type": "Feature",
      "properties": {
        "id": "1990",
        "slug": "sd-trowono-1",
        "name": "SDTrowono1",
        "alias_name": "SD Trowono 1",
        "group_name": "Dinas Kominfo Gunungkidul",
        "pin_type": "cctv",
        "category": "Gunungkidul, sekolah",
        "connected": true,
        "featured": false,
        "descr": "Dinas Kominfo Gunungkidul • Gunungkidul, sekolah",
        "stream_url": "https://cctv.jogjaprov.go.id/cctv-proxy/cctv-kominfogk/SDTrowono1.stream/playlist.m3u8",
        "video_url": "https://cctv.jogjaprov.go.id/cctv-proxy/cctv-kominfogk/SDTrowono1.stream/playlist.m3u8",
        "cctv_link": "https://cctv.jogjaprov.go.id/cctv-proxy/cctv-kominfogk/SDTrowono1.stream/playlist.m3u8",
        "portal_url": "https://cctv.jogjaprov.go.id",
        "source_url": "https://cctv.jogjaprov.go.id/api/v1/location-pins?include=area,categories&filter%5Bhas_coords%5D=true&filter%5Bhas_slug%5D=true&filter%5Bevent_active%5D=true&filter%5Bdisabled%5D=false"
      },
      "geometry": {
        "type": "Point",
        "coordinates": [
          110.52039967,
          -8.04583317
        ]
      }
    },
    {
      "type": "Feature",
      "properties": {
        "id": "1991",
        "slug": "tugu-selamat-datang-patuk-arah-turun",
        "name": "TuguSelamatDatangPatuk2",
        "alias_name": "Tugu Selamat Datang Patuk (arah turun)",
        "group_name": "Dinas Kominfo Gunungkidul",
        "pin_type": "cctv",
        "category": "Gunungkidul",
        "connected": true,
        "featured": false,
        "descr": "Dinas Kominfo Gunungkidul • Gunungkidul",
        "stream_url": "https://cctv.jogjaprov.go.id/cctv-proxy/cctv-kominfogk/TuguSelamatDatangPatuk2.stream/playlist.m3u8",
        "video_url": "https://cctv.jogjaprov.go.id/cctv-proxy/cctv-kominfogk/TuguSelamatDatangPatuk2.stream/playlist.m3u8",
        "cctv_link": "https://cctv.jogjaprov.go.id/cctv-proxy/cctv-kominfogk/TuguSelamatDatangPatuk2.stream/playlist.m3u8",
        "portal_url": "https://cctv.jogjaprov.go.id",
        "source_url": "https://cctv.jogjaprov.go.id/api/v1/location-pins?include=area,categories&filter%5Bhas_coords%5D=true&filter%5Bhas_slug%5D=true&filter%5Bevent_active%5D=true&filter%5Bdisabled%5D=false"
      },
      "geometry": {
        "type": "Point",
        "coordinates": [
          110.47977665,
          -7.8482788
        ]
      }
    },
    {
      "type": "Feature",
      "properties": {
        "id": "1992",
        "slug": "s4-gading-utara",
        "name": "S4GadingUtara",
        "alias_name": "S4 Gading Utara",
        "group_name": "Dinas Kominfo Gunungkidul",
        "pin_type": "cctv",
        "category": "simpang, Gunungkidul",
        "connected": true,
        "featured": false,
        "descr": "Dinas Kominfo Gunungkidul • simpang, Gunungkidul",
        "stream_url": "https://cctv.jogjaprov.go.id/cctv-proxy/cctv-kominfogk/S4GadingUtara.stream/playlist.m3u8",
        "video_url": "https://cctv.jogjaprov.go.id/cctv-proxy/cctv-kominfogk/S4GadingUtara.stream/playlist.m3u8",
        "cctv_link": "https://cctv.jogjaprov.go.id/cctv-proxy/cctv-kominfogk/S4GadingUtara.stream/playlist.m3u8",
        "portal_url": "https://cctv.jogjaprov.go.id",
        "source_url": "https://cctv.jogjaprov.go.id/api/v1/location-pins?include=area,categories&filter%5Bhas_coords%5D=true&filter%5Bhas_slug%5D=true&filter%5Bevent_active%5D=true&filter%5Bdisabled%5D=false"
      },
      "geometry": {
        "type": "Point",
        "coordinates": [
          110.55582,
          -7.914201
        ]
      }
    },
    {
      "type": "Feature",
      "properties": {
        "id": "1993",
        "slug": "pertigaan-kemadang",
        "name": "PertigaanKemadang",
        "alias_name": "Pertigaan Kemadang",
        "group_name": "Dinas Kominfo Gunungkidul",
        "pin_type": "cctv",
        "category": "simpang, Gunungkidul",
        "connected": true,
        "featured": false,
        "descr": "Dinas Kominfo Gunungkidul • simpang, Gunungkidul",
        "stream_url": "https://cctv.jogjaprov.go.id/cctv-proxy/cctv-kominfogk/PertigaanKemadang.stream/playlist.m3u8",
        "video_url": "https://cctv.jogjaprov.go.id/cctv-proxy/cctv-kominfogk/PertigaanKemadang.stream/playlist.m3u8",
        "cctv_link": "https://cctv.jogjaprov.go.id/cctv-proxy/cctv-kominfogk/PertigaanKemadang.stream/playlist.m3u8",
        "portal_url": "https://cctv.jogjaprov.go.id",
        "source_url": "https://cctv.jogjaprov.go.id/api/v1/location-pins?include=area,categories&filter%5Bhas_coords%5D=true&filter%5Bhas_slug%5D=true&filter%5Bevent_active%5D=true&filter%5Bdisabled%5D=false"
      },
      "geometry": {
        "type": "Point",
        "coordinates": [
          110.56256,
          -8.100411
        ]
      }
    },
    {
      "type": "Feature",
      "properties": {
        "id": "1994",
        "slug": "sd-logantung-2-semin",
        "name": "SDLogantung2Semin",
        "alias_name": "SD Logantung 2 Semin",
        "group_name": "Dinas Kominfo Gunungkidul",
        "pin_type": "cctv",
        "category": "simpang, Gunungkidul",
        "connected": true,
        "featured": false,
        "descr": "Dinas Kominfo Gunungkidul • simpang, Gunungkidul",
        "stream_url": "https://cctv.jogjaprov.go.id/cctv-proxy/cctv-kominfogk/SDLogantung2Semin.stream/playlist.m3u8",
        "video_url": "https://cctv.jogjaprov.go.id/cctv-proxy/cctv-kominfogk/SDLogantung2Semin.stream/playlist.m3u8",
        "cctv_link": "https://cctv.jogjaprov.go.id/cctv-proxy/cctv-kominfogk/SDLogantung2Semin.stream/playlist.m3u8",
        "portal_url": "https://cctv.jogjaprov.go.id",
        "source_url": "https://cctv.jogjaprov.go.id/api/v1/location-pins?include=area,categories&filter%5Bhas_coords%5D=true&filter%5Bhas_slug%5D=true&filter%5Bevent_active%5D=true&filter%5Bdisabled%5D=false"
      },
      "geometry": {
        "type": "Point",
        "coordinates": [
          110.747201,
          -7.838408
        ]
      }
    },
    {
      "type": "Feature",
      "properties": {
        "id": "1995",
        "slug": "s4-gading-selatan",
        "name": "S4GadingSelatan",
        "alias_name": "S4 Gading Selatan",
        "group_name": "Dinas Kominfo Gunungkidul",
        "pin_type": "cctv",
        "category": "simpang, Gunungkidul",
        "connected": true,
        "featured": false,
        "descr": "Dinas Kominfo Gunungkidul • simpang, Gunungkidul",
        "stream_url": "https://cctv.jogjaprov.go.id/cctv-proxy/cctv-kominfogk/S4GadingSelatan.stream/playlist.m3u8",
        "video_url": "https://cctv.jogjaprov.go.id/cctv-proxy/cctv-kominfogk/S4GadingSelatan.stream/playlist.m3u8",
        "cctv_link": "https://cctv.jogjaprov.go.id/cctv-proxy/cctv-kominfogk/S4GadingSelatan.stream/playlist.m3u8",
        "portal_url": "https://cctv.jogjaprov.go.id",
        "source_url": "https://cctv.jogjaprov.go.id/api/v1/location-pins?include=area,categories&filter%5Bhas_coords%5D=true&filter%5Bhas_slug%5D=true&filter%5Bevent_active%5D=true&filter%5Bdisabled%5D=false"
      },
      "geometry": {
        "type": "Point",
        "coordinates": [
          110.55592058,
          -7.91466524
        ]
      }
    },
    {
      "type": "Feature",
      "properties": {
        "id": "1996",
        "slug": "s4-gading-timur",
        "name": "S4GadingTimur",
        "alias_name": "S4 Gading Timur",
        "group_name": "Dinas Kominfo Gunungkidul",
        "pin_type": "cctv",
        "category": "simpang, Gunungkidul",
        "connected": false,
        "featured": false,
        "descr": "Dinas Kominfo Gunungkidul • simpang, Gunungkidul",
        "stream_url": "https://cctv.jogjaprov.go.id/cctv-proxy/cctv-kominfogk/S4GadingTimur.stream/playlist.m3u8",
        "video_url": "https://cctv.jogjaprov.go.id/cctv-proxy/cctv-kominfogk/S4GadingTimur.stream/playlist.m3u8",
        "cctv_link": "https://cctv.jogjaprov.go.id/cctv-proxy/cctv-kominfogk/S4GadingTimur.stream/playlist.m3u8",
        "portal_url": "https://cctv.jogjaprov.go.id",
        "source_url": "https://cctv.jogjaprov.go.id/api/v1/location-pins?include=area,categories&filter%5Bhas_coords%5D=true&filter%5Bhas_slug%5D=true&filter%5Bevent_active%5D=true&filter%5Bdisabled%5D=false"
      },
      "geometry": {
        "type": "Point",
        "coordinates": [
          110.55600976,
          -7.91449322
        ]
      }
    },
    {
      "type": "Feature",
      "properties": {
        "id": "1997",
        "slug": "lapangan-pemda-barat",
        "name": "LapanganPemdaBarat",
        "alias_name": "Lapangan Pemda Barat",
        "group_name": "Dinas Kominfo Gunungkidul",
        "pin_type": "cctv",
        "category": "Gunungkidul, Lapangan, Kantor Pemerintah",
        "connected": true,
        "featured": false,
        "descr": "Dinas Kominfo Gunungkidul • Gunungkidul, Lapangan, Kantor Pemerintah",
        "stream_url": "https://cctv.jogjaprov.go.id/cctv-proxy/cctv-kominfogk/LapanganPemdaBarat.stream/playlist.m3u8",
        "video_url": "https://cctv.jogjaprov.go.id/cctv-proxy/cctv-kominfogk/LapanganPemdaBarat.stream/playlist.m3u8",
        "cctv_link": "https://cctv.jogjaprov.go.id/cctv-proxy/cctv-kominfogk/LapanganPemdaBarat.stream/playlist.m3u8",
        "portal_url": "https://cctv.jogjaprov.go.id",
        "source_url": "https://cctv.jogjaprov.go.id/api/v1/location-pins?include=area,categories&filter%5Bhas_coords%5D=true&filter%5Bhas_slug%5D=true&filter%5Bevent_active%5D=true&filter%5Bdisabled%5D=false"
      },
      "geometry": {
        "type": "Point",
        "coordinates": [
          110.60129,
          -7.964574
        ]
      }
    },
    {
      "type": "Feature",
      "properties": {
        "id": "1998",
        "slug": "sd-baran-2",
        "name": "SDBaran2",
        "alias_name": "SD Baran 2",
        "group_name": "Dinas Kominfo Gunungkidul",
        "pin_type": "cctv",
        "category": "Gunungkidul, sekolah",
        "connected": true,
        "featured": false,
        "descr": "Dinas Kominfo Gunungkidul • Gunungkidul, sekolah",
        "stream_url": "https://cctv.jogjaprov.go.id/cctv-proxy/cctv-kominfogk/SDBaran2.stream/playlist.m3u8",
        "video_url": "https://cctv.jogjaprov.go.id/cctv-proxy/cctv-kominfogk/SDBaran2.stream/playlist.m3u8",
        "cctv_link": "https://cctv.jogjaprov.go.id/cctv-proxy/cctv-kominfogk/SDBaran2.stream/playlist.m3u8",
        "portal_url": "https://cctv.jogjaprov.go.id",
        "source_url": "https://cctv.jogjaprov.go.id/api/v1/location-pins?include=area,categories&filter%5Bhas_coords%5D=true&filter%5Bhas_slug%5D=true&filter%5Bevent_active%5D=true&filter%5Bdisabled%5D=false"
      },
      "geometry": {
        "type": "Point",
        "coordinates": [
          110.77686,
          -8.08261
        ]
      }
    },
    {
      "type": "Feature",
      "properties": {
        "id": "1999",
        "slug": "kalurahan-rejosari",
        "name": "KelurahanRejosari",
        "alias_name": "Kalurahan Rejosari",
        "group_name": "Dinas Kominfo Gunungkidul",
        "pin_type": "cctv",
        "category": "Gunungkidul, Kalurahan",
        "connected": true,
        "featured": false,
        "descr": "Dinas Kominfo Gunungkidul • Gunungkidul, Kalurahan",
        "stream_url": "https://cctv.jogjaprov.go.id/cctv-proxy/cctv-kominfogk/KelurahanRejosari.stream/playlist.m3u8",
        "video_url": "https://cctv.jogjaprov.go.id/cctv-proxy/cctv-kominfogk/KelurahanRejosari.stream/playlist.m3u8",
        "cctv_link": "https://cctv.jogjaprov.go.id/cctv-proxy/cctv-kominfogk/KelurahanRejosari.stream/playlist.m3u8",
        "portal_url": "https://cctv.jogjaprov.go.id",
        "source_url": "https://cctv.jogjaprov.go.id/api/v1/location-pins?include=area,categories&filter%5Bhas_coords%5D=true&filter%5Bhas_slug%5D=true&filter%5Bevent_active%5D=true&filter%5Bdisabled%5D=false"
      },
      "geometry": {
        "type": "Point",
        "coordinates": [
          110.77636,
          -7.859739
        ]
      }
    },
    {
      "type": "Feature",
      "properties": {
        "id": "2000",
        "slug": "perempatan-patuk",
        "name": "PerempatanPatuk",
        "alias_name": "Perempatan Patuk",
        "group_name": "Dinas Kominfo Gunungkidul",
        "pin_type": "cctv",
        "category": "simpang, Gunungkidul",
        "connected": true,
        "featured": false,
        "descr": "Dinas Kominfo Gunungkidul • simpang, Gunungkidul",
        "stream_url": "https://cctv.jogjaprov.go.id/cctv-proxy/cctv-kominfogk/PerempatanPatuk.stream/playlist.m3u8",
        "video_url": "https://cctv.jogjaprov.go.id/cctv-proxy/cctv-kominfogk/PerempatanPatuk.stream/playlist.m3u8",
        "cctv_link": "https://cctv.jogjaprov.go.id/cctv-proxy/cctv-kominfogk/PerempatanPatuk.stream/playlist.m3u8",
        "portal_url": "https://cctv.jogjaprov.go.id",
        "source_url": "https://cctv.jogjaprov.go.id/api/v1/location-pins?include=area,categories&filter%5Bhas_coords%5D=true&filter%5Bhas_slug%5D=true&filter%5Bevent_active%5D=true&filter%5Bdisabled%5D=false"
      },
      "geometry": {
        "type": "Point",
        "coordinates": [
          110.481565,
          -7.847958
        ]
      }
    },
    {
      "type": "Feature",
      "properties": {
        "id": "2001",
        "slug": "pantai-wediombo-jalan",
        "name": "PantaiWediomboJalan",
        "alias_name": "Pantai Wediombo Jalan",
        "group_name": "Dinas Kominfo Gunungkidul",
        "pin_type": "cctv",
        "category": "Gunungkidul",
        "connected": false,
        "featured": false,
        "descr": "Dinas Kominfo Gunungkidul • Gunungkidul",
        "stream_url": "https://cctv.jogjaprov.go.id/cctv-proxy/cctv-kominfogk/PantaiWediomboJalan.stream/playlist.m3u8",
        "video_url": "https://cctv.jogjaprov.go.id/cctv-proxy/cctv-kominfogk/PantaiWediomboJalan.stream/playlist.m3u8",
        "cctv_link": "https://cctv.jogjaprov.go.id/cctv-proxy/cctv-kominfogk/PantaiWediomboJalan.stream/playlist.m3u8",
        "portal_url": "https://cctv.jogjaprov.go.id",
        "source_url": "https://cctv.jogjaprov.go.id/api/v1/location-pins?include=area,categories&filter%5Bhas_coords%5D=true&filter%5Bhas_slug%5D=true&filter%5Bevent_active%5D=true&filter%5Bdisabled%5D=false"
      },
      "geometry": {
        "type": "Point",
        "coordinates": [
          110.71101145,
          -8.18961477
        ]
      }
    },
    {
      "type": "Feature",
      "properties": {
        "id": "2002",
        "slug": "kapanewon-semin-utara",
        "name": "KapanewonSeminUtara",
        "alias_name": "Kapanewon Semin Utara",
        "group_name": "Dinas Kominfo Gunungkidul",
        "pin_type": "cctv",
        "category": "Kapanewon",
        "connected": false,
        "featured": false,
        "descr": "Dinas Kominfo Gunungkidul • Kapanewon",
        "stream_url": "https://cctv.jogjaprov.go.id/cctv-proxy/cctv-kominfogk/KapanewonSeminUtara.stream/playlist.m3u8",
        "video_url": "https://cctv.jogjaprov.go.id/cctv-proxy/cctv-kominfogk/KapanewonSeminUtara.stream/playlist.m3u8",
        "cctv_link": "https://cctv.jogjaprov.go.id/cctv-proxy/cctv-kominfogk/KapanewonSeminUtara.stream/playlist.m3u8",
        "portal_url": "https://cctv.jogjaprov.go.id",
        "source_url": "https://cctv.jogjaprov.go.id/api/v1/location-pins?include=area,categories&filter%5Bhas_coords%5D=true&filter%5Bhas_slug%5D=true&filter%5Bevent_active%5D=true&filter%5Bdisabled%5D=false"
      },
      "geometry": {
        "type": "Point",
        "coordinates": [
          110.73248,
          -7.868806
        ]
      }
    },
    {
      "type": "Feature",
      "properties": {
        "id": "2003",
        "slug": "s4-karangmojo-barat",
        "name": "S4KarangmojoBarat",
        "alias_name": "S4 Karangmojo Barat",
        "group_name": "Dinas Kominfo Gunungkidul",
        "pin_type": "cctv",
        "category": "simpang, Gunungkidul",
        "connected": true,
        "featured": false,
        "descr": "Dinas Kominfo Gunungkidul • simpang, Gunungkidul",
        "stream_url": "https://cctv.jogjaprov.go.id/cctv-proxy/cctv-kominfogk/S4KarangmojoBarat.stream/playlist.m3u8",
        "video_url": "https://cctv.jogjaprov.go.id/cctv-proxy/cctv-kominfogk/S4KarangmojoBarat.stream/playlist.m3u8",
        "cctv_link": "https://cctv.jogjaprov.go.id/cctv-proxy/cctv-kominfogk/S4KarangmojoBarat.stream/playlist.m3u8",
        "portal_url": "https://cctv.jogjaprov.go.id",
        "source_url": "https://cctv.jogjaprov.go.id/api/v1/location-pins?include=area,categories&filter%5Bhas_coords%5D=true&filter%5Bhas_slug%5D=true&filter%5Bevent_active%5D=true&filter%5Bdisabled%5D=false"
      },
      "geometry": {
        "type": "Point",
        "coordinates": [
          110.67924157,
          -7.9530315
        ]
      }
    },
    {
      "type": "Feature",
      "properties": {
        "id": "2004",
        "slug": "pemda-gunungkidul",
        "name": "PemdaGunungkidul",
        "alias_name": "Pemda Gunungkidul",
        "group_name": "Dinas Kominfo Gunungkidul",
        "pin_type": "cctv",
        "category": "Gunungkidul, Lapangan",
        "connected": true,
        "featured": false,
        "descr": "Dinas Kominfo Gunungkidul • Gunungkidul, Lapangan",
        "stream_url": "https://cctv.jogjaprov.go.id/cctv-proxy/cctv-kominfogk/PemdaGunungkidul.stream/playlist.m3u8",
        "video_url": "https://cctv.jogjaprov.go.id/cctv-proxy/cctv-kominfogk/PemdaGunungkidul.stream/playlist.m3u8",
        "cctv_link": "https://cctv.jogjaprov.go.id/cctv-proxy/cctv-kominfogk/PemdaGunungkidul.stream/playlist.m3u8",
        "portal_url": "https://cctv.jogjaprov.go.id",
        "source_url": "https://cctv.jogjaprov.go.id/api/v1/location-pins?include=area,categories&filter%5Bhas_coords%5D=true&filter%5Bhas_slug%5D=true&filter%5Bevent_active%5D=true&filter%5Bdisabled%5D=false"
      },
      "geometry": {
        "type": "Point",
        "coordinates": [
          110.6010781,
          -7.96411898
        ]
      }
    },
    {
      "type": "Feature",
      "properties": {
        "id": "2005",
        "slug": "s4-karangmojo-utara",
        "name": "S4KarangmojoUtara",
        "alias_name": "S4 Karangmojo Utara",
        "group_name": "Dinas Kominfo Gunungkidul",
        "pin_type": "cctv",
        "category": "simpang, Gunungkidul",
        "connected": true,
        "featured": false,
        "descr": "Dinas Kominfo Gunungkidul • simpang, Gunungkidul",
        "stream_url": "https://cctv.jogjaprov.go.id/cctv-proxy/cctv-kominfogk/S4KarangmojoUtara.stream/playlist.m3u8",
        "video_url": "https://cctv.jogjaprov.go.id/cctv-proxy/cctv-kominfogk/S4KarangmojoUtara.stream/playlist.m3u8",
        "cctv_link": "https://cctv.jogjaprov.go.id/cctv-proxy/cctv-kominfogk/S4KarangmojoUtara.stream/playlist.m3u8",
        "portal_url": "https://cctv.jogjaprov.go.id",
        "source_url": "https://cctv.jogjaprov.go.id/api/v1/location-pins?include=area,categories&filter%5Bhas_coords%5D=true&filter%5Bhas_slug%5D=true&filter%5Bevent_active%5D=true&filter%5Bdisabled%5D=false"
      },
      "geometry": {
        "type": "Point",
        "coordinates": [
          110.67943,
          -7.953077
        ]
      }
    },
    {
      "type": "Feature",
      "properties": {
        "id": "2007",
        "slug": "s4-munggi-timur",
        "name": "S4MunggiTimur",
        "alias_name": "S4 Munggi Timur",
        "group_name": "Dinas Kominfo Gunungkidul",
        "pin_type": "cctv",
        "category": "simpang, Gunungkidul",
        "connected": true,
        "featured": false,
        "descr": "Dinas Kominfo Gunungkidul • simpang, Gunungkidul",
        "stream_url": "https://cctv.jogjaprov.go.id/cctv-proxy/cctv-kominfogk/S4MunggiTimur.stream/playlist.m3u8",
        "video_url": "https://cctv.jogjaprov.go.id/cctv-proxy/cctv-kominfogk/S4MunggiTimur.stream/playlist.m3u8",
        "cctv_link": "https://cctv.jogjaprov.go.id/cctv-proxy/cctv-kominfogk/S4MunggiTimur.stream/playlist.m3u8",
        "portal_url": "https://cctv.jogjaprov.go.id",
        "source_url": "https://cctv.jogjaprov.go.id/api/v1/location-pins?include=area,categories&filter%5Bhas_coords%5D=true&filter%5Bhas_slug%5D=true&filter%5Bevent_active%5D=true&filter%5Bdisabled%5D=false"
      },
      "geometry": {
        "type": "Point",
        "coordinates": [
          110.65700895,
          -8.00042851
        ]
      }
    },
    {
      "type": "Feature",
      "properties": {
        "id": "2008",
        "slug": "simpang-pancuran-siraman-gunungkidul",
        "name": "PancuranFIX",
        "alias_name": "Simpang Pancuran / Siraman Gunungkidul",
        "group_name": "Dinas Kominfo Gunungkidul",
        "pin_type": "cctv",
        "category": "simpang, Gunungkidul, rsud",
        "connected": true,
        "featured": false,
        "descr": "Dinas Kominfo Gunungkidul • simpang, Gunungkidul, rsud",
        "stream_url": "https://cctv.jogjaprov.go.id/cctv-proxy/cctv-kominfogk/PancuranFIX.stream/playlist.m3u8",
        "video_url": "https://cctv.jogjaprov.go.id/cctv-proxy/cctv-kominfogk/PancuranFIX.stream/playlist.m3u8",
        "cctv_link": "https://cctv.jogjaprov.go.id/cctv-proxy/cctv-kominfogk/PancuranFIX.stream/playlist.m3u8",
        "portal_url": "https://cctv.jogjaprov.go.id",
        "source_url": "https://cctv.jogjaprov.go.id/api/v1/location-pins?include=area,categories&filter%5Bhas_coords%5D=true&filter%5Bhas_slug%5D=true&filter%5Bevent_active%5D=true&filter%5Bdisabled%5D=false"
      },
      "geometry": {
        "type": "Point",
        "coordinates": [
          110.59013499,
          -7.9706995
        ]
      }
    },
    {
      "type": "Feature",
      "properties": {
        "id": "2010",
        "slug": "s4-munggi-barat",
        "name": "S4MunggiBarat",
        "alias_name": "S4 Munggi Barat",
        "group_name": "Dinas Kominfo Gunungkidul",
        "pin_type": "cctv",
        "category": "simpang, Gunungkidul",
        "connected": true,
        "featured": false,
        "descr": "Dinas Kominfo Gunungkidul • simpang, Gunungkidul",
        "stream_url": "https://cctv.jogjaprov.go.id/cctv-proxy/cctv-kominfogk/S4MunggiBarat.stream/playlist.m3u8",
        "video_url": "https://cctv.jogjaprov.go.id/cctv-proxy/cctv-kominfogk/S4MunggiBarat.stream/playlist.m3u8",
        "cctv_link": "https://cctv.jogjaprov.go.id/cctv-proxy/cctv-kominfogk/S4MunggiBarat.stream/playlist.m3u8",
        "portal_url": "https://cctv.jogjaprov.go.id",
        "source_url": "https://cctv.jogjaprov.go.id/api/v1/location-pins?include=area,categories&filter%5Bhas_coords%5D=true&filter%5Bhas_slug%5D=true&filter%5Bevent_active%5D=true&filter%5Bdisabled%5D=false"
      },
      "geometry": {
        "type": "Point",
        "coordinates": [
          110.65696,
          -8.000559
        ]
      }
    },
    {
      "type": "Feature",
      "properties": {
        "id": "2011",
        "slug": "pantai-wediombo",
        "name": "PantaiWediombo",
        "alias_name": "Pantai Wediombo",
        "group_name": "Dinas Kominfo Gunungkidul",
        "pin_type": "cctv",
        "category": "Gunungkidul, pantai",
        "connected": true,
        "featured": false,
        "descr": "Dinas Kominfo Gunungkidul • Gunungkidul, pantai",
        "stream_url": "https://cctv.jogjaprov.go.id/cctv-proxy/cctv-kominfogk/PantaiWediombo.stream/playlist.m3u8",
        "video_url": "https://cctv.jogjaprov.go.id/cctv-proxy/cctv-kominfogk/PantaiWediombo.stream/playlist.m3u8",
        "cctv_link": "https://cctv.jogjaprov.go.id/cctv-proxy/cctv-kominfogk/PantaiWediombo.stream/playlist.m3u8",
        "portal_url": "https://cctv.jogjaprov.go.id",
        "source_url": "https://cctv.jogjaprov.go.id/api/v1/location-pins?include=area,categories&filter%5Bhas_coords%5D=true&filter%5Bhas_slug%5D=true&filter%5Bevent_active%5D=true&filter%5Bdisabled%5D=false"
      },
      "geometry": {
        "type": "Point",
        "coordinates": [
          110.71050318,
          -8.1890214
        ]
      }
    },
    {
      "type": "Feature",
      "properties": {
        "id": "2012",
        "slug": "sd-pucung",
        "name": "SDPucung",
        "alias_name": "SD Pucung",
        "group_name": "Dinas Kominfo Gunungkidul",
        "pin_type": "cctv",
        "category": "Gunungkidul, sekolah",
        "connected": false,
        "featured": false,
        "descr": "Dinas Kominfo Gunungkidul • Gunungkidul, sekolah",
        "stream_url": "https://cctv.jogjaprov.go.id/cctv-proxy/cctv-kominfogk/SDPucung.stream/playlist.m3u8",
        "video_url": "https://cctv.jogjaprov.go.id/cctv-proxy/cctv-kominfogk/SDPucung.stream/playlist.m3u8",
        "cctv_link": "https://cctv.jogjaprov.go.id/cctv-proxy/cctv-kominfogk/SDPucung.stream/playlist.m3u8",
        "portal_url": "https://cctv.jogjaprov.go.id",
        "source_url": "https://cctv.jogjaprov.go.id/api/v1/location-pins?include=area,categories&filter%5Bhas_coords%5D=true&filter%5Bhas_slug%5D=true&filter%5Bevent_active%5D=true&filter%5Bdisabled%5D=false"
      },
      "geometry": {
        "type": "Point",
        "coordinates": [
          110.54225,
          -8.066446
        ]
      }
    },
    {
      "type": "Feature",
      "properties": {
        "id": "2013",
        "slug": "s4-selang-barat",
        "name": "S4SelangBarat",
        "alias_name": "S4 Selang Barat",
        "group_name": "Dinas Kominfo Gunungkidul",
        "pin_type": "cctv",
        "category": "simpang, Gunungkidul",
        "connected": true,
        "featured": false,
        "descr": "Dinas Kominfo Gunungkidul • simpang, Gunungkidul",
        "stream_url": "https://cctv.jogjaprov.go.id/cctv-proxy/cctv-kominfogk/S4SelangBarat.stream/playlist.m3u8",
        "video_url": "https://cctv.jogjaprov.go.id/cctv-proxy/cctv-kominfogk/S4SelangBarat.stream/playlist.m3u8",
        "cctv_link": "https://cctv.jogjaprov.go.id/cctv-proxy/cctv-kominfogk/S4SelangBarat.stream/playlist.m3u8",
        "portal_url": "https://cctv.jogjaprov.go.id",
        "source_url": "https://cctv.jogjaprov.go.id/api/v1/location-pins?include=area,categories&filter%5Bhas_coords%5D=true&filter%5Bhas_slug%5D=true&filter%5Bevent_active%5D=true&filter%5Bdisabled%5D=false"
      },
      "geometry": {
        "type": "Point",
        "coordinates": [
          110.61822,
          -7.963182
        ]
      }
    },
    {
      "type": "Feature",
      "properties": {
        "id": "2014",
        "slug": "s4-selang-timur",
        "name": "S4SelangTimur",
        "alias_name": "S4 Selang Timur",
        "group_name": "Dinas Kominfo Gunungkidul",
        "pin_type": "cctv",
        "category": "simpang, Gunungkidul",
        "connected": true,
        "featured": false,
        "descr": "Dinas Kominfo Gunungkidul • simpang, Gunungkidul",
        "stream_url": "https://cctv.jogjaprov.go.id/cctv-proxy/cctv-kominfogk/S4SelangTimur.stream/playlist.m3u8",
        "video_url": "https://cctv.jogjaprov.go.id/cctv-proxy/cctv-kominfogk/S4SelangTimur.stream/playlist.m3u8",
        "cctv_link": "https://cctv.jogjaprov.go.id/cctv-proxy/cctv-kominfogk/S4SelangTimur.stream/playlist.m3u8",
        "portal_url": "https://cctv.jogjaprov.go.id",
        "source_url": "https://cctv.jogjaprov.go.id/api/v1/location-pins?include=area,categories&filter%5Bhas_coords%5D=true&filter%5Bhas_slug%5D=true&filter%5Bevent_active%5D=true&filter%5Bdisabled%5D=false"
      },
      "geometry": {
        "type": "Point",
        "coordinates": [
          110.61849895,
          -7.96312388
        ]
      }
    },
    {
      "type": "Feature",
      "properties": {
        "id": "2015",
        "slug": "s4-tegalsari-barat",
        "name": "S4TegalsariBarat",
        "alias_name": "S4 Tegalsari Barat",
        "group_name": "Dinas Kominfo Gunungkidul",
        "pin_type": "cctv",
        "category": "simpang, Gunungkidul",
        "connected": true,
        "featured": false,
        "descr": "Dinas Kominfo Gunungkidul • simpang, Gunungkidul",
        "stream_url": "https://cctv.jogjaprov.go.id/cctv-proxy/cctv-kominfogk/S4TegalsariBarat.stream/playlist.m3u8",
        "video_url": "https://cctv.jogjaprov.go.id/cctv-proxy/cctv-kominfogk/S4TegalsariBarat.stream/playlist.m3u8",
        "cctv_link": "https://cctv.jogjaprov.go.id/cctv-proxy/cctv-kominfogk/S4TegalsariBarat.stream/playlist.m3u8",
        "portal_url": "https://cctv.jogjaprov.go.id",
        "source_url": "https://cctv.jogjaprov.go.id/api/v1/location-pins?include=area,categories&filter%5Bhas_coords%5D=true&filter%5Bhas_slug%5D=true&filter%5Bevent_active%5D=true&filter%5Bdisabled%5D=false"
      },
      "geometry": {
        "type": "Point",
        "coordinates": [
          110.59980774,
          -7.97608173
        ]
      }
    },
    {
      "type": "Feature",
      "properties": {
        "id": "2016",
        "slug": "s4-tegalsari-timur",
        "name": "S4TegalsariTimur",
        "alias_name": "S4 Tegalsari Timur",
        "group_name": "Dinas Kominfo Gunungkidul",
        "pin_type": "cctv",
        "category": "simpang, Gunungkidul",
        "connected": true,
        "featured": false,
        "descr": "Dinas Kominfo Gunungkidul • simpang, Gunungkidul",
        "stream_url": "https://cctv.jogjaprov.go.id/cctv-proxy/cctv-kominfogk/S4TegalsariTimur.stream/playlist.m3u8",
        "video_url": "https://cctv.jogjaprov.go.id/cctv-proxy/cctv-kominfogk/S4TegalsariTimur.stream/playlist.m3u8",
        "cctv_link": "https://cctv.jogjaprov.go.id/cctv-proxy/cctv-kominfogk/S4TegalsariTimur.stream/playlist.m3u8",
        "portal_url": "https://cctv.jogjaprov.go.id",
        "source_url": "https://cctv.jogjaprov.go.id/api/v1/location-pins?include=area,categories&filter%5Bhas_coords%5D=true&filter%5Bhas_slug%5D=true&filter%5Bevent_active%5D=true&filter%5Bdisabled%5D=false"
      },
      "geometry": {
        "type": "Point",
        "coordinates": [
          110.60000716,
          -7.97596625
        ]
      }
    },
    {
      "type": "Feature",
      "properties": {
        "id": "2017",
        "slug": "sd-karangrejek-2",
        "name": "SDKarangrejek2",
        "alias_name": "SD Karangrejek 2",
        "group_name": "Dinas Kominfo Gunungkidul",
        "pin_type": "cctv",
        "category": "Gunungkidul, sekolah",
        "connected": true,
        "featured": false,
        "descr": "Dinas Kominfo Gunungkidul • Gunungkidul, sekolah",
        "stream_url": "https://cctv.jogjaprov.go.id/cctv-proxy/cctv-kominfogk/SDKarangrejek2.stream/playlist.m3u8",
        "video_url": "https://cctv.jogjaprov.go.id/cctv-proxy/cctv-kominfogk/SDKarangrejek2.stream/playlist.m3u8",
        "cctv_link": "https://cctv.jogjaprov.go.id/cctv-proxy/cctv-kominfogk/SDKarangrejek2.stream/playlist.m3u8",
        "portal_url": "https://cctv.jogjaprov.go.id",
        "source_url": "https://cctv.jogjaprov.go.id/api/v1/location-pins?include=area,categories&filter%5Bhas_coords%5D=true&filter%5Bhas_slug%5D=true&filter%5Bevent_active%5D=true&filter%5Bdisabled%5D=false"
      },
      "geometry": {
        "type": "Point",
        "coordinates": [
          110.597637,
          -7.979949
        ]
      }
    },
    {
      "type": "Feature",
      "properties": {
        "id": "2018",
        "slug": "ngingrong-mulo",
        "name": "NgingrongMulo",
        "alias_name": "Ngingrong Mulo",
        "group_name": "Dinas Kominfo Gunungkidul",
        "pin_type": "cctv",
        "category": "Gunungkidul",
        "connected": true,
        "featured": false,
        "descr": "Dinas Kominfo Gunungkidul • Gunungkidul",
        "stream_url": "https://cctv.jogjaprov.go.id/cctv-proxy/cctv-kominfogk/NgingrongMulo.stream/playlist.m3u8",
        "video_url": "https://cctv.jogjaprov.go.id/cctv-proxy/cctv-kominfogk/NgingrongMulo.stream/playlist.m3u8",
        "cctv_link": "https://cctv.jogjaprov.go.id/cctv-proxy/cctv-kominfogk/NgingrongMulo.stream/playlist.m3u8",
        "portal_url": "https://cctv.jogjaprov.go.id",
        "source_url": "https://cctv.jogjaprov.go.id/api/v1/location-pins?include=area,categories&filter%5Bhas_coords%5D=true&filter%5Bhas_slug%5D=true&filter%5Bevent_active%5D=true&filter%5Bdisabled%5D=false"
      },
      "geometry": {
        "type": "Point",
        "coordinates": [
          110.591576,
          -8.028129
        ]
      }
    },
    {
      "type": "Feature",
      "properties": {
        "id": "2020",
        "slug": "s3-gading-utara",
        "name": "S3GadingUtara",
        "alias_name": "S3 Gading Utara",
        "group_name": "Dinas Kominfo Gunungkidul",
        "pin_type": "cctv",
        "category": "simpang, Gunungkidul",
        "connected": true,
        "featured": false,
        "descr": "Dinas Kominfo Gunungkidul • simpang, Gunungkidul",
        "stream_url": "https://cctv.jogjaprov.go.id/cctv-proxy/cctv-kominfogk/S3GadingUtara.stream/playlist.m3u8",
        "video_url": "https://cctv.jogjaprov.go.id/cctv-proxy/cctv-kominfogk/S3GadingUtara.stream/playlist.m3u8",
        "cctv_link": "https://cctv.jogjaprov.go.id/cctv-proxy/cctv-kominfogk/S3GadingUtara.stream/playlist.m3u8",
        "portal_url": "https://cctv.jogjaprov.go.id",
        "source_url": "https://cctv.jogjaprov.go.id/api/v1/location-pins?include=area,categories&filter%5Bhas_coords%5D=true&filter%5Bhas_slug%5D=true&filter%5Bevent_active%5D=true&filter%5Bdisabled%5D=false"
      },
      "geometry": {
        "type": "Point",
        "coordinates": [
          110.55721727,
          -7.9180307
        ]
      }
    },
    {
      "type": "Feature",
      "properties": {
        "id": "2021",
        "slug": "pertigaan-sd-nanas",
        "name": "PertigaanSDNanas",
        "alias_name": "Pertigaan SD Nanas",
        "group_name": "Dinas Kominfo Gunungkidul",
        "pin_type": "cctv",
        "category": "simpang, Gunungkidul",
        "connected": true,
        "featured": false,
        "descr": "Dinas Kominfo Gunungkidul • simpang, Gunungkidul",
        "stream_url": "https://cctv.jogjaprov.go.id/cctv-proxy/cctv-kominfogk/PertigaanSDNanas.stream/playlist.m3u8",
        "video_url": "https://cctv.jogjaprov.go.id/cctv-proxy/cctv-kominfogk/PertigaanSDNanas.stream/playlist.m3u8",
        "cctv_link": "https://cctv.jogjaprov.go.id/cctv-proxy/cctv-kominfogk/PertigaanSDNanas.stream/playlist.m3u8",
        "portal_url": "https://cctv.jogjaprov.go.id",
        "source_url": "https://cctv.jogjaprov.go.id/api/v1/location-pins?include=area,categories&filter%5Bhas_coords%5D=true&filter%5Bhas_slug%5D=true&filter%5Bevent_active%5D=true&filter%5Bdisabled%5D=false"
      },
      "geometry": {
        "type": "Point",
        "coordinates": [
          110.34480236,
          -8.00335274
        ]
      }
    },
    {
      "type": "Feature",
      "properties": {
        "id": "2022",
        "slug": "s4-budegan-timur",
        "name": "S4BudeganTimur",
        "alias_name": "S4 Budegan Timur",
        "group_name": "Dinas Kominfo Gunungkidul",
        "pin_type": "cctv",
        "category": "simpang, Gunungkidul",
        "connected": false,
        "featured": false,
        "descr": "Dinas Kominfo Gunungkidul • simpang, Gunungkidul",
        "stream_url": "https://cctv.jogjaprov.go.id/cctv-proxy/cctv-kominfogk/S4BudeganTimur.stream/playlist.m3u8",
        "video_url": "https://cctv.jogjaprov.go.id/cctv-proxy/cctv-kominfogk/S4BudeganTimur.stream/playlist.m3u8",
        "cctv_link": "https://cctv.jogjaprov.go.id/cctv-proxy/cctv-kominfogk/S4BudeganTimur.stream/playlist.m3u8",
        "portal_url": "https://cctv.jogjaprov.go.id",
        "source_url": "https://cctv.jogjaprov.go.id/api/v1/location-pins?include=area,categories&filter%5Bhas_coords%5D=true&filter%5Bhas_slug%5D=true&filter%5Bevent_active%5D=true&filter%5Bdisabled%5D=false"
      },
      "geometry": {
        "type": "Point",
        "coordinates": [
          110.60514798,
          -7.94131976
        ]
      }
    },
    {
      "type": "Feature",
      "properties": {
        "id": "2023",
        "slug": "puskesmas-ngawen-ii",
        "name": "PuskesmasNgawenII",
        "alias_name": "Puskesmas Ngawen II",
        "group_name": "Dinas Kominfo Gunungkidul",
        "pin_type": "cctv",
        "category": "Gunungkidul, puskesmas",
        "connected": true,
        "featured": false,
        "descr": "Dinas Kominfo Gunungkidul • Gunungkidul, puskesmas",
        "stream_url": "https://cctv.jogjaprov.go.id/cctv-proxy/cctv-kominfogk/PuskesmasNgawenII.stream/playlist.m3u8",
        "video_url": "https://cctv.jogjaprov.go.id/cctv-proxy/cctv-kominfogk/PuskesmasNgawenII.stream/playlist.m3u8",
        "cctv_link": "https://cctv.jogjaprov.go.id/cctv-proxy/cctv-kominfogk/PuskesmasNgawenII.stream/playlist.m3u8",
        "portal_url": "https://cctv.jogjaprov.go.id",
        "source_url": "https://cctv.jogjaprov.go.id/api/v1/location-pins?include=area,categories&filter%5Bhas_coords%5D=true&filter%5Bhas_slug%5D=true&filter%5Bevent_active%5D=true&filter%5Bdisabled%5D=false"
      },
      "geometry": {
        "type": "Point",
        "coordinates": [
          110.68624637,
          -7.80667827
        ]
      }
    },
    {
      "type": "Feature",
      "properties": {
        "id": "2024",
        "slug": "s4-gading-dome",
        "name": "S4GadingDome",
        "alias_name": "S4 Gading Dome",
        "group_name": "Dinas Kominfo Gunungkidul",
        "pin_type": "cctv",
        "category": "simpang, Gunungkidul",
        "connected": true,
        "featured": false,
        "descr": "Dinas Kominfo Gunungkidul • simpang, Gunungkidul",
        "stream_url": "https://cctv.jogjaprov.go.id/cctv-proxy/cctv-kominfogk/S4GadingDome.stream/playlist.m3u8",
        "video_url": "https://cctv.jogjaprov.go.id/cctv-proxy/cctv-kominfogk/S4GadingDome.stream/playlist.m3u8",
        "cctv_link": "https://cctv.jogjaprov.go.id/cctv-proxy/cctv-kominfogk/S4GadingDome.stream/playlist.m3u8",
        "portal_url": "https://cctv.jogjaprov.go.id",
        "source_url": "https://cctv.jogjaprov.go.id/api/v1/location-pins?include=area,categories&filter%5Bhas_coords%5D=true&filter%5Bhas_slug%5D=true&filter%5Bevent_active%5D=true&filter%5Bdisabled%5D=false"
      },
      "geometry": {
        "type": "Point",
        "coordinates": [
          110.55712444,
          -7.91777005
        ]
      }
    },
    {
      "type": "Feature",
      "properties": {
        "id": "2025",
        "slug": "puskesmas-patuk-ii",
        "name": "PuskesmasPatukII",
        "alias_name": "Puskesmas Patuk II",
        "group_name": "Dinas Kominfo Gunungkidul",
        "pin_type": "cctv",
        "category": "Gunungkidul, puskesmas",
        "connected": true,
        "featured": false,
        "descr": "Dinas Kominfo Gunungkidul • Gunungkidul, puskesmas",
        "stream_url": "https://cctv.jogjaprov.go.id/cctv-proxy/cctv-kominfogk/PuskesmasPatukII.stream/playlist.m3u8",
        "video_url": "https://cctv.jogjaprov.go.id/cctv-proxy/cctv-kominfogk/PuskesmasPatukII.stream/playlist.m3u8",
        "cctv_link": "https://cctv.jogjaprov.go.id/cctv-proxy/cctv-kominfogk/PuskesmasPatukII.stream/playlist.m3u8",
        "portal_url": "https://cctv.jogjaprov.go.id",
        "source_url": "https://cctv.jogjaprov.go.id/api/v1/location-pins?include=area,categories&filter%5Bhas_coords%5D=true&filter%5Bhas_slug%5D=true&filter%5Bevent_active%5D=true&filter%5Bdisabled%5D=false"
      },
      "geometry": {
        "type": "Point",
        "coordinates": [
          110.535113,
          -7.837004
        ]
      }
    },
    {
      "type": "Feature",
      "properties": {
        "id": "2026",
        "slug": "simpang-ngawen-arah-timur-utara",
        "name": "S3NgawenTimur",
        "alias_name": "Simpang Ngawen (arah timur-utara)",
        "group_name": "Dinas Kominfo Gunungkidul",
        "pin_type": "cctv",
        "category": "simpang, Gunungkidul",
        "connected": true,
        "featured": false,
        "descr": "Dinas Kominfo Gunungkidul • simpang, Gunungkidul",
        "stream_url": "https://cctv.jogjaprov.go.id/cctv-proxy/cctv-kominfogk/S3NgawenTimur.stream/playlist.m3u8",
        "video_url": "https://cctv.jogjaprov.go.id/cctv-proxy/cctv-kominfogk/S3NgawenTimur.stream/playlist.m3u8",
        "cctv_link": "https://cctv.jogjaprov.go.id/cctv-proxy/cctv-kominfogk/S3NgawenTimur.stream/playlist.m3u8",
        "portal_url": "https://cctv.jogjaprov.go.id",
        "source_url": "https://cctv.jogjaprov.go.id/api/v1/location-pins?include=area,categories&filter%5Bhas_coords%5D=true&filter%5Bhas_slug%5D=true&filter%5Bevent_active%5D=true&filter%5Bdisabled%5D=false"
      },
      "geometry": {
        "type": "Point",
        "coordinates": [
          110.70149419,
          -7.83794691
        ]
      }
    },
    {
      "type": "Feature",
      "properties": {
        "id": "2027",
        "slug": "puskesmas-gedangsari-ii",
        "name": "PuskesmasGedangsariII",
        "alias_name": "Puskesmas Gedangsari II",
        "group_name": "Dinas Kominfo Gunungkidul",
        "pin_type": "cctv",
        "category": "Gunungkidul, puskesmas",
        "connected": true,
        "featured": false,
        "descr": "Dinas Kominfo Gunungkidul • Gunungkidul, puskesmas",
        "stream_url": "https://cctv.jogjaprov.go.id/cctv-proxy/cctv-kominfogk/PuskesmasGedangsariII.stream/playlist.m3u8",
        "video_url": "https://cctv.jogjaprov.go.id/cctv-proxy/cctv-kominfogk/PuskesmasGedangsariII.stream/playlist.m3u8",
        "cctv_link": "https://cctv.jogjaprov.go.id/cctv-proxy/cctv-kominfogk/PuskesmasGedangsariII.stream/playlist.m3u8",
        "portal_url": "https://cctv.jogjaprov.go.id",
        "source_url": "https://cctv.jogjaprov.go.id/api/v1/location-pins?include=area,categories&filter%5Bhas_coords%5D=true&filter%5Bhas_slug%5D=true&filter%5Bevent_active%5D=true&filter%5Bdisabled%5D=false"
      },
      "geometry": {
        "type": "Point",
        "coordinates": [
          110.590063,
          -7.8072
        ]
      }
    },
    {
      "type": "Feature",
      "properties": {
        "id": "2028",
        "slug": "s4-baleharjo-barat",
        "name": "S4BaleharjoBarat",
        "alias_name": "S4 Baleharjo Barat",
        "group_name": "Dinas Kominfo Gunungkidul",
        "pin_type": "cctv",
        "category": "simpang, Gunungkidul",
        "connected": true,
        "featured": false,
        "descr": "Dinas Kominfo Gunungkidul • simpang, Gunungkidul",
        "stream_url": "https://cctv.jogjaprov.go.id/cctv-proxy/cctv-kominfogk/S4BaleharjoBarat.stream/playlist.m3u8",
        "video_url": "https://cctv.jogjaprov.go.id/cctv-proxy/cctv-kominfogk/S4BaleharjoBarat.stream/playlist.m3u8",
        "cctv_link": "https://cctv.jogjaprov.go.id/cctv-proxy/cctv-kominfogk/S4BaleharjoBarat.stream/playlist.m3u8",
        "portal_url": "https://cctv.jogjaprov.go.id",
        "source_url": "https://cctv.jogjaprov.go.id/api/v1/location-pins?include=area,categories&filter%5Bhas_coords%5D=true&filter%5Bhas_slug%5D=true&filter%5Bevent_active%5D=true&filter%5Bdisabled%5D=false"
      },
      "geometry": {
        "type": "Point",
        "coordinates": [
          110.61432,
          -7.979137
        ]
      }
    },
    {
      "type": "Feature",
      "properties": {
        "id": "2029",
        "slug": "s4-baleharjo-timur",
        "name": "S4BaleharjoTimur",
        "alias_name": "S4 Baleharjo Timur",
        "group_name": "Dinas Kominfo Gunungkidul",
        "pin_type": "cctv",
        "category": "simpang, Gunungkidul",
        "connected": true,
        "featured": false,
        "descr": "Dinas Kominfo Gunungkidul • simpang, Gunungkidul",
        "stream_url": "https://cctv.jogjaprov.go.id/cctv-proxy/cctv-kominfogk/S4BaleharjoTimur.stream/playlist.m3u8",
        "video_url": "https://cctv.jogjaprov.go.id/cctv-proxy/cctv-kominfogk/S4BaleharjoTimur.stream/playlist.m3u8",
        "cctv_link": "https://cctv.jogjaprov.go.id/cctv-proxy/cctv-kominfogk/S4BaleharjoTimur.stream/playlist.m3u8",
        "portal_url": "https://cctv.jogjaprov.go.id",
        "source_url": "https://cctv.jogjaprov.go.id/api/v1/location-pins?include=area,categories&filter%5Bhas_coords%5D=true&filter%5Bhas_slug%5D=true&filter%5Bevent_active%5D=true&filter%5Bdisabled%5D=false"
      },
      "geometry": {
        "type": "Point",
        "coordinates": [
          110.61443533,
          -7.97920373
        ]
      }
    },
    {
      "type": "Feature",
      "properties": {
        "id": "2030",
        "slug": "s3-gading-selatan",
        "name": "S3GadingSelatan",
        "alias_name": "S3 Gading Selatan",
        "group_name": "Dinas Kominfo Gunungkidul",
        "pin_type": "cctv",
        "category": "simpang, Gunungkidul",
        "connected": true,
        "featured": false,
        "descr": "Dinas Kominfo Gunungkidul • simpang, Gunungkidul",
        "stream_url": "https://cctv.jogjaprov.go.id/cctv-proxy/cctv-kominfogk/S3GadingSelatan.stream/playlist.m3u8",
        "video_url": "https://cctv.jogjaprov.go.id/cctv-proxy/cctv-kominfogk/S3GadingSelatan.stream/playlist.m3u8",
        "cctv_link": "https://cctv.jogjaprov.go.id/cctv-proxy/cctv-kominfogk/S3GadingSelatan.stream/playlist.m3u8",
        "portal_url": "https://cctv.jogjaprov.go.id",
        "source_url": "https://cctv.jogjaprov.go.id/api/v1/location-pins?include=area,categories&filter%5Bhas_coords%5D=true&filter%5Bhas_slug%5D=true&filter%5Bevent_active%5D=true&filter%5Bdisabled%5D=false"
      },
      "geometry": {
        "type": "Point",
        "coordinates": [
          110.55727362,
          -7.91806693
        ]
      }
    },
    {
      "type": "Feature",
      "properties": {
        "id": "2031",
        "slug": "s4-budegan-barat",
        "name": "S4BudeganBarat",
        "alias_name": "S4 Budegan Barat",
        "group_name": "Dinas Kominfo Gunungkidul",
        "pin_type": "cctv",
        "category": "simpang, Gunungkidul",
        "connected": true,
        "featured": false,
        "descr": "Dinas Kominfo Gunungkidul • simpang, Gunungkidul",
        "stream_url": "https://cctv.jogjaprov.go.id/cctv-proxy/cctv-kominfogk/S4BudeganBarat.stream/playlist.m3u8",
        "video_url": "https://cctv.jogjaprov.go.id/cctv-proxy/cctv-kominfogk/S4BudeganBarat.stream/playlist.m3u8",
        "cctv_link": "https://cctv.jogjaprov.go.id/cctv-proxy/cctv-kominfogk/S4BudeganBarat.stream/playlist.m3u8",
        "portal_url": "https://cctv.jogjaprov.go.id",
        "source_url": "https://cctv.jogjaprov.go.id/api/v1/location-pins?include=area,categories&filter%5Bhas_coords%5D=true&filter%5Bhas_slug%5D=true&filter%5Bevent_active%5D=true&filter%5Bdisabled%5D=false"
      },
      "geometry": {
        "type": "Point",
        "coordinates": [
          110.60492266,
          -7.94128789
        ]
      }
    },
    {
      "type": "Feature",
      "properties": {
        "id": "2032",
        "slug": "pintu-masuk-baron-barat-2",
        "name": "PintuMasukBaronBarat2",
        "alias_name": "Pintu Masuk Baron Barat 2",
        "group_name": "Dinas Kominfo Gunungkidul",
        "pin_type": "cctv",
        "category": "Gunungkidul",
        "connected": true,
        "featured": false,
        "descr": "Dinas Kominfo Gunungkidul • Gunungkidul",
        "stream_url": "https://cctv.jogjaprov.go.id/cctv-proxy/cctv-kominfogk/PintuMasukBaronBarat2.stream/playlist.m3u8",
        "video_url": "https://cctv.jogjaprov.go.id/cctv-proxy/cctv-kominfogk/PintuMasukBaronBarat2.stream/playlist.m3u8",
        "cctv_link": "https://cctv.jogjaprov.go.id/cctv-proxy/cctv-kominfogk/PintuMasukBaronBarat2.stream/playlist.m3u8",
        "portal_url": "https://cctv.jogjaprov.go.id",
        "source_url": "https://cctv.jogjaprov.go.id/api/v1/location-pins?include=area,categories&filter%5Bhas_coords%5D=true&filter%5Bhas_slug%5D=true&filter%5Bevent_active%5D=true&filter%5Bdisabled%5D=false"
      },
      "geometry": {
        "type": "Point",
        "coordinates": [
          110.55126518,
          -8.12365487
        ]
      }
    },
    {
      "type": "Feature",
      "properties": {
        "id": "2033",
        "slug": "pintu-masuk-baron-barat",
        "name": "PintuMasukBaronBarat",
        "alias_name": "Pintu Masuk Baron Barat",
        "group_name": "Dinas Kominfo Gunungkidul",
        "pin_type": "cctv",
        "category": "Gunungkidul",
        "connected": true,
        "featured": false,
        "descr": "Dinas Kominfo Gunungkidul • Gunungkidul",
        "stream_url": "https://cctv.jogjaprov.go.id/cctv-proxy/cctv-kominfogk/PintuMasukBaronBarat.stream/playlist.m3u8",
        "video_url": "https://cctv.jogjaprov.go.id/cctv-proxy/cctv-kominfogk/PintuMasukBaronBarat.stream/playlist.m3u8",
        "cctv_link": "https://cctv.jogjaprov.go.id/cctv-proxy/cctv-kominfogk/PintuMasukBaronBarat.stream/playlist.m3u8",
        "portal_url": "https://cctv.jogjaprov.go.id",
        "source_url": "https://cctv.jogjaprov.go.id/api/v1/location-pins?include=area,categories&filter%5Bhas_coords%5D=true&filter%5Bhas_slug%5D=true&filter%5Bevent_active%5D=true&filter%5Bdisabled%5D=false"
      },
      "geometry": {
        "type": "Point",
        "coordinates": [
          110.55132824,
          -8.12394203
        ]
      }
    },
    {
      "type": "Feature",
      "properties": {
        "id": "2034",
        "slug": "pertigaan-pasar-playen",
        "name": "PertigaanPasarPlayen",
        "alias_name": "Pertigaan Pasar Playen",
        "group_name": "Dinas Kominfo Gunungkidul",
        "pin_type": "cctv",
        "category": "simpang, Gunungkidul",
        "connected": true,
        "featured": false,
        "descr": "Dinas Kominfo Gunungkidul • simpang, Gunungkidul",
        "stream_url": "https://cctv.jogjaprov.go.id/cctv-proxy/cctv-kominfogk/PertigaanPasarPlayen.stream/playlist.m3u8",
        "video_url": "https://cctv.jogjaprov.go.id/cctv-proxy/cctv-kominfogk/PertigaanPasarPlayen.stream/playlist.m3u8",
        "cctv_link": "https://cctv.jogjaprov.go.id/cctv-proxy/cctv-kominfogk/PertigaanPasarPlayen.stream/playlist.m3u8",
        "portal_url": "https://cctv.jogjaprov.go.id",
        "source_url": "https://cctv.jogjaprov.go.id/api/v1/location-pins?include=area,categories&filter%5Bhas_coords%5D=true&filter%5Bhas_slug%5D=true&filter%5Bevent_active%5D=true&filter%5Bdisabled%5D=false"
      },
      "geometry": {
        "type": "Point",
        "coordinates": [
          110.550008,
          -7.943894
        ]
      }
    },
    {
      "type": "Feature",
      "properties": {
        "id": "2035",
        "slug": "simpang-ngawen-arah-barat-utara",
        "name": "S3NgawenUtara",
        "alias_name": "Simpang Ngawen (arah barat-utara)",
        "group_name": "Dinas Kominfo Gunungkidul",
        "pin_type": "cctv",
        "category": "simpang, Gunungkidul",
        "connected": true,
        "featured": false,
        "descr": "Dinas Kominfo Gunungkidul • simpang, Gunungkidul",
        "stream_url": "https://cctv.jogjaprov.go.id/cctv-proxy/cctv-kominfogk/S3NgawenUtara.stream/playlist.m3u8",
        "video_url": "https://cctv.jogjaprov.go.id/cctv-proxy/cctv-kominfogk/S3NgawenUtara.stream/playlist.m3u8",
        "cctv_link": "https://cctv.jogjaprov.go.id/cctv-proxy/cctv-kominfogk/S3NgawenUtara.stream/playlist.m3u8",
        "portal_url": "https://cctv.jogjaprov.go.id",
        "source_url": "https://cctv.jogjaprov.go.id/api/v1/location-pins?include=area,categories&filter%5Bhas_coords%5D=true&filter%5Bhas_slug%5D=true&filter%5Bevent_active%5D=true&filter%5Bdisabled%5D=false"
      },
      "geometry": {
        "type": "Point",
        "coordinates": [
          110.70139427,
          -7.83789509
        ]
      }
    },
    {
      "type": "Feature",
      "properties": {
        "id": "2039",
        "slug": "puskeswan-putat",
        "name": "PuskeswanPutat",
        "alias_name": "Puskeswan Putat",
        "group_name": "Dinas Kominfo Gunungkidul",
        "pin_type": "cctv",
        "category": "Gunungkidul",
        "connected": true,
        "featured": false,
        "descr": "Dinas Kominfo Gunungkidul • Gunungkidul",
        "stream_url": "https://cctv.jogjaprov.go.id/cctv-proxy/cctv-kominfogk/PuskeswanPutat.stream/playlist.m3u8",
        "video_url": "https://cctv.jogjaprov.go.id/cctv-proxy/cctv-kominfogk/PuskeswanPutat.stream/playlist.m3u8",
        "cctv_link": "https://cctv.jogjaprov.go.id/cctv-proxy/cctv-kominfogk/PuskeswanPutat.stream/playlist.m3u8",
        "portal_url": "https://cctv.jogjaprov.go.id",
        "source_url": "https://cctv.jogjaprov.go.id/api/v1/location-pins?include=area,categories&filter%5Bhas_coords%5D=true&filter%5Bhas_slug%5D=true&filter%5Bevent_active%5D=true&filter%5Bdisabled%5D=false"
      },
      "geometry": {
        "type": "Point",
        "coordinates": [
          110.51791,
          -7.867892
        ]
      }
    },
    {
      "type": "Feature",
      "properties": {
        "id": "2040",
        "slug": "s4-budegan-dome",
        "name": "S4BudeganDome",
        "alias_name": "S4 Budegan Dome",
        "group_name": "Dinas Kominfo Gunungkidul",
        "pin_type": "cctv",
        "category": "simpang, Gunungkidul",
        "connected": true,
        "featured": false,
        "descr": "Dinas Kominfo Gunungkidul • simpang, Gunungkidul",
        "stream_url": "https://cctv.jogjaprov.go.id/cctv-proxy/cctv-kominfogk/S4BudeganDome.stream/playlist.m3u8",
        "video_url": "https://cctv.jogjaprov.go.id/cctv-proxy/cctv-kominfogk/S4BudeganDome.stream/playlist.m3u8",
        "cctv_link": "https://cctv.jogjaprov.go.id/cctv-proxy/cctv-kominfogk/S4BudeganDome.stream/playlist.m3u8",
        "portal_url": "https://cctv.jogjaprov.go.id",
        "source_url": "https://cctv.jogjaprov.go.id/api/v1/location-pins?include=area,categories&filter%5Bhas_coords%5D=true&filter%5Bhas_slug%5D=true&filter%5Bevent_active%5D=true&filter%5Bdisabled%5D=false"
      },
      "geometry": {
        "type": "Point",
        "coordinates": [
          110.60501924,
          -7.94129319
        ]
      }
    },
    {
      "type": "Feature",
      "properties": {
        "id": "2041",
        "slug": "pintu-masuk-baron-barat-1",
        "name": "PintuMasukBaronBarat1",
        "alias_name": "Pintu Masuk Baron Barat 1",
        "group_name": "Dinas Kominfo Gunungkidul",
        "pin_type": "cctv",
        "category": "Gunungkidul",
        "connected": true,
        "featured": false,
        "descr": "Dinas Kominfo Gunungkidul • Gunungkidul",
        "stream_url": "https://cctv.jogjaprov.go.id/cctv-proxy/cctv-kominfogk/PintuMasukBaronBarat1.stream/playlist.m3u8",
        "video_url": "https://cctv.jogjaprov.go.id/cctv-proxy/cctv-kominfogk/PintuMasukBaronBarat1.stream/playlist.m3u8",
        "cctv_link": "https://cctv.jogjaprov.go.id/cctv-proxy/cctv-kominfogk/PintuMasukBaronBarat1.stream/playlist.m3u8",
        "portal_url": "https://cctv.jogjaprov.go.id",
        "source_url": "https://cctv.jogjaprov.go.id/api/v1/location-pins?include=area,categories&filter%5Bhas_coords%5D=true&filter%5Bhas_slug%5D=true&filter%5Bevent_active%5D=true&filter%5Bdisabled%5D=false"
      },
      "geometry": {
        "type": "Point",
        "coordinates": [
          110.55130005,
          -8.12381154
        ]
      }
    },
    {
      "type": "Feature",
      "properties": {
        "id": "2042",
        "slug": "simpang-ngalang-arah-barat",
        "name": "S4NgalangBarat",
        "alias_name": "Simpang Ngalang (arah barat)",
        "group_name": "Dinas Kominfo Gunungkidul",
        "pin_type": "cctv",
        "category": "simpang, Gunungkidul",
        "connected": true,
        "featured": false,
        "descr": "Dinas Kominfo Gunungkidul • simpang, Gunungkidul",
        "stream_url": "https://cctv.jogjaprov.go.id/cctv-proxy/cctv-kominfogk/S4NgalangBarat.stream/playlist.m3u8",
        "video_url": "https://cctv.jogjaprov.go.id/cctv-proxy/cctv-kominfogk/S4NgalangBarat.stream/playlist.m3u8",
        "cctv_link": "https://cctv.jogjaprov.go.id/cctv-proxy/cctv-kominfogk/S4NgalangBarat.stream/playlist.m3u8",
        "portal_url": "https://cctv.jogjaprov.go.id",
        "source_url": "https://cctv.jogjaprov.go.id/api/v1/location-pins?include=area,categories&filter%5Bhas_coords%5D=true&filter%5Bhas_slug%5D=true&filter%5Bevent_active%5D=true&filter%5Bdisabled%5D=false"
      },
      "geometry": {
        "type": "Point",
        "coordinates": [
          110.57960549,
          -7.8834193
        ]
      }
    },
    {
      "type": "Feature",
      "properties": {
        "id": "2043",
        "slug": "pertigaan-bunder",
        "name": "PertigaanBunder",
        "alias_name": "Pertigaan Bunder",
        "group_name": "Dinas Kominfo Gunungkidul",
        "pin_type": "cctv",
        "category": "simpang, Gunungkidul",
        "connected": false,
        "featured": false,
        "descr": "Dinas Kominfo Gunungkidul • simpang, Gunungkidul",
        "stream_url": "https://cctv.jogjaprov.go.id/cctv-proxy/cctv-kominfogk/PertigaanBunder.stream/playlist.m3u8",
        "video_url": "https://cctv.jogjaprov.go.id/cctv-proxy/cctv-kominfogk/PertigaanBunder.stream/playlist.m3u8",
        "cctv_link": "https://cctv.jogjaprov.go.id/cctv-proxy/cctv-kominfogk/PertigaanBunder.stream/playlist.m3u8",
        "portal_url": "https://cctv.jogjaprov.go.id",
        "source_url": "https://cctv.jogjaprov.go.id/api/v1/location-pins?include=area,categories&filter%5Bhas_coords%5D=true&filter%5Bhas_slug%5D=true&filter%5Bevent_active%5D=true&filter%5Bdisabled%5D=false"
      },
      "geometry": {
        "type": "Point",
        "coordinates": [
          110.541608,
          -7.87795
        ]
      }
    },
    {
      "type": "Feature",
      "properties": {
        "id": "2044",
        "slug": "simpang-ngalang-arah-timur",
        "name": "S4NgalangTimur",
        "alias_name": "Simpang Ngalang (arah timur)",
        "group_name": "Dinas Kominfo Gunungkidul",
        "pin_type": "cctv",
        "category": "simpang, Gunungkidul",
        "connected": true,
        "featured": false,
        "descr": "Dinas Kominfo Gunungkidul • simpang, Gunungkidul",
        "stream_url": "https://cctv.jogjaprov.go.id/cctv-proxy/cctv-kominfogk/S4NgalangTimur.stream/playlist.m3u8",
        "video_url": "https://cctv.jogjaprov.go.id/cctv-proxy/cctv-kominfogk/S4NgalangTimur.stream/playlist.m3u8",
        "cctv_link": "https://cctv.jogjaprov.go.id/cctv-proxy/cctv-kominfogk/S4NgalangTimur.stream/playlist.m3u8",
        "portal_url": "https://cctv.jogjaprov.go.id",
        "source_url": "https://cctv.jogjaprov.go.id/api/v1/location-pins?include=area,categories&filter%5Bhas_coords%5D=true&filter%5Bhas_slug%5D=true&filter%5Bevent_active%5D=true&filter%5Bdisabled%5D=false"
      },
      "geometry": {
        "type": "Point",
        "coordinates": [
          110.5796266,
          -7.8836021
        ]
      }
    },
    {
      "type": "Feature",
      "properties": {
        "id": "2045",
        "slug": "simpang-petoyan-2",
        "name": "S3Petoyan2",
        "alias_name": "Simpang Petoyan 2",
        "group_name": "Dinas Kominfo Gunungkidul",
        "pin_type": "cctv",
        "category": "Gunungkidul, simpang",
        "connected": true,
        "featured": false,
        "descr": "Dinas Kominfo Gunungkidul • Gunungkidul, simpang",
        "stream_url": "https://cctv.jogjaprov.go.id/cctv-proxy/cctv-kominfogk/S3Petoyan2.stream/playlist.m3u8",
        "video_url": "https://cctv.jogjaprov.go.id/cctv-proxy/cctv-kominfogk/S3Petoyan2.stream/playlist.m3u8",
        "cctv_link": "https://cctv.jogjaprov.go.id/cctv-proxy/cctv-kominfogk/S3Petoyan2.stream/playlist.m3u8",
        "portal_url": "https://cctv.jogjaprov.go.id",
        "source_url": "https://cctv.jogjaprov.go.id/api/v1/location-pins?include=area,categories&filter%5Bhas_coords%5D=true&filter%5Bhas_slug%5D=true&filter%5Bevent_active%5D=true&filter%5Bdisabled%5D=false"
      },
      "geometry": {
        "type": "Point",
        "coordinates": [
          110.3819635,
          -8.001201
        ]
      }
    },
    {
      "type": "Feature",
      "properties": {
        "id": "2046",
        "slug": "lapangan-kasatrian",
        "name": "LapanganKasatrian",
        "alias_name": "Lapangan Kasatrian",
        "group_name": "Dinas Kominfo Gunungkidul",
        "pin_type": "cctv",
        "category": "Gunungkidul",
        "connected": true,
        "featured": false,
        "descr": "Dinas Kominfo Gunungkidul • Gunungkidul",
        "stream_url": "https://cctv.jogjaprov.go.id/cctv-proxy/cctv-kominfogk/LapanganKasatrian.stream/playlist.m3u8",
        "video_url": "https://cctv.jogjaprov.go.id/cctv-proxy/cctv-kominfogk/LapanganKasatrian.stream/playlist.m3u8",
        "cctv_link": "https://cctv.jogjaprov.go.id/cctv-proxy/cctv-kominfogk/LapanganKasatrian.stream/playlist.m3u8",
        "portal_url": "https://cctv.jogjaprov.go.id",
        "source_url": "https://cctv.jogjaprov.go.id/api/v1/location-pins?include=area,categories&filter%5Bhas_coords%5D=true&filter%5Bhas_slug%5D=true&filter%5Bevent_active%5D=true&filter%5Bdisabled%5D=false"
      },
      "geometry": {
        "type": "Point",
        "coordinates": [
          110.60481445,
          -7.96342555
        ]
      }
    },
    {
      "type": "Feature",
      "properties": {
        "id": "2047",
        "slug": "simpang-petoyan-1",
        "name": "S3Petoyan1",
        "alias_name": "Simpang Petoyan 1",
        "group_name": "Dinas Kominfo Gunungkidul",
        "pin_type": "cctv",
        "category": "Gunungkidul, simpang",
        "connected": true,
        "featured": false,
        "descr": "Dinas Kominfo Gunungkidul • Gunungkidul, simpang",
        "stream_url": "https://cctv.jogjaprov.go.id/cctv-proxy/cctv-kominfogk/S3Petoyan1.stream/playlist.m3u8",
        "video_url": "https://cctv.jogjaprov.go.id/cctv-proxy/cctv-kominfogk/S3Petoyan1.stream/playlist.m3u8",
        "cctv_link": "https://cctv.jogjaprov.go.id/cctv-proxy/cctv-kominfogk/S3Petoyan1.stream/playlist.m3u8",
        "portal_url": "https://cctv.jogjaprov.go.id",
        "source_url": "https://cctv.jogjaprov.go.id/api/v1/location-pins?include=area,categories&filter%5Bhas_coords%5D=true&filter%5Bhas_slug%5D=true&filter%5Bevent_active%5D=true&filter%5Bdisabled%5D=false"
      },
      "geometry": {
        "type": "Point",
        "coordinates": [
          110.38200785,
          -8.00114638
        ]
      }
    },
    {
      "type": "Feature",
      "properties": {
        "id": "2048",
        "slug": "pasar-wotgalih",
        "name": "PasarWotgalih",
        "alias_name": "Pasar Wotgalih",
        "group_name": "Dinas Kominfo Gunungkidul",
        "pin_type": "cctv",
        "category": "Gunungkidul, pasar",
        "connected": false,
        "featured": false,
        "descr": "Dinas Kominfo Gunungkidul • Gunungkidul, pasar",
        "stream_url": "https://cctv.jogjaprov.go.id/cctv-proxy/cctv-kominfogk/PasarWotgalih.stream/playlist.m3u8",
        "video_url": "https://cctv.jogjaprov.go.id/cctv-proxy/cctv-kominfogk/PasarWotgalih.stream/playlist.m3u8",
        "cctv_link": "https://cctv.jogjaprov.go.id/cctv-proxy/cctv-kominfogk/PasarWotgalih.stream/playlist.m3u8",
        "portal_url": "https://cctv.jogjaprov.go.id",
        "source_url": "https://cctv.jogjaprov.go.id/api/v1/location-pins?include=area,categories&filter%5Bhas_coords%5D=true&filter%5Bhas_slug%5D=true&filter%5Bevent_active%5D=true&filter%5Bdisabled%5D=false"
      },
      "geometry": {
        "type": "Point",
        "coordinates": [
          110.6472508,
          -7.85851833
        ]
      }
    },
    {
      "type": "Feature",
      "properties": {
        "id": "2049",
        "slug": "simpang-kodim-gunungkidul",
        "name": "KodimGunungkidul",
        "alias_name": "Simpang Kodim Gunungkidul",
        "group_name": "Dinas Kominfo Gunungkidul",
        "pin_type": "cctv",
        "category": "Gunungkidul",
        "connected": true,
        "featured": false,
        "descr": "Dinas Kominfo Gunungkidul • Gunungkidul",
        "stream_url": "https://cctv.jogjaprov.go.id/cctv-proxy/cctv-kominfogk/KodimGunungkidul.stream/playlist.m3u8",
        "video_url": "https://cctv.jogjaprov.go.id/cctv-proxy/cctv-kominfogk/KodimGunungkidul.stream/playlist.m3u8",
        "cctv_link": "https://cctv.jogjaprov.go.id/cctv-proxy/cctv-kominfogk/KodimGunungkidul.stream/playlist.m3u8",
        "portal_url": "https://cctv.jogjaprov.go.id",
        "source_url": "https://cctv.jogjaprov.go.id/api/v1/location-pins?include=area,categories&filter%5Bhas_coords%5D=true&filter%5Bhas_slug%5D=true&filter%5Bevent_active%5D=true&filter%5Bdisabled%5D=false"
      },
      "geometry": {
        "type": "Point",
        "coordinates": [
          110.6063051,
          -7.96372435
        ]
      }
    },
    {
      "type": "Feature",
      "properties": {
        "id": "2050",
        "slug": "simpang-saptosari-2",
        "name": "KapanewonSaptosari2",
        "alias_name": "Simpang Saptosari 2",
        "group_name": "Dinas Kominfo Gunungkidul",
        "pin_type": "cctv",
        "category": "Gunungkidul, simpang, Kapanewon",
        "connected": true,
        "featured": false,
        "descr": "Dinas Kominfo Gunungkidul • Gunungkidul, simpang, Kapanewon",
        "stream_url": "https://cctv.jogjaprov.go.id/cctv-proxy/cctv-kominfogk/KapanewonSaptosari2.stream/playlist.m3u8",
        "video_url": "https://cctv.jogjaprov.go.id/cctv-proxy/cctv-kominfogk/KapanewonSaptosari2.stream/playlist.m3u8",
        "cctv_link": "https://cctv.jogjaprov.go.id/cctv-proxy/cctv-kominfogk/KapanewonSaptosari2.stream/playlist.m3u8",
        "portal_url": "https://cctv.jogjaprov.go.id",
        "source_url": "https://cctv.jogjaprov.go.id/api/v1/location-pins?include=area,categories&filter%5Bhas_coords%5D=true&filter%5Bhas_slug%5D=true&filter%5Bevent_active%5D=true&filter%5Bdisabled%5D=false"
      },
      "geometry": {
        "type": "Point",
        "coordinates": [
          110.51426555,
          -8.04697859
        ]
      }
    },
    {
      "type": "Feature",
      "properties": {
        "id": "2051",
        "slug": "simpang-saptosari-1",
        "name": "KapanewonSaptosari1",
        "alias_name": "Simpang Saptosari 1",
        "group_name": "Dinas Kominfo Gunungkidul",
        "pin_type": "cctv",
        "category": "Gunungkidul, simpang, Kapanewon",
        "connected": true,
        "featured": false,
        "descr": "Dinas Kominfo Gunungkidul • Gunungkidul, simpang, Kapanewon",
        "stream_url": "https://cctv.jogjaprov.go.id/cctv-proxy/cctv-kominfogk/KapanewonSaptosari1.stream/playlist.m3u8",
        "video_url": "https://cctv.jogjaprov.go.id/cctv-proxy/cctv-kominfogk/KapanewonSaptosari1.stream/playlist.m3u8",
        "cctv_link": "https://cctv.jogjaprov.go.id/cctv-proxy/cctv-kominfogk/KapanewonSaptosari1.stream/playlist.m3u8",
        "portal_url": "https://cctv.jogjaprov.go.id",
        "source_url": "https://cctv.jogjaprov.go.id/api/v1/location-pins?include=area,categories&filter%5Bhas_coords%5D=true&filter%5Bhas_slug%5D=true&filter%5Bevent_active%5D=true&filter%5Bdisabled%5D=false"
      },
      "geometry": {
        "type": "Point",
        "coordinates": [
          110.51400613,
          -8.04696432
        ]
      }
    },
    {
      "type": "Feature",
      "properties": {
        "id": "2052",
        "slug": "tamankotawonosari",
        "name": "TamanKotaWonosari",
        "alias_name": "TamanKotaWonosari",
        "group_name": "Dinas Kominfo Gunungkidul",
        "pin_type": "cctv",
        "category": "Gunungkidul",
        "connected": true,
        "featured": false,
        "descr": "Dinas Kominfo Gunungkidul • Gunungkidul",
        "stream_url": "https://cctv.jogjaprov.go.id/cctv-proxy/cctv-kominfogk/TamanKotaWonosari.stream/playlist.m3u8",
        "video_url": "https://cctv.jogjaprov.go.id/cctv-proxy/cctv-kominfogk/TamanKotaWonosari.stream/playlist.m3u8",
        "cctv_link": "https://cctv.jogjaprov.go.id/cctv-proxy/cctv-kominfogk/TamanKotaWonosari.stream/playlist.m3u8",
        "portal_url": "https://cctv.jogjaprov.go.id",
        "source_url": "https://cctv.jogjaprov.go.id/api/v1/location-pins?include=area,categories&filter%5Bhas_coords%5D=true&filter%5Bhas_slug%5D=true&filter%5Bevent_active%5D=true&filter%5Bdisabled%5D=false"
      },
      "geometry": {
        "type": "Point",
        "coordinates": [
          110.601042,
          -7.962775
        ]
      }
    },
    {
      "type": "Feature",
      "properties": {
        "id": "2054",
        "slug": "s3dprdgunungkidul",
        "name": "S3DPRDGunungkidul",
        "alias_name": "S3DPRDGunungkidul",
        "group_name": "Dinas Kominfo Gunungkidul",
        "pin_type": "cctv",
        "category": "Gunungkidul, simpang",
        "connected": true,
        "featured": false,
        "descr": "Dinas Kominfo Gunungkidul • Gunungkidul, simpang",
        "stream_url": "https://cctv.jogjaprov.go.id/cctv-proxy/cctv-kominfogk/S3DPRDGunungkidul.stream/playlist.m3u8",
        "video_url": "https://cctv.jogjaprov.go.id/cctv-proxy/cctv-kominfogk/S3DPRDGunungkidul.stream/playlist.m3u8",
        "cctv_link": "https://cctv.jogjaprov.go.id/cctv-proxy/cctv-kominfogk/S3DPRDGunungkidul.stream/playlist.m3u8",
        "portal_url": "https://cctv.jogjaprov.go.id",
        "source_url": "https://cctv.jogjaprov.go.id/api/v1/location-pins?include=area,categories&filter%5Bhas_coords%5D=true&filter%5Bhas_slug%5D=true&filter%5Bevent_active%5D=true&filter%5Bdisabled%5D=false"
      },
      "geometry": {
        "type": "Point",
        "coordinates": [
          110.60073281,
          -7.96601352
        ]
      }
    },
    {
      "type": "Feature",
      "properties": {
        "id": "2055",
        "slug": "kalurahan-jetis-gunungkidul",
        "name": "KalurahanJetis",
        "alias_name": "Kalurahan Jetis Gunungkidul",
        "group_name": "Dinas Kominfo Gunungkidul",
        "pin_type": "cctv",
        "category": "Gunungkidul",
        "connected": false,
        "featured": false,
        "descr": "Dinas Kominfo Gunungkidul • Gunungkidul",
        "stream_url": "https://cctv.jogjaprov.go.id/cctv-proxy/cctv-kominfogk/KalurahanJetis.stream/playlist.m3u8",
        "video_url": "https://cctv.jogjaprov.go.id/cctv-proxy/cctv-kominfogk/KalurahanJetis.stream/playlist.m3u8",
        "cctv_link": "https://cctv.jogjaprov.go.id/cctv-proxy/cctv-kominfogk/KalurahanJetis.stream/playlist.m3u8",
        "portal_url": "https://cctv.jogjaprov.go.id",
        "source_url": "https://cctv.jogjaprov.go.id/api/v1/location-pins?include=area,categories&filter%5Bhas_coords%5D=true&filter%5Bhas_slug%5D=true&filter%5Bevent_active%5D=true&filter%5Bdisabled%5D=false"
      },
      "geometry": {
        "type": "Point",
        "coordinates": [
          110.48919112,
          -8.03812655
        ]
      }
    },
    {
      "type": "Feature",
      "properties": {
        "id": "2056",
        "slug": "kalurahan-jetis-gunungkidul-ptz",
        "name": "KalurahanJetisPTZ",
        "alias_name": "Kalurahan Jetis Gunungkidul (PTZ)",
        "group_name": "Dinas Kominfo Gunungkidul",
        "pin_type": "cctv",
        "category": "Gunungkidul",
        "connected": false,
        "featured": false,
        "descr": "Dinas Kominfo Gunungkidul • Gunungkidul",
        "stream_url": "https://cctv.jogjaprov.go.id/cctv-proxy/cctv-kominfogk/KalurahanJetisPTZ.stream/playlist.m3u8",
        "video_url": "https://cctv.jogjaprov.go.id/cctv-proxy/cctv-kominfogk/KalurahanJetisPTZ.stream/playlist.m3u8",
        "cctv_link": "https://cctv.jogjaprov.go.id/cctv-proxy/cctv-kominfogk/KalurahanJetisPTZ.stream/playlist.m3u8",
        "portal_url": "https://cctv.jogjaprov.go.id",
        "source_url": "https://cctv.jogjaprov.go.id/api/v1/location-pins?include=area,categories&filter%5Bhas_coords%5D=true&filter%5Bhas_slug%5D=true&filter%5Bevent_active%5D=true&filter%5Bdisabled%5D=false"
      },
      "geometry": {
        "type": "Point",
        "coordinates": [
          110.48889336,
          -8.03784477
        ]
      }
    },
    {
      "type": "Feature",
      "properties": {
        "id": "2057",
        "slug": "titik-nol-kilometer-alun-alun-wonosari",
        "name": "Titik0KMAlunalunWonosariPTZ",
        "alias_name": "Titik Nol Kilometer Alun-alun Wonosari",
        "group_name": "Dinas Kominfo Gunungkidul",
        "pin_type": "cctv",
        "category": "Gunungkidul, simpang",
        "connected": true,
        "featured": false,
        "descr": "Dinas Kominfo Gunungkidul • Gunungkidul, simpang",
        "stream_url": "https://cctv.jogjaprov.go.id/cctv-proxy/cctv-kominfogk/Titik0KMAlunalunWonosariPTZ.stream/playlist.m3u8",
        "video_url": "https://cctv.jogjaprov.go.id/cctv-proxy/cctv-kominfogk/Titik0KMAlunalunWonosariPTZ.stream/playlist.m3u8",
        "cctv_link": "https://cctv.jogjaprov.go.id/cctv-proxy/cctv-kominfogk/Titik0KMAlunalunWonosariPTZ.stream/playlist.m3u8",
        "portal_url": "https://cctv.jogjaprov.go.id",
        "source_url": "https://cctv.jogjaprov.go.id/api/v1/location-pins?include=area,categories&filter%5Bhas_coords%5D=true&filter%5Bhas_slug%5D=true&filter%5Bevent_active%5D=true&filter%5Bdisabled%5D=false"
      },
      "geometry": {
        "type": "Point",
        "coordinates": [
          110.60038297,
          -7.96579669
        ]
      }
    },
    {
      "type": "Feature",
      "properties": {
        "id": "2058",
        "slug": "pantai-sepanjang-view-laut",
        "name": "PantaiSepanjangFix",
        "alias_name": "Pantai Sepanjang (view laut)",
        "group_name": "Dinas Kominfo Gunungkidul",
        "pin_type": "cctv",
        "category": "pantai, Gunungkidul",
        "connected": true,
        "featured": false,
        "descr": "Dinas Kominfo Gunungkidul • pantai, Gunungkidul",
        "stream_url": "https://cctv.jogjaprov.go.id/cctv-proxy/cctv-kominfogk/PantaiSepanjangFix.stream/playlist.m3u8",
        "video_url": "https://cctv.jogjaprov.go.id/cctv-proxy/cctv-kominfogk/PantaiSepanjangFix.stream/playlist.m3u8",
        "cctv_link": "https://cctv.jogjaprov.go.id/cctv-proxy/cctv-kominfogk/PantaiSepanjangFix.stream/playlist.m3u8",
        "portal_url": "https://cctv.jogjaprov.go.id",
        "source_url": "https://cctv.jogjaprov.go.id/api/v1/location-pins?include=area,categories&filter%5Bhas_coords%5D=true&filter%5Bhas_slug%5D=true&filter%5Bevent_active%5D=true&filter%5Bdisabled%5D=false"
      },
      "geometry": {
        "type": "Point",
        "coordinates": [
          110.56639012,
          -8.13662139
        ]
      }
    },
    {
      "type": "Feature",
      "properties": {
        "id": "2060",
        "slug": "pantai-sepanjang",
        "name": "PantaiSepanjangPTZ",
        "alias_name": "Pantai Sepanjang",
        "group_name": "Dinas Kominfo Gunungkidul",
        "pin_type": "cctv",
        "category": "pantai, Gunungkidul",
        "connected": true,
        "featured": false,
        "descr": "Dinas Kominfo Gunungkidul • pantai, Gunungkidul",
        "stream_url": "https://cctv.jogjaprov.go.id/cctv-proxy/cctv-kominfogk/PantaiSepanjangPTZ.stream/playlist.m3u8",
        "video_url": "https://cctv.jogjaprov.go.id/cctv-proxy/cctv-kominfogk/PantaiSepanjangPTZ.stream/playlist.m3u8",
        "cctv_link": "https://cctv.jogjaprov.go.id/cctv-proxy/cctv-kominfogk/PantaiSepanjangPTZ.stream/playlist.m3u8",
        "portal_url": "https://cctv.jogjaprov.go.id",
        "source_url": "https://cctv.jogjaprov.go.id/api/v1/location-pins?include=area,categories&filter%5Bhas_coords%5D=true&filter%5Bhas_slug%5D=true&filter%5Bevent_active%5D=true&filter%5Bdisabled%5D=false"
      },
      "geometry": {
        "type": "Point",
        "coordinates": [
          110.56676896,
          -8.13665127
        ]
      }
    },
    {
      "type": "Feature",
      "properties": {
        "id": "2061",
        "slug": "simpang-rsud-wonosari-ptz",
        "name": "Simpang4RSUDPTZ",
        "alias_name": "Simpang RSUD Wonosari (PTZ)",
        "group_name": "Dinas Kominfo Gunungkidul",
        "pin_type": "cctv",
        "category": "Gunungkidul, simpang",
        "connected": true,
        "featured": false,
        "descr": "Dinas Kominfo Gunungkidul • Gunungkidul, simpang",
        "stream_url": "https://cctv.jogjaprov.go.id/cctv-proxy/cctv-kominfogk/Simpang4RSUDPTZ.stream/playlist.m3u8",
        "video_url": "https://cctv.jogjaprov.go.id/cctv-proxy/cctv-kominfogk/Simpang4RSUDPTZ.stream/playlist.m3u8",
        "cctv_link": "https://cctv.jogjaprov.go.id/cctv-proxy/cctv-kominfogk/Simpang4RSUDPTZ.stream/playlist.m3u8",
        "portal_url": "https://cctv.jogjaprov.go.id",
        "source_url": "https://cctv.jogjaprov.go.id/api/v1/location-pins?include=area,categories&filter%5Bhas_coords%5D=true&filter%5Bhas_slug%5D=true&filter%5Bevent_active%5D=true&filter%5Bdisabled%5D=false"
      },
      "geometry": {
        "type": "Point",
        "coordinates": [
          110.6027796,
          -7.96245919
        ]
      }
    },
    {
      "type": "Feature",
      "properties": {
        "id": "2062",
        "slug": "smpn-2-patuk-view-barat",
        "name": "SMP2PatukBarat",
        "alias_name": "SMPN 2 Patuk view Barat",
        "group_name": "Dinas Kominfo Gunungkidul",
        "pin_type": "cctv",
        "category": "Gunungkidul, sekolah",
        "connected": true,
        "featured": false,
        "descr": "Dinas Kominfo Gunungkidul • Gunungkidul, sekolah",
        "stream_url": "https://cctv.jogjaprov.go.id/cctv-proxy/cctv-kominfogk/SMP2PatukBarat.stream/playlist.m3u8",
        "video_url": "https://cctv.jogjaprov.go.id/cctv-proxy/cctv-kominfogk/SMP2PatukBarat.stream/playlist.m3u8",
        "cctv_link": "https://cctv.jogjaprov.go.id/cctv-proxy/cctv-kominfogk/SMP2PatukBarat.stream/playlist.m3u8",
        "portal_url": "https://cctv.jogjaprov.go.id",
        "source_url": "https://cctv.jogjaprov.go.id/api/v1/location-pins?include=area,categories&filter%5Bhas_coords%5D=true&filter%5Bhas_slug%5D=true&filter%5Bevent_active%5D=true&filter%5Bdisabled%5D=false"
      },
      "geometry": {
        "type": "Point",
        "coordinates": [
          110.52348159,
          -7.87026425
        ]
      }
    },
    {
      "type": "Feature",
      "properties": {
        "id": "2063",
        "slug": "bunderan-siyono-ptz",
        "name": "BunderanSiyonoPTZ",
        "alias_name": "Bunderan Siyono (PTZ)",
        "group_name": "Dinas Kominfo Gunungkidul",
        "pin_type": "cctv",
        "category": "Gunungkidul, simpang",
        "connected": true,
        "featured": false,
        "descr": "Dinas Kominfo Gunungkidul • Gunungkidul, simpang",
        "stream_url": "https://cctv.jogjaprov.go.id/cctv-proxy/cctv-kominfogk/BunderanSiyonoPTZ.stream/playlist.m3u8",
        "video_url": "https://cctv.jogjaprov.go.id/cctv-proxy/cctv-kominfogk/BunderanSiyonoPTZ.stream/playlist.m3u8",
        "cctv_link": "https://cctv.jogjaprov.go.id/cctv-proxy/cctv-kominfogk/BunderanSiyonoPTZ.stream/playlist.m3u8",
        "portal_url": "https://cctv.jogjaprov.go.id",
        "source_url": "https://cctv.jogjaprov.go.id/api/v1/location-pins?include=area,categories&filter%5Bhas_coords%5D=true&filter%5Bhas_slug%5D=true&filter%5Bevent_active%5D=true&filter%5Bdisabled%5D=false"
      },
      "geometry": {
        "type": "Point",
        "coordinates": [
          110.58574751,
          -7.95027042
        ]
      }
    },
    {
      "type": "Feature",
      "properties": {
        "id": "2064",
        "slug": "pantai-kukup",
        "name": "PantaiKukupPTZ",
        "alias_name": "Pantai Kukup",
        "group_name": "Dinas Kominfo Gunungkidul",
        "pin_type": "cctv",
        "category": "pantai, Gunungkidul",
        "connected": true,
        "featured": false,
        "descr": "Dinas Kominfo Gunungkidul • pantai, Gunungkidul",
        "stream_url": "https://cctv.jogjaprov.go.id/cctv-proxy/cctv-kominfogk/PantaiKukupPTZ.stream/playlist.m3u8",
        "video_url": "https://cctv.jogjaprov.go.id/cctv-proxy/cctv-kominfogk/PantaiKukupPTZ.stream/playlist.m3u8",
        "cctv_link": "https://cctv.jogjaprov.go.id/cctv-proxy/cctv-kominfogk/PantaiKukupPTZ.stream/playlist.m3u8",
        "portal_url": "https://cctv.jogjaprov.go.id",
        "source_url": "https://cctv.jogjaprov.go.id/api/v1/location-pins?include=area,categories&filter%5Bhas_coords%5D=true&filter%5Bhas_slug%5D=true&filter%5Bevent_active%5D=true&filter%5Bdisabled%5D=false"
      },
      "geometry": {
        "type": "Point",
        "coordinates": [
          110.55456357,
          -8.13336709
        ]
      }
    },
    {
      "type": "Feature",
      "properties": {
        "id": "2065",
        "slug": "parkiranembungnglanggeranfix",
        "name": "ParkiranEmbungNglanggeranFix",
        "alias_name": "ParkiranEmbungNglanggeranFix",
        "group_name": "Dinas Kominfo Gunungkidul",
        "pin_type": "cctv",
        "category": "Gunungkidul",
        "connected": true,
        "featured": false,
        "descr": "Dinas Kominfo Gunungkidul • Gunungkidul",
        "stream_url": "https://cctv.jogjaprov.go.id/cctv-proxy/cctv-kominfogk/ParkiranEmbungNglanggeranFix.stream/playlist.m3u8",
        "video_url": "https://cctv.jogjaprov.go.id/cctv-proxy/cctv-kominfogk/ParkiranEmbungNglanggeranFix.stream/playlist.m3u8",
        "cctv_link": "https://cctv.jogjaprov.go.id/cctv-proxy/cctv-kominfogk/ParkiranEmbungNglanggeranFix.stream/playlist.m3u8",
        "portal_url": "https://cctv.jogjaprov.go.id",
        "source_url": "https://cctv.jogjaprov.go.id/api/v1/location-pins?include=area,categories&filter%5Bhas_coords%5D=true&filter%5Bhas_slug%5D=true&filter%5Bevent_active%5D=true&filter%5Bdisabled%5D=false"
      },
      "geometry": {
        "type": "Point",
        "coordinates": [
          110.54492528,
          -7.84726853
        ]
      }
    },
    {
      "type": "Feature",
      "properties": {
        "id": "2066",
        "slug": "pertigaan-pasar-playen-ptz",
        "name": "PertigaanPasarPlayenPTZ",
        "alias_name": "Pertigaan Pasar Playen (PTZ)",
        "group_name": "Dinas Kominfo Gunungkidul",
        "pin_type": "cctv",
        "category": "Gunungkidul, pasar, simpang",
        "connected": true,
        "featured": false,
        "descr": "Dinas Kominfo Gunungkidul • Gunungkidul, pasar, simpang",
        "stream_url": "https://cctv.jogjaprov.go.id/cctv-proxy/cctv-kominfogk/PertigaanPasarPlayenPTZ.stream/playlist.m3u8",
        "video_url": "https://cctv.jogjaprov.go.id/cctv-proxy/cctv-kominfogk/PertigaanPasarPlayenPTZ.stream/playlist.m3u8",
        "cctv_link": "https://cctv.jogjaprov.go.id/cctv-proxy/cctv-kominfogk/PertigaanPasarPlayenPTZ.stream/playlist.m3u8",
        "portal_url": "https://cctv.jogjaprov.go.id",
        "source_url": "https://cctv.jogjaprov.go.id/api/v1/location-pins?include=area,categories&filter%5Bhas_coords%5D=true&filter%5Bhas_slug%5D=true&filter%5Bevent_active%5D=true&filter%5Bdisabled%5D=false"
      },
      "geometry": {
        "type": "Point",
        "coordinates": [
          110.54988005,
          -7.94392127
        ]
      }
    },
    {
      "type": "Feature",
      "properties": {
        "id": "2067",
        "slug": "parkiran-embung-nglanggeran-ptz",
        "name": "ParkiranEmbungNglanggeranPTZ",
        "alias_name": "Parkiran Embung Nglanggeran (PTZ)",
        "group_name": "Dinas Kominfo Gunungkidul",
        "pin_type": "cctv",
        "category": "Gunungkidul",
        "connected": true,
        "featured": false,
        "descr": "Dinas Kominfo Gunungkidul • Gunungkidul",
        "stream_url": "https://cctv.jogjaprov.go.id/cctv-proxy/cctv-kominfogk/ParkiranEmbungNglanggeranPTZ.stream/playlist.m3u8",
        "video_url": "https://cctv.jogjaprov.go.id/cctv-proxy/cctv-kominfogk/ParkiranEmbungNglanggeranPTZ.stream/playlist.m3u8",
        "cctv_link": "https://cctv.jogjaprov.go.id/cctv-proxy/cctv-kominfogk/ParkiranEmbungNglanggeranPTZ.stream/playlist.m3u8",
        "portal_url": "https://cctv.jogjaprov.go.id",
        "source_url": "https://cctv.jogjaprov.go.id/api/v1/location-pins?include=area,categories&filter%5Bhas_coords%5D=true&filter%5Bhas_slug%5D=true&filter%5Bevent_active%5D=true&filter%5Bdisabled%5D=false"
      },
      "geometry": {
        "type": "Point",
        "coordinates": [
          110.54508622,
          -7.84730573
        ]
      }
    },
    {
      "type": "Feature",
      "properties": {
        "id": "2068",
        "slug": "smpn-2-patuk-view-timur",
        "name": "SMP2PatukTimur",
        "alias_name": "SMPN 2 Patuk view Timur",
        "group_name": "Dinas Kominfo Gunungkidul",
        "pin_type": "cctv",
        "category": "Gunungkidul, sekolah",
        "connected": true,
        "featured": false,
        "descr": "Dinas Kominfo Gunungkidul • Gunungkidul, sekolah",
        "stream_url": "https://cctv.jogjaprov.go.id/cctv-proxy/cctv-kominfogk/SMP2PatukTimur.stream/playlist.m3u8",
        "video_url": "https://cctv.jogjaprov.go.id/cctv-proxy/cctv-kominfogk/SMP2PatukTimur.stream/playlist.m3u8",
        "cctv_link": "https://cctv.jogjaprov.go.id/cctv-proxy/cctv-kominfogk/SMP2PatukTimur.stream/playlist.m3u8",
        "portal_url": "https://cctv.jogjaprov.go.id",
        "source_url": "https://cctv.jogjaprov.go.id/api/v1/location-pins?include=area,categories&filter%5Bhas_coords%5D=true&filter%5Bhas_slug%5D=true&filter%5Bevent_active%5D=true&filter%5Bdisabled%5D=false"
      },
      "geometry": {
        "type": "Point",
        "coordinates": [
          110.52356205,
          -7.8704768
        ]
      }
    },
    {
      "type": "Feature",
      "properties": {
        "id": "2069",
        "slug": "simpang-pancuran-siraman-gunungkidul-ptz",
        "name": "PancuranPTZ",
        "alias_name": "Simpang Pancuran / Siraman Gunungkidul (PTZ)",
        "group_name": "Dinas Kominfo Gunungkidul",
        "pin_type": "cctv",
        "category": "Gunungkidul",
        "connected": true,
        "featured": false,
        "descr": "Dinas Kominfo Gunungkidul • Gunungkidul",
        "stream_url": "https://cctv.jogjaprov.go.id/cctv-proxy/cctv-kominfogk/PancuranPTZ.stream/playlist.m3u8",
        "video_url": "https://cctv.jogjaprov.go.id/cctv-proxy/cctv-kominfogk/PancuranPTZ.stream/playlist.m3u8",
        "cctv_link": "https://cctv.jogjaprov.go.id/cctv-proxy/cctv-kominfogk/PancuranPTZ.stream/playlist.m3u8",
        "portal_url": "https://cctv.jogjaprov.go.id",
        "source_url": "https://cctv.jogjaprov.go.id/api/v1/location-pins?include=area,categories&filter%5Bhas_coords%5D=true&filter%5Bhas_slug%5D=true&filter%5Bevent_active%5D=true&filter%5Bdisabled%5D=false"
      },
      "geometry": {
        "type": "Point",
        "coordinates": [
          110.59011354,
          -7.97079845
        ]
      }
    },
    {
      "type": "Feature",
      "properties": {
        "id": "2070",
        "slug": "bunderan-pln-wonosari-ptz",
        "name": "BunderanPLNPTZ",
        "alias_name": "Bunderan PLN Wonosari (PTZ)",
        "group_name": "Dinas Kominfo Gunungkidul",
        "pin_type": "cctv",
        "category": "Gunungkidul, simpang",
        "connected": true,
        "featured": false,
        "descr": "Dinas Kominfo Gunungkidul • Gunungkidul, simpang",
        "stream_url": "https://cctv.jogjaprov.go.id/cctv-proxy/cctv-kominfogk/BunderanPLNPTZ.stream/playlist.m3u8",
        "video_url": "https://cctv.jogjaprov.go.id/cctv-proxy/cctv-kominfogk/BunderanPLNPTZ.stream/playlist.m3u8",
        "cctv_link": "https://cctv.jogjaprov.go.id/cctv-proxy/cctv-kominfogk/BunderanPLNPTZ.stream/playlist.m3u8",
        "portal_url": "https://cctv.jogjaprov.go.id",
        "source_url": "https://cctv.jogjaprov.go.id/api/v1/location-pins?include=area,categories&filter%5Bhas_coords%5D=true&filter%5Bhas_slug%5D=true&filter%5Bevent_active%5D=true&filter%5Bdisabled%5D=false"
      },
      "geometry": {
        "type": "Point",
        "coordinates": [
          110.60205087,
          -7.9643345
        ]
      }
    },
    {
      "type": "Feature",
      "properties": {
        "id": "2071",
        "slug": "pantai-drini",
        "name": "PantaiDrini",
        "alias_name": "Pantai Drini",
        "group_name": "Dinas Kominfo Gunungkidul",
        "pin_type": "cctv",
        "category": "pantai, Gunungkidul",
        "connected": true,
        "featured": false,
        "descr": "Dinas Kominfo Gunungkidul • pantai, Gunungkidul",
        "stream_url": "https://cctv.jogjaprov.go.id/cctv-proxy/cctv-kominfogk/PantaiDrini.stream/playlist.m3u8",
        "video_url": "https://cctv.jogjaprov.go.id/cctv-proxy/cctv-kominfogk/PantaiDrini.stream/playlist.m3u8",
        "cctv_link": "https://cctv.jogjaprov.go.id/cctv-proxy/cctv-kominfogk/PantaiDrini.stream/playlist.m3u8",
        "portal_url": "https://cctv.jogjaprov.go.id",
        "source_url": "https://cctv.jogjaprov.go.id/api/v1/location-pins?include=area,categories&filter%5Bhas_coords%5D=true&filter%5Bhas_slug%5D=true&filter%5Bevent_active%5D=true&filter%5Bdisabled%5D=false"
      },
      "geometry": {
        "type": "Point",
        "coordinates": [
          110.57693996,
          -8.13771938
        ]
      }
    },
    {
      "type": "Feature",
      "properties": {
        "id": "2072",
        "slug": "simpang-gading-gunungkidul-ptz",
        "name": "S4GadingPTZ",
        "alias_name": "Simpang Gading Gunungkidul (PTZ)",
        "group_name": "Dinas Kominfo Gunungkidul",
        "pin_type": "cctv",
        "category": "Gunungkidul, simpang",
        "connected": true,
        "featured": false,
        "descr": "Dinas Kominfo Gunungkidul • Gunungkidul, simpang",
        "stream_url": "https://cctv.jogjaprov.go.id/cctv-proxy/cctv-kominfogk/S4GadingPTZ.stream/playlist.m3u8",
        "video_url": "https://cctv.jogjaprov.go.id/cctv-proxy/cctv-kominfogk/S4GadingPTZ.stream/playlist.m3u8",
        "cctv_link": "https://cctv.jogjaprov.go.id/cctv-proxy/cctv-kominfogk/S4GadingPTZ.stream/playlist.m3u8",
        "portal_url": "https://cctv.jogjaprov.go.id",
        "source_url": "https://cctv.jogjaprov.go.id/api/v1/location-pins?include=area,categories&filter%5Bhas_coords%5D=true&filter%5Bhas_slug%5D=true&filter%5Bevent_active%5D=true&filter%5Bdisabled%5D=false"
      },
      "geometry": {
        "type": "Point",
        "coordinates": [
          110.55585458,
          -7.91443694
        ]
      }
    },
    {
      "type": "Feature",
      "properties": {
        "id": "2073",
        "slug": "pantauan-merapi-bronggang",
        "name": "PantauanMerapi_Bronggang",
        "alias_name": "Pantauan Merapi - Bronggang",
        "group_name": "Dinas Kominfo Sleman",
        "pin_type": "cctv",
        "category": "gunung, merapi, sleman",
        "connected": true,
        "featured": false,
        "descr": "Dinas Kominfo Sleman • gunung, merapi, sleman",
        "stream_url": "https://cctv.jogjaprov.go.id/cctv-proxy/cctv-kominfosleman/PantauanMerapi_Bronggang.stream/playlist.m3u8",
        "video_url": "https://cctv.jogjaprov.go.id/cctv-proxy/cctv-kominfosleman/PantauanMerapi_Bronggang.stream/playlist.m3u8",
        "cctv_link": "https://cctv.jogjaprov.go.id/cctv-proxy/cctv-kominfosleman/PantauanMerapi_Bronggang.stream/playlist.m3u8",
        "portal_url": "https://cctv.jogjaprov.go.id",
        "source_url": "https://cctv.jogjaprov.go.id/api/v1/location-pins?include=area,categories&filter%5Bhas_coords%5D=true&filter%5Bhas_slug%5D=true&filter%5Bevent_active%5D=true&filter%5Bdisabled%5D=false"
      },
      "geometry": {
        "type": "Point",
        "coordinates": [
          110.4644023,
          -7.66058094
        ]
      }
    },
    {
      "type": "Feature",
      "properties": {
        "id": "2074",
        "slug": "pantauan-merapi-cangkringan",
        "name": "PantauanMerapi_Cangkringan",
        "alias_name": "Pantauan Merapi - Cangkringan",
        "group_name": "Dinas Kominfo Sleman",
        "pin_type": "cctv",
        "category": "gunung, merapi, sleman",
        "connected": true,
        "featured": false,
        "descr": "Dinas Kominfo Sleman • gunung, merapi, sleman",
        "stream_url": "https://cctv.jogjaprov.go.id/cctv-proxy/cctv-kominfosleman/PantauanMerapi_Cangkringan.stream/playlist.m3u8",
        "video_url": "https://cctv.jogjaprov.go.id/cctv-proxy/cctv-kominfosleman/PantauanMerapi_Cangkringan.stream/playlist.m3u8",
        "cctv_link": "https://cctv.jogjaprov.go.id/cctv-proxy/cctv-kominfosleman/PantauanMerapi_Cangkringan.stream/playlist.m3u8",
        "portal_url": "https://cctv.jogjaprov.go.id",
        "source_url": "https://cctv.jogjaprov.go.id/api/v1/location-pins?include=area,categories&filter%5Bhas_coords%5D=true&filter%5Bhas_slug%5D=true&filter%5Bevent_active%5D=true&filter%5Bdisabled%5D=false"
      },
      "geometry": {
        "type": "Point",
        "coordinates": [
          110.46269382,
          -7.67494183
        ]
      }
    },
    {
      "type": "Feature",
      "properties": {
        "id": "2075",
        "slug": "pantauan-merapi-ngandong",
        "name": "PantauanMerapi_Ngandong",
        "alias_name": "Pantauan Merapi - Ngandong",
        "group_name": "Dinas Kominfo Sleman",
        "pin_type": "cctv",
        "category": "gunung, merapi, sleman",
        "connected": true,
        "featured": false,
        "descr": "Dinas Kominfo Sleman • gunung, merapi, sleman",
        "stream_url": "https://cctv.jogjaprov.go.id/cctv-proxy/cctv-kominfosleman/PantauanMerapi_Ngandong.stream/playlist.m3u8",
        "video_url": "https://cctv.jogjaprov.go.id/cctv-proxy/cctv-kominfosleman/PantauanMerapi_Ngandong.stream/playlist.m3u8",
        "cctv_link": "https://cctv.jogjaprov.go.id/cctv-proxy/cctv-kominfosleman/PantauanMerapi_Ngandong.stream/playlist.m3u8",
        "portal_url": "https://cctv.jogjaprov.go.id",
        "source_url": "https://cctv.jogjaprov.go.id/api/v1/location-pins?include=area,categories&filter%5Bhas_coords%5D=true&filter%5Bhas_slug%5D=true&filter%5Bevent_active%5D=true&filter%5Bdisabled%5D=false"
      },
      "geometry": {
        "type": "Point",
        "coordinates": [
          110.41018431,
          -7.59531723
        ]
      }
    },
    {
      "type": "Feature",
      "properties": {
        "id": "2076",
        "slug": "pantauan-merapi-turgo",
        "name": "PantauanMerapi_Turgo",
        "alias_name": "Pantauan Merapi - Turgo",
        "group_name": "Dinas Kominfo Sleman",
        "pin_type": "cctv",
        "category": "gunung, merapi, sleman",
        "connected": true,
        "featured": false,
        "descr": "Dinas Kominfo Sleman • gunung, merapi, sleman",
        "stream_url": "https://cctv.jogjaprov.go.id/cctv-proxy/cctv-kominfosleman/PantauanMerapi_Turgo.stream/playlist.m3u8",
        "video_url": "https://cctv.jogjaprov.go.id/cctv-proxy/cctv-kominfosleman/PantauanMerapi_Turgo.stream/playlist.m3u8",
        "cctv_link": "https://cctv.jogjaprov.go.id/cctv-proxy/cctv-kominfosleman/PantauanMerapi_Turgo.stream/playlist.m3u8",
        "portal_url": "https://cctv.jogjaprov.go.id",
        "source_url": "https://cctv.jogjaprov.go.id/api/v1/location-pins?include=area,categories&filter%5Bhas_coords%5D=true&filter%5Bhas_slug%5D=true&filter%5Bevent_active%5D=true&filter%5Bdisabled%5D=false"
      },
      "geometry": {
        "type": "Point",
        "coordinates": [
          110.42227276,
          -7.58789853
        ]
      }
    },
    {
      "type": "Feature",
      "properties": {
        "id": "2078",
        "slug": "pojok-taman-bermain-2-alun-alun-wates",
        "name": "PojokTamanBermain2",
        "alias_name": "Pojok Taman Bermain 2  Alun-alun Wates",
        "group_name": "Dinas Kominfo Kulon Progo",
        "pin_type": "cctv",
        "category": "kulon progo, alun-alun",
        "connected": true,
        "featured": false,
        "descr": "Dinas Kominfo Kulon Progo • kulon progo, alun-alun",
        "stream_url": "https://cctv.jogjaprov.go.id/cctv-proxy/cctv-kp/PojokTamanBermain2.stream/playlist.m3u8",
        "video_url": "https://cctv.jogjaprov.go.id/cctv-proxy/cctv-kp/PojokTamanBermain2.stream/playlist.m3u8",
        "cctv_link": "https://cctv.jogjaprov.go.id/cctv-proxy/cctv-kp/PojokTamanBermain2.stream/playlist.m3u8",
        "portal_url": "https://cctv.jogjaprov.go.id",
        "source_url": "https://cctv.jogjaprov.go.id/api/v1/location-pins?include=area,categories&filter%5Bhas_coords%5D=true&filter%5Bhas_slug%5D=true&filter%5Bevent_active%5D=true&filter%5Bdisabled%5D=false"
      },
      "geometry": {
        "type": "Point",
        "coordinates": [
          110.1582478,
          -7.85780898
        ]
      }
    },
    {
      "type": "Feature",
      "properties": {
        "id": "2079",
        "slug": "simpang-karangnongko-view-timur-selatan",
        "name": "KarangnongkoSelatan",
        "alias_name": "Simpang Karangnongko (view timur selatan)",
        "group_name": "Dinas Kominfo Kulon Progo",
        "pin_type": "cctv",
        "category": "simpang, kulon progo",
        "connected": true,
        "featured": false,
        "descr": "Dinas Kominfo Kulon Progo • simpang, kulon progo",
        "stream_url": "https://cctv.jogjaprov.go.id/cctv-proxy/cctv-kp/KarangnongkoSelatan.stream/playlist.m3u8",
        "video_url": "https://cctv.jogjaprov.go.id/cctv-proxy/cctv-kp/KarangnongkoSelatan.stream/playlist.m3u8",
        "cctv_link": "https://cctv.jogjaprov.go.id/cctv-proxy/cctv-kp/KarangnongkoSelatan.stream/playlist.m3u8",
        "portal_url": "https://cctv.jogjaprov.go.id",
        "source_url": "https://cctv.jogjaprov.go.id/api/v1/location-pins?include=area,categories&filter%5Bhas_coords%5D=true&filter%5Bhas_slug%5D=true&filter%5Bevent_active%5D=true&filter%5Bdisabled%5D=false"
      },
      "geometry": {
        "type": "Point",
        "coordinates": [
          110.15630791,
          -7.86570361
        ]
      }
    },
    {
      "type": "Feature",
      "properties": {
        "id": "2080",
        "slug": "simpang-karangnongko-view-barat",
        "name": "KarangnongkoBarat",
        "alias_name": "Simpang Karangnongko (view barat)",
        "group_name": "Dinas Kominfo Kulon Progo",
        "pin_type": "cctv",
        "category": "simpang, kulon progo",
        "connected": true,
        "featured": false,
        "descr": "Dinas Kominfo Kulon Progo • simpang, kulon progo",
        "stream_url": "https://cctv.jogjaprov.go.id/cctv-proxy/cctv-kp/KarangnongkoBarat.stream/playlist.m3u8",
        "video_url": "https://cctv.jogjaprov.go.id/cctv-proxy/cctv-kp/KarangnongkoBarat.stream/playlist.m3u8",
        "cctv_link": "https://cctv.jogjaprov.go.id/cctv-proxy/cctv-kp/KarangnongkoBarat.stream/playlist.m3u8",
        "portal_url": "https://cctv.jogjaprov.go.id",
        "source_url": "https://cctv.jogjaprov.go.id/api/v1/location-pins?include=area,categories&filter%5Bhas_coords%5D=true&filter%5Bhas_slug%5D=true&filter%5Bevent_active%5D=true&filter%5Bdisabled%5D=false"
      },
      "geometry": {
        "type": "Point",
        "coordinates": [
          110.15613223,
          -7.86546581
        ]
      }
    },
    {
      "type": "Feature",
      "properties": {
        "id": "2081",
        "slug": "simpang-karangnongko-view-tengah",
        "name": "KarangnongkoTengah",
        "alias_name": "Simpang Karangnongko (view tengah)",
        "group_name": "Dinas Kominfo Kulon Progo",
        "pin_type": "cctv",
        "category": "simpang, kulon progo",
        "connected": true,
        "featured": false,
        "descr": "Dinas Kominfo Kulon Progo • simpang, kulon progo",
        "stream_url": "https://cctv.jogjaprov.go.id/cctv-proxy/cctv-kp/KarangnongkoTengah.stream/playlist.m3u8",
        "video_url": "https://cctv.jogjaprov.go.id/cctv-proxy/cctv-kp/KarangnongkoTengah.stream/playlist.m3u8",
        "cctv_link": "https://cctv.jogjaprov.go.id/cctv-proxy/cctv-kp/KarangnongkoTengah.stream/playlist.m3u8",
        "portal_url": "https://cctv.jogjaprov.go.id",
        "source_url": "https://cctv.jogjaprov.go.id/api/v1/location-pins?include=area,categories&filter%5Bhas_coords%5D=true&filter%5Bhas_slug%5D=true&filter%5Bevent_active%5D=true&filter%5Bdisabled%5D=false"
      },
      "geometry": {
        "type": "Point",
        "coordinates": [
          110.15620733,
          -7.86559733
        ]
      }
    },
    {
      "type": "Feature",
      "properties": {
        "id": "2082",
        "slug": "simpang-watulunyu",
        "name": "Watulunyu",
        "alias_name": "Simpang Watulunyu",
        "group_name": "Dinas Kominfo Kulon Progo",
        "pin_type": "cctv",
        "category": "simpang, kulon progo",
        "connected": true,
        "featured": false,
        "descr": "Dinas Kominfo Kulon Progo • simpang, kulon progo",
        "stream_url": "https://cctv.jogjaprov.go.id/cctv-proxy/cctv-kp/Watulunyu.stream/playlist.m3u8",
        "video_url": "https://cctv.jogjaprov.go.id/cctv-proxy/cctv-kp/Watulunyu.stream/playlist.m3u8",
        "cctv_link": "https://cctv.jogjaprov.go.id/cctv-proxy/cctv-kp/Watulunyu.stream/playlist.m3u8",
        "portal_url": "https://cctv.jogjaprov.go.id",
        "source_url": "https://cctv.jogjaprov.go.id/api/v1/location-pins?include=area,categories&filter%5Bhas_coords%5D=true&filter%5Bhas_slug%5D=true&filter%5Bevent_active%5D=true&filter%5Bdisabled%5D=false"
      },
      "geometry": {
        "type": "Point",
        "coordinates": [
          110.16463739,
          -7.85556908
        ]
      }
    },
    {
      "type": "Feature",
      "properties": {
        "id": "2083",
        "slug": "simpang-kodim-kulon-progo",
        "name": "Kodim",
        "alias_name": "Simpang Kodim Kulon Progo",
        "group_name": "Dinas Kominfo Kulon Progo",
        "pin_type": "cctv",
        "category": "simpang, kulon progo",
        "connected": true,
        "featured": false,
        "descr": "Dinas Kominfo Kulon Progo • simpang, kulon progo",
        "stream_url": "https://cctv.jogjaprov.go.id/cctv-proxy/cctv-kp/Kodim.stream/playlist.m3u8",
        "video_url": "https://cctv.jogjaprov.go.id/cctv-proxy/cctv-kp/Kodim.stream/playlist.m3u8",
        "cctv_link": "https://cctv.jogjaprov.go.id/cctv-proxy/cctv-kp/Kodim.stream/playlist.m3u8",
        "portal_url": "https://cctv.jogjaprov.go.id",
        "source_url": "https://cctv.jogjaprov.go.id/api/v1/location-pins?include=area,categories&filter%5Bhas_coords%5D=true&filter%5Bhas_slug%5D=true&filter%5Bevent_active%5D=true&filter%5Bdisabled%5D=false"
      },
      "geometry": {
        "type": "Point",
        "coordinates": [
          110.1579843,
          -7.85721184
        ]
      }
    },
    {
      "type": "Feature",
      "properties": {
        "id": "2089",
        "slug": "simpang-beran-view-utara",
        "name": "Perempatan_Beran2",
        "alias_name": "Simpang Beran view Utara",
        "group_name": "Dinas Kominfo Sleman",
        "pin_type": "cctv",
        "category": "simpang, sleman",
        "connected": true,
        "featured": false,
        "descr": "Dinas Kominfo Sleman • simpang, sleman",
        "stream_url": "https://cctv.jogjaprov.go.id/cctv-proxy/cctv-kominfosleman/Perempatan_Beran2.stream/playlist.m3u8",
        "video_url": "https://cctv.jogjaprov.go.id/cctv-proxy/cctv-kominfosleman/Perempatan_Beran2.stream/playlist.m3u8",
        "cctv_link": "https://cctv.jogjaprov.go.id/cctv-proxy/cctv-kominfosleman/Perempatan_Beran2.stream/playlist.m3u8",
        "portal_url": "https://cctv.jogjaprov.go.id",
        "source_url": "https://cctv.jogjaprov.go.id/api/v1/location-pins?include=area,categories&filter%5Bhas_coords%5D=true&filter%5Bhas_slug%5D=true&filter%5Bevent_active%5D=true&filter%5Bdisabled%5D=false"
      },
      "geometry": {
        "type": "Point",
        "coordinates": [
          110.35725103,
          -7.71143434
        ]
      }
    },
    {
      "type": "Feature",
      "properties": {
        "id": "2090",
        "slug": "simpang-beran-view-selatan",
        "name": "Perempatan_Beran3",
        "alias_name": "Simpang Beran view Selatan",
        "group_name": "Dinas Kominfo Sleman",
        "pin_type": "cctv",
        "category": "simpang, sleman",
        "connected": true,
        "featured": false,
        "descr": "Dinas Kominfo Sleman • simpang, sleman",
        "stream_url": "https://cctv.jogjaprov.go.id/cctv-proxy/cctv-kominfosleman/Perempatan_Beran3.stream/playlist.m3u8",
        "video_url": "https://cctv.jogjaprov.go.id/cctv-proxy/cctv-kominfosleman/Perempatan_Beran3.stream/playlist.m3u8",
        "cctv_link": "https://cctv.jogjaprov.go.id/cctv-proxy/cctv-kominfosleman/Perempatan_Beran3.stream/playlist.m3u8",
        "portal_url": "https://cctv.jogjaprov.go.id",
        "source_url": "https://cctv.jogjaprov.go.id/api/v1/location-pins?include=area,categories&filter%5Bhas_coords%5D=true&filter%5Bhas_slug%5D=true&filter%5Bevent_active%5D=true&filter%5Bdisabled%5D=false"
      },
      "geometry": {
        "type": "Point",
        "coordinates": [
          110.35750718,
          -7.71140776
        ]
      }
    },
    {
      "type": "Feature",
      "properties": {
        "id": "2092",
        "slug": "masjid-agung-sleman-arah-selatan",
        "name": "MasjidAgungSlemanSelatan",
        "alias_name": "Masjid Agung Sleman arah Selatan",
        "group_name": "Dinas Kominfo Sleman",
        "pin_type": "cctv",
        "category": "sleman, Masjid",
        "connected": true,
        "featured": false,
        "descr": "Dinas Kominfo Sleman • sleman, Masjid",
        "stream_url": "https://cctv.jogjaprov.go.id/cctv-proxy/cctv-kominfosleman/MasjidAgungSlemanSelatan.stream/playlist.m3u8",
        "video_url": "https://cctv.jogjaprov.go.id/cctv-proxy/cctv-kominfosleman/MasjidAgungSlemanSelatan.stream/playlist.m3u8",
        "cctv_link": "https://cctv.jogjaprov.go.id/cctv-proxy/cctv-kominfosleman/MasjidAgungSlemanSelatan.stream/playlist.m3u8",
        "portal_url": "https://cctv.jogjaprov.go.id",
        "source_url": "https://cctv.jogjaprov.go.id/api/v1/location-pins?include=area,categories&filter%5Bhas_coords%5D=true&filter%5Bhas_slug%5D=true&filter%5Bevent_active%5D=true&filter%5Bdisabled%5D=false"
      },
      "geometry": {
        "type": "Point",
        "coordinates": [
          110.3561134,
          -7.71428315
        ]
      }
    },
    {
      "type": "Feature",
      "properties": {
        "id": "2094",
        "slug": "masjid-agung-sleman-arah-utara",
        "name": "MasjidAgungSlemanUtara",
        "alias_name": "Masjid Agung Sleman arah Utara",
        "group_name": "Dinas Kominfo Sleman",
        "pin_type": "cctv",
        "category": "sleman, Masjid",
        "connected": true,
        "featured": false,
        "descr": "Dinas Kominfo Sleman • sleman, Masjid",
        "stream_url": "https://cctv.jogjaprov.go.id/cctv-proxy/cctv-kominfosleman/MasjidAgungSlemanUtara.stream/playlist.m3u8",
        "video_url": "https://cctv.jogjaprov.go.id/cctv-proxy/cctv-kominfosleman/MasjidAgungSlemanUtara.stream/playlist.m3u8",
        "cctv_link": "https://cctv.jogjaprov.go.id/cctv-proxy/cctv-kominfosleman/MasjidAgungSlemanUtara.stream/playlist.m3u8",
        "portal_url": "https://cctv.jogjaprov.go.id",
        "source_url": "https://cctv.jogjaprov.go.id/api/v1/location-pins?include=area,categories&filter%5Bhas_coords%5D=true&filter%5Bhas_slug%5D=true&filter%5Bevent_active%5D=true&filter%5Bdisabled%5D=false"
      },
      "geometry": {
        "type": "Point",
        "coordinates": [
          110.35608972,
          -7.71429358
        ]
      }
    },
    {
      "type": "Feature",
      "properties": {
        "id": "2095",
        "slug": "sekretariat-daerah-sleman-arah-selatan",
        "name": "SekdaSlemanSelatan",
        "alias_name": "Sekretariat Daerah Sleman (arah selatan)",
        "group_name": "Dinas Kominfo Sleman",
        "pin_type": "cctv",
        "category": "sleman, kantor, pemerintah",
        "connected": true,
        "featured": false,
        "descr": "Dinas Kominfo Sleman • sleman, kantor, pemerintah",
        "stream_url": "https://cctv.jogjaprov.go.id/cctv-proxy/cctv-kominfosleman/SekdaSlemanSelatan.stream/playlist.m3u8",
        "video_url": "https://cctv.jogjaprov.go.id/cctv-proxy/cctv-kominfosleman/SekdaSlemanSelatan.stream/playlist.m3u8",
        "cctv_link": "https://cctv.jogjaprov.go.id/cctv-proxy/cctv-kominfosleman/SekdaSlemanSelatan.stream/playlist.m3u8",
        "portal_url": "https://cctv.jogjaprov.go.id",
        "source_url": "https://cctv.jogjaprov.go.id/api/v1/location-pins?include=area,categories&filter%5Bhas_coords%5D=true&filter%5Bhas_slug%5D=true&filter%5Bevent_active%5D=true&filter%5Bdisabled%5D=false"
      },
      "geometry": {
        "type": "Point",
        "coordinates": [
          110.35528715,
          -7.71632301
        ]
      }
    },
    {
      "type": "Feature",
      "properties": {
        "id": "2097",
        "slug": "disperindag-sleman-arah-utara",
        "name": "DisperindagSlemanUtara",
        "alias_name": "Disperindag Sleman (arah utara)",
        "group_name": "Dinas Kominfo Sleman",
        "pin_type": "cctv",
        "category": "sleman",
        "connected": true,
        "featured": false,
        "descr": "Dinas Kominfo Sleman • sleman",
        "stream_url": "https://cctv.jogjaprov.go.id/cctv-proxy/cctv-kominfosleman/DisperindagSlemanUtara.stream/playlist.m3u8",
        "video_url": "https://cctv.jogjaprov.go.id/cctv-proxy/cctv-kominfosleman/DisperindagSlemanUtara.stream/playlist.m3u8",
        "cctv_link": "https://cctv.jogjaprov.go.id/cctv-proxy/cctv-kominfosleman/DisperindagSlemanUtara.stream/playlist.m3u8",
        "portal_url": "https://cctv.jogjaprov.go.id",
        "source_url": "https://cctv.jogjaprov.go.id/api/v1/location-pins?include=area,categories&filter%5Bhas_coords%5D=true&filter%5Bhas_slug%5D=true&filter%5Bevent_active%5D=true&filter%5Bdisabled%5D=false"
      },
      "geometry": {
        "type": "Point",
        "coordinates": [
          110.3545831,
          -7.71802804
        ]
      }
    },
    {
      "type": "Feature",
      "properties": {
        "id": "2099",
        "slug": "pertigaan-bappeda-sleman-arah-timur",
        "name": "PertigaanBapedaSlemanTimur",
        "alias_name": "Pertigaan Bappeda Sleman (arah timur)",
        "group_name": "Dinas Kominfo Sleman",
        "pin_type": "cctv",
        "category": "sleman",
        "connected": true,
        "featured": false,
        "descr": "Dinas Kominfo Sleman • sleman",
        "stream_url": "https://cctv.jogjaprov.go.id/cctv-proxy/cctv-kominfosleman/PertigaanBapedaSlemanTimur.stream/playlist.m3u8",
        "video_url": "https://cctv.jogjaprov.go.id/cctv-proxy/cctv-kominfosleman/PertigaanBapedaSlemanTimur.stream/playlist.m3u8",
        "cctv_link": "https://cctv.jogjaprov.go.id/cctv-proxy/cctv-kominfosleman/PertigaanBapedaSlemanTimur.stream/playlist.m3u8",
        "portal_url": "https://cctv.jogjaprov.go.id",
        "source_url": "https://cctv.jogjaprov.go.id/api/v1/location-pins?include=area,categories&filter%5Bhas_coords%5D=true&filter%5Bhas_slug%5D=true&filter%5Bevent_active%5D=true&filter%5Bdisabled%5D=false"
      },
      "geometry": {
        "type": "Point",
        "coordinates": [
          110.35395124,
          -7.71900429
        ]
      }
    },
    {
      "type": "Feature",
      "properties": {
        "id": "2100",
        "slug": "sekretariat-daerah-sleman-arah-utara",
        "name": "SekdaSlemanUtara",
        "alias_name": "Sekretariat Daerah Sleman (arah utara)",
        "group_name": "Dinas Kominfo Sleman",
        "pin_type": "cctv",
        "category": "sleman, kantor, pemerintah",
        "connected": true,
        "featured": false,
        "descr": "Dinas Kominfo Sleman • sleman, kantor, pemerintah",
        "stream_url": "https://cctv.jogjaprov.go.id/cctv-proxy/cctv-kominfosleman/SekdaSlemanUtara.stream/playlist.m3u8",
        "video_url": "https://cctv.jogjaprov.go.id/cctv-proxy/cctv-kominfosleman/SekdaSlemanUtara.stream/playlist.m3u8",
        "cctv_link": "https://cctv.jogjaprov.go.id/cctv-proxy/cctv-kominfosleman/SekdaSlemanUtara.stream/playlist.m3u8",
        "portal_url": "https://cctv.jogjaprov.go.id",
        "source_url": "https://cctv.jogjaprov.go.id/api/v1/location-pins?include=area,categories&filter%5Bhas_coords%5D=true&filter%5Bhas_slug%5D=true&filter%5Bevent_active%5D=true&filter%5Bdisabled%5D=false"
      },
      "geometry": {
        "type": "Point",
        "coordinates": [
          110.35533883,
          -7.71620795
        ]
      }
    },
    {
      "type": "Feature",
      "properties": {
        "id": "2101",
        "slug": "bkpp-sleman-arah-selatan",
        "name": "BKPPSlemanSelatan",
        "alias_name": "BKPP Sleman (arah selatan)",
        "group_name": "Dinas Kominfo Sleman",
        "pin_type": "cctv",
        "category": "sleman",
        "connected": true,
        "featured": false,
        "descr": "Dinas Kominfo Sleman • sleman",
        "stream_url": "https://cctv.jogjaprov.go.id/cctv-proxy/cctv-kominfosleman/BKPPSlemanSelatan.stream/playlist.m3u8",
        "video_url": "https://cctv.jogjaprov.go.id/cctv-proxy/cctv-kominfosleman/BKPPSlemanSelatan.stream/playlist.m3u8",
        "cctv_link": "https://cctv.jogjaprov.go.id/cctv-proxy/cctv-kominfosleman/BKPPSlemanSelatan.stream/playlist.m3u8",
        "portal_url": "https://cctv.jogjaprov.go.id",
        "source_url": "https://cctv.jogjaprov.go.id/api/v1/location-pins?include=area,categories&filter%5Bhas_coords%5D=true&filter%5Bhas_slug%5D=true&filter%5Bevent_active%5D=true&filter%5Bdisabled%5D=false"
      },
      "geometry": {
        "type": "Point",
        "coordinates": [
          110.35506642,
          -7.71680403
        ]
      }
    },
    {
      "type": "Feature",
      "properties": {
        "id": "2102",
        "slug": "disperindag-sleman-arah-selatan",
        "name": "DisperindagSlemanSelatan",
        "alias_name": "Disperindag Sleman (arah selatan)",
        "group_name": "Dinas Kominfo Sleman",
        "pin_type": "cctv",
        "category": "sleman",
        "connected": true,
        "featured": false,
        "descr": "Dinas Kominfo Sleman • sleman",
        "stream_url": "https://cctv.jogjaprov.go.id/cctv-proxy/cctv-kominfosleman/DisperindagSlemanSelatan.stream/playlist.m3u8",
        "video_url": "https://cctv.jogjaprov.go.id/cctv-proxy/cctv-kominfosleman/DisperindagSlemanSelatan.stream/playlist.m3u8",
        "cctv_link": "https://cctv.jogjaprov.go.id/cctv-proxy/cctv-kominfosleman/DisperindagSlemanSelatan.stream/playlist.m3u8",
        "portal_url": "https://cctv.jogjaprov.go.id",
        "source_url": "https://cctv.jogjaprov.go.id/api/v1/location-pins?include=area,categories&filter%5Bhas_coords%5D=true&filter%5Bhas_slug%5D=true&filter%5Bevent_active%5D=true&filter%5Bdisabled%5D=false"
      },
      "geometry": {
        "type": "Point",
        "coordinates": [
          110.35455584,
          -7.71808116
        ]
      }
    },
    {
      "type": "Feature",
      "properties": {
        "id": "2103",
        "slug": "pertigaan-bappeda-sleman-arah-utara",
        "name": "PertigaanBapedaSlemanUtara",
        "alias_name": "Pertigaan Bappeda Sleman (arah utara)",
        "group_name": "Dinas Kominfo Sleman",
        "pin_type": "cctv",
        "category": "sleman",
        "connected": true,
        "featured": false,
        "descr": "Dinas Kominfo Sleman • sleman",
        "stream_url": "https://cctv.jogjaprov.go.id/cctv-proxy/cctv-kominfosleman/PertigaanBapedaSlemanUtara.stream/playlist.m3u8",
        "video_url": "https://cctv.jogjaprov.go.id/cctv-proxy/cctv-kominfosleman/PertigaanBapedaSlemanUtara.stream/playlist.m3u8",
        "cctv_link": "https://cctv.jogjaprov.go.id/cctv-proxy/cctv-kominfosleman/PertigaanBapedaSlemanUtara.stream/playlist.m3u8",
        "portal_url": "https://cctv.jogjaprov.go.id",
        "source_url": "https://cctv.jogjaprov.go.id/api/v1/location-pins?include=area,categories&filter%5Bhas_coords%5D=true&filter%5Bhas_slug%5D=true&filter%5Bevent_active%5D=true&filter%5Bdisabled%5D=false"
      },
      "geometry": {
        "type": "Point",
        "coordinates": [
          110.35415509,
          -7.71911061
        ]
      }
    },
    {
      "type": "Feature",
      "properties": {
        "id": "2104",
        "slug": "dlh-sleman-arah-barat",
        "name": "DLHSlemanBarat",
        "alias_name": "DLH Sleman (arah barat)",
        "group_name": "Dinas Kominfo Sleman",
        "pin_type": "cctv",
        "category": "sleman",
        "connected": true,
        "featured": false,
        "descr": "Dinas Kominfo Sleman • sleman",
        "stream_url": "https://cctv.jogjaprov.go.id/cctv-proxy/cctv-kominfosleman/DLHSlemanBarat.stream/playlist.m3u8",
        "video_url": "https://cctv.jogjaprov.go.id/cctv-proxy/cctv-kominfosleman/DLHSlemanBarat.stream/playlist.m3u8",
        "cctv_link": "https://cctv.jogjaprov.go.id/cctv-proxy/cctv-kominfosleman/DLHSlemanBarat.stream/playlist.m3u8",
        "portal_url": "https://cctv.jogjaprov.go.id",
        "source_url": "https://cctv.jogjaprov.go.id/api/v1/location-pins?include=area,categories&filter%5Bhas_coords%5D=true&filter%5Bhas_slug%5D=true&filter%5Bevent_active%5D=true&filter%5Bdisabled%5D=false"
      },
      "geometry": {
        "type": "Point",
        "coordinates": [
          110.35510717,
          -7.71964734
        ]
      }
    },
    {
      "type": "Feature",
      "properties": {
        "id": "2105",
        "slug": "disbudsleman",
        "name": "DisbudSleman",
        "alias_name": "DisbudSleman",
        "group_name": "Dinas Kominfo Sleman",
        "pin_type": "cctv",
        "category": "sleman",
        "connected": true,
        "featured": false,
        "descr": "Dinas Kominfo Sleman • sleman",
        "stream_url": "https://cctv.jogjaprov.go.id/cctv-proxy/cctv-kominfosleman/DisbudSleman.stream/playlist.m3u8",
        "video_url": "https://cctv.jogjaprov.go.id/cctv-proxy/cctv-kominfosleman/DisbudSleman.stream/playlist.m3u8",
        "cctv_link": "https://cctv.jogjaprov.go.id/cctv-proxy/cctv-kominfosleman/DisbudSleman.stream/playlist.m3u8",
        "portal_url": "https://cctv.jogjaprov.go.id",
        "source_url": "https://cctv.jogjaprov.go.id/api/v1/location-pins?include=area,categories&filter%5Bhas_coords%5D=true&filter%5Bhas_slug%5D=true&filter%5Bevent_active%5D=true&filter%5Bdisabled%5D=false"
      },
      "geometry": {
        "type": "Point",
        "coordinates": [
          110.35571005,
          -7.71987676
        ]
      }
    },
    {
      "type": "Feature",
      "properties": {
        "id": "2108",
        "slug": "pertigaan-lapangan-denggung-arah-timur",
        "name": "PertigaanLapDenggungTimur",
        "alias_name": "Pertigaan Lapangan Denggung (arah timur)",
        "group_name": "Dinas Kominfo Sleman",
        "pin_type": "cctv",
        "category": "sleman",
        "connected": true,
        "featured": false,
        "descr": "Dinas Kominfo Sleman • sleman",
        "stream_url": "https://cctv.jogjaprov.go.id/cctv-proxy/cctv-kominfosleman/PertigaanLapDenggungTimur.stream/playlist.m3u8",
        "video_url": "https://cctv.jogjaprov.go.id/cctv-proxy/cctv-kominfosleman/PertigaanLapDenggungTimur.stream/playlist.m3u8",
        "cctv_link": "https://cctv.jogjaprov.go.id/cctv-proxy/cctv-kominfosleman/PertigaanLapDenggungTimur.stream/playlist.m3u8",
        "portal_url": "https://cctv.jogjaprov.go.id",
        "source_url": "https://cctv.jogjaprov.go.id/api/v1/location-pins?include=area,categories&filter%5Bhas_coords%5D=true&filter%5Bhas_slug%5D=true&filter%5Bevent_active%5D=true&filter%5Bdisabled%5D=false"
      },
      "geometry": {
        "type": "Point",
        "coordinates": [
          110.35956334,
          -7.72151495
        ]
      }
    },
    {
      "type": "Feature",
      "properties": {
        "id": "2109",
        "slug": "pertigaan-lapangan-denggung-arah-barat",
        "name": "PertigaanLapDenggungBarat",
        "alias_name": "Pertigaan Lapangan Denggung (arah barat)",
        "group_name": "Dinas Kominfo Sleman",
        "pin_type": "cctv",
        "category": "sleman",
        "connected": true,
        "featured": false,
        "descr": "Dinas Kominfo Sleman • sleman",
        "stream_url": "https://cctv.jogjaprov.go.id/cctv-proxy/cctv-kominfosleman/PertigaanLapDenggungBarat.stream/playlist.m3u8",
        "video_url": "https://cctv.jogjaprov.go.id/cctv-proxy/cctv-kominfosleman/PertigaanLapDenggungBarat.stream/playlist.m3u8",
        "cctv_link": "https://cctv.jogjaprov.go.id/cctv-proxy/cctv-kominfosleman/PertigaanLapDenggungBarat.stream/playlist.m3u8",
        "portal_url": "https://cctv.jogjaprov.go.id",
        "source_url": "https://cctv.jogjaprov.go.id/api/v1/location-pins?include=area,categories&filter%5Bhas_coords%5D=true&filter%5Bhas_slug%5D=true&filter%5Bevent_active%5D=true&filter%5Bdisabled%5D=false"
      },
      "geometry": {
        "type": "Point",
        "coordinates": [
          110.35942386,
          -7.72145648
        ]
      }
    },
    {
      "type": "Feature",
      "properties": {
        "id": "2111",
        "slug": "simpang-denggung-arah-selatan",
        "name": "DenggungSelatan",
        "alias_name": "Simpang Denggung (arah selatan)",
        "group_name": "Dinas Kominfo Sleman",
        "pin_type": "cctv",
        "category": "sleman",
        "connected": true,
        "featured": false,
        "descr": "Dinas Kominfo Sleman • sleman",
        "stream_url": "https://cctv.jogjaprov.go.id/cctv-proxy/cctv-kominfosleman/DenggungSelatan.stream/playlist.m3u8",
        "video_url": "https://cctv.jogjaprov.go.id/cctv-proxy/cctv-kominfosleman/DenggungSelatan.stream/playlist.m3u8",
        "cctv_link": "https://cctv.jogjaprov.go.id/cctv-proxy/cctv-kominfosleman/DenggungSelatan.stream/playlist.m3u8",
        "portal_url": "https://cctv.jogjaprov.go.id",
        "source_url": "https://cctv.jogjaprov.go.id/api/v1/location-pins?include=area,categories&filter%5Bhas_coords%5D=true&filter%5Bhas_slug%5D=true&filter%5Bevent_active%5D=true&filter%5Bdisabled%5D=false"
      },
      "geometry": {
        "type": "Point",
        "coordinates": [
          110.36121279,
          -7.7218245
        ]
      }
    },
    {
      "type": "Feature",
      "properties": {
        "id": "2112",
        "slug": "dlh-sleman-arah-timur",
        "name": "DLHSlemanTimur",
        "alias_name": "DLH Sleman (arah timur)",
        "group_name": "Dinas Kominfo Sleman",
        "pin_type": "cctv",
        "category": "sleman",
        "connected": true,
        "featured": false,
        "descr": "Dinas Kominfo Sleman • sleman",
        "stream_url": "https://cctv.jogjaprov.go.id/cctv-proxy/cctv-kominfosleman/DLHSlemanTimur.stream/playlist.m3u8",
        "video_url": "https://cctv.jogjaprov.go.id/cctv-proxy/cctv-kominfosleman/DLHSlemanTimur.stream/playlist.m3u8",
        "cctv_link": "https://cctv.jogjaprov.go.id/cctv-proxy/cctv-kominfosleman/DLHSlemanTimur.stream/playlist.m3u8",
        "portal_url": "https://cctv.jogjaprov.go.id",
        "source_url": "https://cctv.jogjaprov.go.id/api/v1/location-pins?include=area,categories&filter%5Bhas_coords%5D=true&filter%5Bhas_slug%5D=true&filter%5Bevent_active%5D=true&filter%5Bdisabled%5D=false"
      },
      "geometry": {
        "type": "Point",
        "coordinates": [
          110.35521241,
          -7.71970504
        ]
      }
    },
    {
      "type": "Feature",
      "properties": {
        "id": "2113",
        "slug": "disparslemanbarat",
        "name": "DisparSlemanBarat",
        "alias_name": "DisparSlemanBarat",
        "group_name": "Dinas Kominfo Sleman",
        "pin_type": "cctv",
        "category": "sleman",
        "connected": true,
        "featured": false,
        "descr": "Dinas Kominfo Sleman • sleman",
        "stream_url": "https://cctv.jogjaprov.go.id/cctv-proxy/cctv-kominfosleman/DisparSlemanBarat.stream/playlist.m3u8",
        "video_url": "https://cctv.jogjaprov.go.id/cctv-proxy/cctv-kominfosleman/DisparSlemanBarat.stream/playlist.m3u8",
        "cctv_link": "https://cctv.jogjaprov.go.id/cctv-proxy/cctv-kominfosleman/DisparSlemanBarat.stream/playlist.m3u8",
        "portal_url": "https://cctv.jogjaprov.go.id",
        "source_url": "https://cctv.jogjaprov.go.id/api/v1/location-pins?include=area,categories&filter%5Bhas_coords%5D=true&filter%5Bhas_slug%5D=true&filter%5Bevent_active%5D=true&filter%5Bdisabled%5D=false"
      },
      "geometry": {
        "type": "Point",
        "coordinates": [
          110.35805969,
          -7.72092655
        ]
      }
    },
    {
      "type": "Feature",
      "properties": {
        "id": "2114",
        "slug": "pengadilan-negeri-sleman-arah-selatan",
        "name": "PengadilanSlemanSelatan",
        "alias_name": "Pengadilan Negeri Sleman (arah selatan)",
        "group_name": "Dinas Kominfo Sleman",
        "pin_type": "cctv",
        "category": "sleman",
        "connected": true,
        "featured": false,
        "descr": "Dinas Kominfo Sleman • sleman",
        "stream_url": "https://cctv.jogjaprov.go.id/cctv-proxy/cctv-kominfosleman/PengadilanSlemanSelatan.stream/playlist.m3u8",
        "video_url": "https://cctv.jogjaprov.go.id/cctv-proxy/cctv-kominfosleman/PengadilanSlemanSelatan.stream/playlist.m3u8",
        "cctv_link": "https://cctv.jogjaprov.go.id/cctv-proxy/cctv-kominfosleman/PengadilanSlemanSelatan.stream/playlist.m3u8",
        "portal_url": "https://cctv.jogjaprov.go.id",
        "source_url": "https://cctv.jogjaprov.go.id/api/v1/location-pins?include=area,categories&filter%5Bhas_coords%5D=true&filter%5Bhas_slug%5D=true&filter%5Bevent_active%5D=true&filter%5Bdisabled%5D=false"
      },
      "geometry": {
        "type": "Point",
        "coordinates": [
          110.3589817,
          -7.721105
        ]
      }
    },
    {
      "type": "Feature",
      "properties": {
        "id": "2115",
        "slug": "simpang-denggung-arah-timur",
        "name": "DenggungTimur",
        "alias_name": "Simpang Denggung (arah timur)",
        "group_name": "Dinas Kominfo Sleman",
        "pin_type": "cctv",
        "category": "sleman",
        "connected": true,
        "featured": false,
        "descr": "Dinas Kominfo Sleman • sleman",
        "stream_url": "https://cctv.jogjaprov.go.id/cctv-proxy/cctv-kominfosleman/DenggungTimur.stream/playlist.m3u8",
        "video_url": "https://cctv.jogjaprov.go.id/cctv-proxy/cctv-kominfosleman/DenggungTimur.stream/playlist.m3u8",
        "cctv_link": "https://cctv.jogjaprov.go.id/cctv-proxy/cctv-kominfosleman/DenggungTimur.stream/playlist.m3u8",
        "portal_url": "https://cctv.jogjaprov.go.id",
        "source_url": "https://cctv.jogjaprov.go.id/api/v1/location-pins?include=area,categories&filter%5Bhas_coords%5D=true&filter%5Bhas_slug%5D=true&filter%5Bevent_active%5D=true&filter%5Bdisabled%5D=false"
      },
      "geometry": {
        "type": "Point",
        "coordinates": [
          110.36149269,
          -7.72160669
        ]
      }
    },
    {
      "type": "Feature",
      "properties": {
        "id": "2116",
        "slug": "simpang-denggung-arah-utara",
        "name": "DenggungUtara",
        "alias_name": "Simpang Denggung (arah utara)",
        "group_name": "Dinas Kominfo Sleman",
        "pin_type": "cctv",
        "category": "sleman",
        "connected": true,
        "featured": false,
        "descr": "Dinas Kominfo Sleman • sleman",
        "stream_url": "https://cctv.jogjaprov.go.id/cctv-proxy/cctv-kominfosleman/DenggungUtara.stream/playlist.m3u8",
        "video_url": "https://cctv.jogjaprov.go.id/cctv-proxy/cctv-kominfosleman/DenggungUtara.stream/playlist.m3u8",
        "cctv_link": "https://cctv.jogjaprov.go.id/cctv-proxy/cctv-kominfosleman/DenggungUtara.stream/playlist.m3u8",
        "portal_url": "https://cctv.jogjaprov.go.id",
        "source_url": "https://cctv.jogjaprov.go.id/api/v1/location-pins?include=area,categories&filter%5Bhas_coords%5D=true&filter%5Bhas_slug%5D=true&filter%5Bevent_active%5D=true&filter%5Bdisabled%5D=false"
      },
      "geometry": {
        "type": "Point",
        "coordinates": [
          110.36127789,
          -7.72148226
        ]
      }
    },
    {
      "type": "Feature",
      "properties": {
        "id": "2117",
        "slug": "sleman-city-hall",
        "name": "SlemanCityHall",
        "alias_name": "Sleman City Hall",
        "group_name": "Dinas Kominfo Sleman",
        "pin_type": "cctv",
        "category": "sleman",
        "connected": true,
        "featured": false,
        "descr": "Dinas Kominfo Sleman • sleman",
        "stream_url": "https://cctv.jogjaprov.go.id/cctv-proxy/cctv-kominfosleman/SlemanCityHall.stream/playlist.m3u8",
        "video_url": "https://cctv.jogjaprov.go.id/cctv-proxy/cctv-kominfosleman/SlemanCityHall.stream/playlist.m3u8",
        "cctv_link": "https://cctv.jogjaprov.go.id/cctv-proxy/cctv-kominfosleman/SlemanCityHall.stream/playlist.m3u8",
        "portal_url": "https://cctv.jogjaprov.go.id",
        "source_url": "https://cctv.jogjaprov.go.id/api/v1/location-pins?include=area,categories&filter%5Bhas_coords%5D=true&filter%5Bhas_slug%5D=true&filter%5Bevent_active%5D=true&filter%5Bdisabled%5D=false"
      },
      "geometry": {
        "type": "Point",
        "coordinates": [
          110.3608037,
          -7.71970428
        ]
      }
    },
    {
      "type": "Feature",
      "properties": {
        "id": "2118",
        "slug": "lapangan-denggung-arah-selatan",
        "name": "LapDenggungSelatan",
        "alias_name": "Lapangan Denggung (arah selatan)",
        "group_name": "Dinas Kominfo Sleman",
        "pin_type": "cctv",
        "category": "sleman",
        "connected": true,
        "featured": false,
        "descr": "Dinas Kominfo Sleman • sleman",
        "stream_url": "https://cctv.jogjaprov.go.id/cctv-proxy/cctv-kominfosleman/LapDenggungSelatan.stream/playlist.m3u8",
        "video_url": "https://cctv.jogjaprov.go.id/cctv-proxy/cctv-kominfosleman/LapDenggungSelatan.stream/playlist.m3u8",
        "cctv_link": "https://cctv.jogjaprov.go.id/cctv-proxy/cctv-kominfosleman/LapDenggungSelatan.stream/playlist.m3u8",
        "portal_url": "https://cctv.jogjaprov.go.id",
        "source_url": "https://cctv.jogjaprov.go.id/api/v1/location-pins?include=area,categories&filter%5Bhas_coords%5D=true&filter%5Bhas_slug%5D=true&filter%5Bevent_active%5D=true&filter%5Bdisabled%5D=false"
      },
      "geometry": {
        "type": "Point",
        "coordinates": [
          110.35990571,
          -7.72065487
        ]
      }
    },
    {
      "type": "Feature",
      "properties": {
        "id": "2119",
        "slug": "lapangan-denggung-arah-utara",
        "name": "LapDenggungUtara",
        "alias_name": "Lapangan Denggung (arah utara)",
        "group_name": "Dinas Kominfo Sleman",
        "pin_type": "cctv",
        "category": "sleman",
        "connected": true,
        "featured": false,
        "descr": "Dinas Kominfo Sleman • sleman",
        "stream_url": "https://cctv.jogjaprov.go.id/cctv-proxy/cctv-kominfosleman/LapDenggungUtara.stream/playlist.m3u8",
        "video_url": "https://cctv.jogjaprov.go.id/cctv-proxy/cctv-kominfosleman/LapDenggungUtara.stream/playlist.m3u8",
        "cctv_link": "https://cctv.jogjaprov.go.id/cctv-proxy/cctv-kominfosleman/LapDenggungUtara.stream/playlist.m3u8",
        "portal_url": "https://cctv.jogjaprov.go.id",
        "source_url": "https://cctv.jogjaprov.go.id/api/v1/location-pins?include=area,categories&filter%5Bhas_coords%5D=true&filter%5Bhas_slug%5D=true&filter%5Bevent_active%5D=true&filter%5Bdisabled%5D=false"
      },
      "geometry": {
        "type": "Point",
        "coordinates": [
          110.35995677,
          -7.72054171
        ]
      }
    },
    {
      "type": "Feature",
      "properties": {
        "id": "2120",
        "slug": "perpustakaan-sleman-arah-timur",
        "name": "PerpusSlemanTimur",
        "alias_name": "Perpustakaan Sleman (arah timur)",
        "group_name": "Dinas Kominfo Sleman",
        "pin_type": "cctv",
        "category": "sleman",
        "connected": true,
        "featured": false,
        "descr": "Dinas Kominfo Sleman • sleman",
        "stream_url": "https://cctv.jogjaprov.go.id/cctv-proxy/cctv-kominfosleman/PerpusSlemanTimur.stream/playlist.m3u8",
        "video_url": "https://cctv.jogjaprov.go.id/cctv-proxy/cctv-kominfosleman/PerpusSlemanTimur.stream/playlist.m3u8",
        "cctv_link": "https://cctv.jogjaprov.go.id/cctv-proxy/cctv-kominfosleman/PerpusSlemanTimur.stream/playlist.m3u8",
        "portal_url": "https://cctv.jogjaprov.go.id",
        "source_url": "https://cctv.jogjaprov.go.id/api/v1/location-pins?include=area,categories&filter%5Bhas_coords%5D=true&filter%5Bhas_slug%5D=true&filter%5Bevent_active%5D=true&filter%5Bdisabled%5D=false"
      },
      "geometry": {
        "type": "Point",
        "coordinates": [
          110.36007107,
          -7.72033827
        ]
      }
    },
    {
      "type": "Feature",
      "properties": {
        "id": "2122",
        "slug": "dishubslemantimur",
        "name": "DishubSlemanTimur",
        "alias_name": "DishubSlemanTimur",
        "group_name": "Dinas Kominfo Sleman",
        "pin_type": "cctv",
        "category": "sleman",
        "connected": true,
        "featured": false,
        "descr": "Dinas Kominfo Sleman • sleman",
        "stream_url": "https://cctv.jogjaprov.go.id/cctv-proxy/cctv-kominfosleman/DishubSlemanTimur.stream/playlist.m3u8",
        "video_url": "https://cctv.jogjaprov.go.id/cctv-proxy/cctv-kominfosleman/DishubSlemanTimur.stream/playlist.m3u8",
        "cctv_link": "https://cctv.jogjaprov.go.id/cctv-proxy/cctv-kominfosleman/DishubSlemanTimur.stream/playlist.m3u8",
        "portal_url": "https://cctv.jogjaprov.go.id",
        "source_url": "https://cctv.jogjaprov.go.id/api/v1/location-pins?include=area,categories&filter%5Bhas_coords%5D=true&filter%5Bhas_slug%5D=true&filter%5Bevent_active%5D=true&filter%5Bdisabled%5D=false"
      },
      "geometry": {
        "type": "Point",
        "coordinates": [
          110.35205272,
          -7.71864117
        ]
      }
    },
    {
      "type": "Feature",
      "properties": {
        "id": "2127",
        "slug": "gor-pangukan-arah-utara",
        "name": "GORPangukanSelatan",
        "alias_name": "GOR Pangukan (arah utara)",
        "group_name": "Dinas Kominfo Sleman",
        "pin_type": "cctv",
        "category": "sleman",
        "connected": true,
        "featured": false,
        "descr": "Dinas Kominfo Sleman • sleman",
        "stream_url": "https://cctv.jogjaprov.go.id/cctv-proxy/cctv-kominfosleman/GORPangukanSelatan.stream/playlist.m3u8",
        "video_url": "https://cctv.jogjaprov.go.id/cctv-proxy/cctv-kominfosleman/GORPangukanSelatan.stream/playlist.m3u8",
        "cctv_link": "https://cctv.jogjaprov.go.id/cctv-proxy/cctv-kominfosleman/GORPangukanSelatan.stream/playlist.m3u8",
        "portal_url": "https://cctv.jogjaprov.go.id",
        "source_url": "https://cctv.jogjaprov.go.id/api/v1/location-pins?include=area,categories&filter%5Bhas_coords%5D=true&filter%5Bhas_slug%5D=true&filter%5Bevent_active%5D=true&filter%5Bdisabled%5D=false"
      },
      "geometry": {
        "type": "Point",
        "coordinates": [
          110.34601324,
          -7.71023969
        ]
      }
    },
    {
      "type": "Feature",
      "properties": {
        "id": "2128",
        "slug": "dinas-pertanian-sleman-arah-selatan",
        "name": "DistanSlemanSelatan",
        "alias_name": "Dinas Pertanian Sleman (arah selatan)",
        "group_name": "Dinas Kominfo Sleman",
        "pin_type": "cctv",
        "category": "sleman",
        "connected": true,
        "featured": false,
        "descr": "Dinas Kominfo Sleman • sleman",
        "stream_url": "https://cctv.jogjaprov.go.id/cctv-proxy/cctv-kominfosleman/DistanSlemanSelatan.stream/playlist.m3u8",
        "video_url": "https://cctv.jogjaprov.go.id/cctv-proxy/cctv-kominfosleman/DistanSlemanSelatan.stream/playlist.m3u8",
        "cctv_link": "https://cctv.jogjaprov.go.id/cctv-proxy/cctv-kominfosleman/DistanSlemanSelatan.stream/playlist.m3u8",
        "portal_url": "https://cctv.jogjaprov.go.id",
        "source_url": "https://cctv.jogjaprov.go.id/api/v1/location-pins?include=area,categories&filter%5Bhas_coords%5D=true&filter%5Bhas_slug%5D=true&filter%5Bevent_active%5D=true&filter%5Bdisabled%5D=false"
      },
      "geometry": {
        "type": "Point",
        "coordinates": [
          110.34744274,
          -7.70776036
        ]
      }
    },
    {
      "type": "Feature",
      "properties": {
        "id": "2129",
        "slug": "dinas-pertanian-sleman-arah-utara",
        "name": "DistanSlemanUtara",
        "alias_name": "Dinas Pertanian Sleman (arah utara)",
        "group_name": "Dinas Kominfo Sleman",
        "pin_type": "cctv",
        "category": "sleman",
        "connected": true,
        "featured": false,
        "descr": "Dinas Kominfo Sleman • sleman",
        "stream_url": "https://cctv.jogjaprov.go.id/cctv-proxy/cctv-kominfosleman/DistanSlemanUtara.stream/playlist.m3u8",
        "video_url": "https://cctv.jogjaprov.go.id/cctv-proxy/cctv-kominfosleman/DistanSlemanUtara.stream/playlist.m3u8",
        "cctv_link": "https://cctv.jogjaprov.go.id/cctv-proxy/cctv-kominfosleman/DistanSlemanUtara.stream/playlist.m3u8",
        "portal_url": "https://cctv.jogjaprov.go.id",
        "source_url": "https://cctv.jogjaprov.go.id/api/v1/location-pins?include=area,categories&filter%5Bhas_coords%5D=true&filter%5Bhas_slug%5D=true&filter%5Bevent_active%5D=true&filter%5Bdisabled%5D=false"
      },
      "geometry": {
        "type": "Point",
        "coordinates": [
          110.34737501,
          -7.70798897
        ]
      }
    },
    {
      "type": "Feature",
      "properties": {
        "id": "2130",
        "slug": "kominfo-sleman-belakang-arah-barat",
        "name": "KominfoSlemanBelakangBarat",
        "alias_name": "Kominfo Sleman (belakang arah barat)",
        "group_name": "Dinas Kominfo Sleman",
        "pin_type": "cctv",
        "category": "sleman",
        "connected": true,
        "featured": false,
        "descr": "Dinas Kominfo Sleman • sleman",
        "stream_url": "https://cctv.jogjaprov.go.id/cctv-proxy/cctv-kominfosleman/KominfoSlemanBelakangBarat.stream/playlist.m3u8",
        "video_url": "https://cctv.jogjaprov.go.id/cctv-proxy/cctv-kominfosleman/KominfoSlemanBelakangBarat.stream/playlist.m3u8",
        "cctv_link": "https://cctv.jogjaprov.go.id/cctv-proxy/cctv-kominfosleman/KominfoSlemanBelakangBarat.stream/playlist.m3u8",
        "portal_url": "https://cctv.jogjaprov.go.id",
        "source_url": "https://cctv.jogjaprov.go.id/api/v1/location-pins?include=area,categories&filter%5Bhas_coords%5D=true&filter%5Bhas_slug%5D=true&filter%5Bevent_active%5D=true&filter%5Bdisabled%5D=false"
      },
      "geometry": {
        "type": "Point",
        "coordinates": [
          110.35552044,
          -7.71772516
        ]
      }
    },
    {
      "type": "Feature",
      "properties": {
        "id": "2131",
        "slug": "kominfo-sleman-belakang-arah-timur",
        "name": "KominfoSlemanBelakangTimur",
        "alias_name": "Kominfo Sleman (belakang arah timur)",
        "group_name": "Dinas Kominfo Sleman",
        "pin_type": "cctv",
        "category": "sleman",
        "connected": true,
        "featured": false,
        "descr": "Dinas Kominfo Sleman • sleman",
        "stream_url": "https://cctv.jogjaprov.go.id/cctv-proxy/cctv-kominfosleman/KominfoSlemanBelakangTimur.stream/playlist.m3u8",
        "video_url": "https://cctv.jogjaprov.go.id/cctv-proxy/cctv-kominfosleman/KominfoSlemanBelakangTimur.stream/playlist.m3u8",
        "cctv_link": "https://cctv.jogjaprov.go.id/cctv-proxy/cctv-kominfosleman/KominfoSlemanBelakangTimur.stream/playlist.m3u8",
        "portal_url": "https://cctv.jogjaprov.go.id",
        "source_url": "https://cctv.jogjaprov.go.id/api/v1/location-pins?include=area,categories&filter%5Bhas_coords%5D=true&filter%5Bhas_slug%5D=true&filter%5Bevent_active%5D=true&filter%5Bdisabled%5D=false"
      },
      "geometry": {
        "type": "Point",
        "coordinates": [
          110.35591228,
          -7.71789947
        ]
      }
    },
    {
      "type": "Feature",
      "properties": {
        "id": "2133",
        "slug": "jalan-candi-gebang-arah-timur",
        "name": "JalanCandiGebangTimur",
        "alias_name": "Jalan Candi Gebang (arah timur)",
        "group_name": "Dinas Kominfo Sleman",
        "pin_type": "cctv",
        "category": "sleman",
        "connected": true,
        "featured": false,
        "descr": "Dinas Kominfo Sleman • sleman",
        "stream_url": "https://cctv.jogjaprov.go.id/cctv-proxy/cctv-kominfosleman/JalanCandiGebangTimur.stream/playlist.m3u8",
        "video_url": "https://cctv.jogjaprov.go.id/cctv-proxy/cctv-kominfosleman/JalanCandiGebangTimur.stream/playlist.m3u8",
        "cctv_link": "https://cctv.jogjaprov.go.id/cctv-proxy/cctv-kominfosleman/JalanCandiGebangTimur.stream/playlist.m3u8",
        "portal_url": "https://cctv.jogjaprov.go.id",
        "source_url": "https://cctv.jogjaprov.go.id/api/v1/location-pins?include=area,categories&filter%5Bhas_coords%5D=true&filter%5Bhas_slug%5D=true&filter%5Bevent_active%5D=true&filter%5Bdisabled%5D=false"
      },
      "geometry": {
        "type": "Point",
        "coordinates": [
          110.35627765,
          -7.71795339
        ]
      }
    },
    {
      "type": "Feature",
      "properties": {
        "id": "2135",
        "slug": "gudang-obat-sleman-arah-timur",
        "name": "GudangObatTimur",
        "alias_name": "Gudang Obat Sleman (arah timur)",
        "group_name": "Dinas Kominfo Sleman",
        "pin_type": "cctv",
        "category": "sleman",
        "connected": true,
        "featured": false,
        "descr": "Dinas Kominfo Sleman • sleman",
        "stream_url": "https://cctv.jogjaprov.go.id/cctv-proxy/cctv-kominfosleman/GudangObatTimur.stream/playlist.m3u8",
        "video_url": "https://cctv.jogjaprov.go.id/cctv-proxy/cctv-kominfosleman/GudangObatTimur.stream/playlist.m3u8",
        "cctv_link": "https://cctv.jogjaprov.go.id/cctv-proxy/cctv-kominfosleman/GudangObatTimur.stream/playlist.m3u8",
        "portal_url": "https://cctv.jogjaprov.go.id",
        "source_url": "https://cctv.jogjaprov.go.id/api/v1/location-pins?include=area,categories&filter%5Bhas_coords%5D=true&filter%5Bhas_slug%5D=true&filter%5Bevent_active%5D=true&filter%5Bdisabled%5D=false"
      },
      "geometry": {
        "type": "Point",
        "coordinates": [
          110.35890998,
          -7.71821544
        ]
      }
    },
    {
      "type": "Feature",
      "properties": {
        "id": "2136",
        "slug": "gudang-obat-sleman-arah-barat",
        "name": "GudangObatBarat",
        "alias_name": "Gudang Obat Sleman (arah barat)",
        "group_name": "Dinas Kominfo Sleman",
        "pin_type": "cctv",
        "category": "sleman",
        "connected": true,
        "featured": false,
        "descr": "Dinas Kominfo Sleman • sleman",
        "stream_url": "https://cctv.jogjaprov.go.id/cctv-proxy/cctv-kominfosleman/GudangObatBarat.stream/playlist.m3u8",
        "video_url": "https://cctv.jogjaprov.go.id/cctv-proxy/cctv-kominfosleman/GudangObatBarat.stream/playlist.m3u8",
        "cctv_link": "https://cctv.jogjaprov.go.id/cctv-proxy/cctv-kominfosleman/GudangObatBarat.stream/playlist.m3u8",
        "portal_url": "https://cctv.jogjaprov.go.id",
        "source_url": "https://cctv.jogjaprov.go.id/api/v1/location-pins?include=area,categories&filter%5Bhas_coords%5D=true&filter%5Bhas_slug%5D=true&filter%5Bevent_active%5D=true&filter%5Bdisabled%5D=false"
      },
      "geometry": {
        "type": "Point",
        "coordinates": [
          110.35880216,
          -7.71822787
        ]
      }
    },
    {
      "type": "Feature",
      "properties": {
        "id": "2137",
        "slug": "dpu-sleman-arah-barat",
        "name": "DPUSlemanBarat",
        "alias_name": "DPU Sleman (arah barat)",
        "group_name": "Dinas Kominfo Sleman",
        "pin_type": "cctv",
        "category": "sleman",
        "connected": true,
        "featured": false,
        "descr": "Dinas Kominfo Sleman • sleman",
        "stream_url": "https://cctv.jogjaprov.go.id/cctv-proxy/cctv-kominfosleman/DPUSlemanBarat.stream/playlist.m3u8",
        "video_url": "https://cctv.jogjaprov.go.id/cctv-proxy/cctv-kominfosleman/DPUSlemanBarat.stream/playlist.m3u8",
        "cctv_link": "https://cctv.jogjaprov.go.id/cctv-proxy/cctv-kominfosleman/DPUSlemanBarat.stream/playlist.m3u8",
        "portal_url": "https://cctv.jogjaprov.go.id",
        "source_url": "https://cctv.jogjaprov.go.id/api/v1/location-pins?include=area,categories&filter%5Bhas_coords%5D=true&filter%5Bhas_slug%5D=true&filter%5Bevent_active%5D=true&filter%5Bdisabled%5D=false"
      },
      "geometry": {
        "type": "Point",
        "coordinates": [
          110.35985925,
          -7.71826872
        ]
      }
    },
    {
      "type": "Feature",
      "properties": {
        "id": "2138",
        "slug": "dpu-sleman-arah-timur",
        "name": "DPUSlemanTimur",
        "alias_name": "DPU Sleman (arah timur)",
        "group_name": "Dinas Kominfo Sleman",
        "pin_type": "cctv",
        "category": "sleman",
        "connected": true,
        "featured": false,
        "descr": "Dinas Kominfo Sleman • sleman",
        "stream_url": "https://cctv.jogjaprov.go.id/cctv-proxy/cctv-kominfosleman/DPUSlemanTimur.stream/playlist.m3u8",
        "video_url": "https://cctv.jogjaprov.go.id/cctv-proxy/cctv-kominfosleman/DPUSlemanTimur.stream/playlist.m3u8",
        "cctv_link": "https://cctv.jogjaprov.go.id/cctv-proxy/cctv-kominfosleman/DPUSlemanTimur.stream/playlist.m3u8",
        "portal_url": "https://cctv.jogjaprov.go.id",
        "source_url": "https://cctv.jogjaprov.go.id/api/v1/location-pins?include=area,categories&filter%5Bhas_coords%5D=true&filter%5Bhas_slug%5D=true&filter%5Bevent_active%5D=true&filter%5Bdisabled%5D=false"
      },
      "geometry": {
        "type": "Point",
        "coordinates": [
          110.35994255,
          -7.71820471
        ]
      }
    },
    {
      "type": "Feature",
      "properties": {
        "id": "2139",
        "slug": "jalanmerbabu",
        "name": "JalanMerbabu",
        "alias_name": "JalanMerbabu",
        "group_name": "Dinas Kominfo Sleman",
        "pin_type": "cctv",
        "category": "sleman",
        "connected": true,
        "featured": false,
        "descr": "Dinas Kominfo Sleman • sleman",
        "stream_url": "https://cctv.jogjaprov.go.id/cctv-proxy/cctv-kominfosleman/JalanMerbabu.stream/playlist.m3u8",
        "video_url": "https://cctv.jogjaprov.go.id/cctv-proxy/cctv-kominfosleman/JalanMerbabu.stream/playlist.m3u8",
        "cctv_link": "https://cctv.jogjaprov.go.id/cctv-proxy/cctv-kominfosleman/JalanMerbabu.stream/playlist.m3u8",
        "portal_url": "https://cctv.jogjaprov.go.id",
        "source_url": "https://cctv.jogjaprov.go.id/api/v1/location-pins?include=area,categories&filter%5Bhas_coords%5D=true&filter%5Bhas_slug%5D=true&filter%5Bevent_active%5D=true&filter%5Bdisabled%5D=false"
      },
      "geometry": {
        "type": "Point",
        "coordinates": [
          110.35987016,
          -7.71899861
        ]
      }
    },
    {
      "type": "Feature",
      "properties": {
        "id": "2141",
        "slug": "kalurahan-tirtoadi-arah-utara",
        "name": "KalurahanTirtoadiUtara",
        "alias_name": "Kalurahan Tirtoadi (arah utara)",
        "group_name": "Dinas Kominfo Sleman",
        "pin_type": "cctv",
        "category": "sleman",
        "connected": true,
        "featured": false,
        "descr": "Dinas Kominfo Sleman • sleman",
        "stream_url": "https://cctv.jogjaprov.go.id/cctv-proxy/cctv-kominfosleman/KalurahanTirtoadiUtara.stream/playlist.m3u8",
        "video_url": "https://cctv.jogjaprov.go.id/cctv-proxy/cctv-kominfosleman/KalurahanTirtoadiUtara.stream/playlist.m3u8",
        "cctv_link": "https://cctv.jogjaprov.go.id/cctv-proxy/cctv-kominfosleman/KalurahanTirtoadiUtara.stream/playlist.m3u8",
        "portal_url": "https://cctv.jogjaprov.go.id",
        "source_url": "https://cctv.jogjaprov.go.id/api/v1/location-pins?include=area,categories&filter%5Bhas_coords%5D=true&filter%5Bhas_slug%5D=true&filter%5Bevent_active%5D=true&filter%5Bdisabled%5D=false"
      },
      "geometry": {
        "type": "Point",
        "coordinates": [
          110.32366052,
          -7.7399778
        ]
      }
    },
    {
      "type": "Feature",
      "properties": {
        "id": "2142",
        "slug": "kalurahan-tirtoadi-arah-selatan",
        "name": "KalurahanTirtoadiSelatan",
        "alias_name": "Kalurahan Tirtoadi (arah selatan)",
        "group_name": "Dinas Kominfo Sleman",
        "pin_type": "cctv",
        "category": "sleman",
        "connected": true,
        "featured": false,
        "descr": "Dinas Kominfo Sleman • sleman",
        "stream_url": "https://cctv.jogjaprov.go.id/cctv-proxy/cctv-kominfosleman/KalurahanTirtoadiSelatan.stream/playlist.m3u8",
        "video_url": "https://cctv.jogjaprov.go.id/cctv-proxy/cctv-kominfosleman/KalurahanTirtoadiSelatan.stream/playlist.m3u8",
        "cctv_link": "https://cctv.jogjaprov.go.id/cctv-proxy/cctv-kominfosleman/KalurahanTirtoadiSelatan.stream/playlist.m3u8",
        "portal_url": "https://cctv.jogjaprov.go.id",
        "source_url": "https://cctv.jogjaprov.go.id/api/v1/location-pins?include=area,categories&filter%5Bhas_coords%5D=true&filter%5Bhas_slug%5D=true&filter%5Bevent_active%5D=true&filter%5Bdisabled%5D=false"
      },
      "geometry": {
        "type": "Point",
        "coordinates": [
          110.3235995,
          -7.74012398
        ]
      }
    },
    {
      "type": "Feature",
      "properties": {
        "id": "2143",
        "slug": "kalurahan-margokaton-arah-utara",
        "name": "KalurahanMargokatonUtara",
        "alias_name": "Kalurahan Margokaton (arah utara)",
        "group_name": "Dinas Kominfo Sleman",
        "pin_type": "cctv",
        "category": "sleman",
        "connected": true,
        "featured": false,
        "descr": "Dinas Kominfo Sleman • sleman",
        "stream_url": "https://cctv.jogjaprov.go.id/cctv-proxy/cctv-kominfosleman/KalurahanMargokatonUtara.stream/playlist.m3u8",
        "video_url": "https://cctv.jogjaprov.go.id/cctv-proxy/cctv-kominfosleman/KalurahanMargokatonUtara.stream/playlist.m3u8",
        "cctv_link": "https://cctv.jogjaprov.go.id/cctv-proxy/cctv-kominfosleman/KalurahanMargokatonUtara.stream/playlist.m3u8",
        "portal_url": "https://cctv.jogjaprov.go.id",
        "source_url": "https://cctv.jogjaprov.go.id/api/v1/location-pins?include=area,categories&filter%5Bhas_coords%5D=true&filter%5Bhas_slug%5D=true&filter%5Bevent_active%5D=true&filter%5Bdisabled%5D=false"
      },
      "geometry": {
        "type": "Point",
        "coordinates": [
          110.29003094,
          -7.71549498
        ]
      }
    },
    {
      "type": "Feature",
      "properties": {
        "id": "2144",
        "slug": "kalurahan-margokaton-arah-selatan",
        "name": "KalurahanMargokatonSelatan",
        "alias_name": "Kalurahan Margokaton (arah selatan)",
        "group_name": "Dinas Kominfo Sleman",
        "pin_type": "cctv",
        "category": "sleman",
        "connected": true,
        "featured": false,
        "descr": "Dinas Kominfo Sleman • sleman",
        "stream_url": "https://cctv.jogjaprov.go.id/cctv-proxy/cctv-kominfosleman/KalurahanMargokatonSelatan.stream/playlist.m3u8",
        "video_url": "https://cctv.jogjaprov.go.id/cctv-proxy/cctv-kominfosleman/KalurahanMargokatonSelatan.stream/playlist.m3u8",
        "cctv_link": "https://cctv.jogjaprov.go.id/cctv-proxy/cctv-kominfosleman/KalurahanMargokatonSelatan.stream/playlist.m3u8",
        "portal_url": "https://cctv.jogjaprov.go.id",
        "source_url": "https://cctv.jogjaprov.go.id/api/v1/location-pins?include=area,categories&filter%5Bhas_coords%5D=true&filter%5Bhas_slug%5D=true&filter%5Bevent_active%5D=true&filter%5Bdisabled%5D=false"
      },
      "geometry": {
        "type": "Point",
        "coordinates": [
          110.28982708,
          -7.71562402
        ]
      }
    },
    {
      "type": "Feature",
      "properties": {
        "id": "2148",
        "slug": "kalurahanbanyurejoselatan",
        "name": "KalurahanBanyurejoSelatan",
        "alias_name": "KalurahanBanyurejoSelatan",
        "group_name": "Dinas Kominfo Sleman",
        "pin_type": "cctv",
        "category": "sleman",
        "connected": true,
        "featured": false,
        "descr": "Dinas Kominfo Sleman • sleman",
        "stream_url": "https://cctv.jogjaprov.go.id/cctv-proxy/cctv-kominfosleman/KalurahanBanyurejoSelatan.stream/playlist.m3u8",
        "video_url": "https://cctv.jogjaprov.go.id/cctv-proxy/cctv-kominfosleman/KalurahanBanyurejoSelatan.stream/playlist.m3u8",
        "cctv_link": "https://cctv.jogjaprov.go.id/cctv-proxy/cctv-kominfosleman/KalurahanBanyurejoSelatan.stream/playlist.m3u8",
        "portal_url": "https://cctv.jogjaprov.go.id",
        "source_url": "https://cctv.jogjaprov.go.id/api/v1/location-pins?include=area,categories&filter%5Bhas_coords%5D=true&filter%5Bhas_slug%5D=true&filter%5Bevent_active%5D=true&filter%5Bdisabled%5D=false"
      },
      "geometry": {
        "type": "Point",
        "coordinates": [
          110.28842112,
          -7.70085175
        ]
      }
    },
    {
      "type": "Feature",
      "properties": {
        "id": "2149",
        "slug": "kalurahanbanyurejoutara",
        "name": "KalurahanBanyurejoUtara",
        "alias_name": "KalurahanBanyurejoUtara",
        "group_name": "Dinas Kominfo Sleman",
        "pin_type": "cctv",
        "category": "sleman",
        "connected": true,
        "featured": false,
        "descr": "Dinas Kominfo Sleman • sleman",
        "stream_url": "https://cctv.jogjaprov.go.id/cctv-proxy/cctv-kominfosleman/KalurahanBanyurejoUtara.stream/playlist.m3u8",
        "video_url": "https://cctv.jogjaprov.go.id/cctv-proxy/cctv-kominfosleman/KalurahanBanyurejoUtara.stream/playlist.m3u8",
        "cctv_link": "https://cctv.jogjaprov.go.id/cctv-proxy/cctv-kominfosleman/KalurahanBanyurejoUtara.stream/playlist.m3u8",
        "portal_url": "https://cctv.jogjaprov.go.id",
        "source_url": "https://cctv.jogjaprov.go.id/api/v1/location-pins?include=area,categories&filter%5Bhas_coords%5D=true&filter%5Bhas_slug%5D=true&filter%5Bevent_active%5D=true&filter%5Bdisabled%5D=false"
      },
      "geometry": {
        "type": "Point",
        "coordinates": [
          110.28841472,
          -7.70089158
        ]
      }
    },
    {
      "type": "Feature",
      "properties": {
        "id": "2150",
        "slug": "kalurahanselomartaniutara",
        "name": "KalurahanSelomartaniUtara",
        "alias_name": "KalurahanSelomartaniUtara",
        "group_name": "Dinas Kominfo Sleman",
        "pin_type": "cctv",
        "category": "sleman",
        "connected": true,
        "featured": false,
        "descr": "Dinas Kominfo Sleman • sleman",
        "stream_url": "https://cctv.jogjaprov.go.id/cctv-proxy/cctv-kominfosleman/KalurahanSelomartaniUtara.stream/playlist.m3u8",
        "video_url": "https://cctv.jogjaprov.go.id/cctv-proxy/cctv-kominfosleman/KalurahanSelomartaniUtara.stream/playlist.m3u8",
        "cctv_link": "https://cctv.jogjaprov.go.id/cctv-proxy/cctv-kominfosleman/KalurahanSelomartaniUtara.stream/playlist.m3u8",
        "portal_url": "https://cctv.jogjaprov.go.id",
        "source_url": "https://cctv.jogjaprov.go.id/api/v1/location-pins?include=area,categories&filter%5Bhas_coords%5D=true&filter%5Bhas_slug%5D=true&filter%5Bevent_active%5D=true&filter%5Bdisabled%5D=false"
      },
      "geometry": {
        "type": "Point",
        "coordinates": [
          110.46067007,
          -7.7320635
        ]
      }
    },
    {
      "type": "Feature",
      "properties": {
        "id": "2151",
        "slug": "kalurahanselomartaniselatan",
        "name": "KalurahanSelomartaniSelatan",
        "alias_name": "KalurahanSelomartaniSelatan",
        "group_name": "Dinas Kominfo Sleman",
        "pin_type": "cctv",
        "category": "sleman",
        "connected": true,
        "featured": false,
        "descr": "Dinas Kominfo Sleman • sleman",
        "stream_url": "https://cctv.jogjaprov.go.id/cctv-proxy/cctv-kominfosleman/KalurahanSelomartaniSelatan.stream/playlist.m3u8",
        "video_url": "https://cctv.jogjaprov.go.id/cctv-proxy/cctv-kominfosleman/KalurahanSelomartaniSelatan.stream/playlist.m3u8",
        "cctv_link": "https://cctv.jogjaprov.go.id/cctv-proxy/cctv-kominfosleman/KalurahanSelomartaniSelatan.stream/playlist.m3u8",
        "portal_url": "https://cctv.jogjaprov.go.id",
        "source_url": "https://cctv.jogjaprov.go.id/api/v1/location-pins?include=area,categories&filter%5Bhas_coords%5D=true&filter%5Bhas_slug%5D=true&filter%5Bevent_active%5D=true&filter%5Bdisabled%5D=false"
      },
      "geometry": {
        "type": "Point",
        "coordinates": [
          110.46074518,
          -7.73213792
        ]
      }
    },
    {
      "type": "Feature",
      "properties": {
        "id": "2153",
        "slug": "perempatanpatran",
        "name": "PerempatanPatran",
        "alias_name": "PerempatanPatran",
        "group_name": "Dinas Kominfo Sleman",
        "pin_type": "cctv",
        "category": "sleman",
        "connected": true,
        "featured": false,
        "descr": "Dinas Kominfo Sleman • sleman",
        "stream_url": "https://cctv.jogjaprov.go.id/cctv-proxy/cctv-kominfosleman/PerempatanPatran.stream/playlist.m3u8",
        "video_url": "https://cctv.jogjaprov.go.id/cctv-proxy/cctv-kominfosleman/PerempatanPatran.stream/playlist.m3u8",
        "cctv_link": "https://cctv.jogjaprov.go.id/cctv-proxy/cctv-kominfosleman/PerempatanPatran.stream/playlist.m3u8",
        "portal_url": "https://cctv.jogjaprov.go.id",
        "source_url": "https://cctv.jogjaprov.go.id/api/v1/location-pins?include=area,categories&filter%5Bhas_coords%5D=true&filter%5Bhas_slug%5D=true&filter%5Bevent_active%5D=true&filter%5Bdisabled%5D=false"
      },
      "geometry": {
        "type": "Point",
        "coordinates": [
          110.34101216,
          -7.77918131
        ]
      }
    },
    {
      "type": "Feature",
      "properties": {
        "id": "2155",
        "slug": "simpang-tajem",
        "name": "PerempatanTajem",
        "alias_name": "Simpang Tajem",
        "group_name": "Dinas Kominfo Sleman",
        "pin_type": "cctv",
        "category": "sleman",
        "connected": true,
        "featured": false,
        "descr": "Dinas Kominfo Sleman • sleman",
        "stream_url": "https://cctv.jogjaprov.go.id/cctv-proxy/cctv-kominfosleman/PerempatanTajem.stream/playlist.m3u8",
        "video_url": "https://cctv.jogjaprov.go.id/cctv-proxy/cctv-kominfosleman/PerempatanTajem.stream/playlist.m3u8",
        "cctv_link": "https://cctv.jogjaprov.go.id/cctv-proxy/cctv-kominfosleman/PerempatanTajem.stream/playlist.m3u8",
        "portal_url": "https://cctv.jogjaprov.go.id",
        "source_url": "https://cctv.jogjaprov.go.id/api/v1/location-pins?include=area,categories&filter%5Bhas_coords%5D=true&filter%5Bhas_slug%5D=true&filter%5Bevent_active%5D=true&filter%5Bdisabled%5D=false"
      },
      "geometry": {
        "type": "Point",
        "coordinates": [
          110.43421237,
          -7.75111361
        ]
      }
    },
    {
      "type": "Feature",
      "properties": {
        "id": "2156",
        "slug": "simpang-pasar-stan",
        "name": "PerempatanStan",
        "alias_name": "Simpang Pasar Stan",
        "group_name": "Dinas Kominfo Sleman",
        "pin_type": "cctv",
        "category": "sleman",
        "connected": true,
        "featured": false,
        "descr": "Dinas Kominfo Sleman • sleman",
        "stream_url": "https://cctv.jogjaprov.go.id/cctv-proxy/cctv-kominfosleman/PerempatanStan.stream/playlist.m3u8",
        "video_url": "https://cctv.jogjaprov.go.id/cctv-proxy/cctv-kominfosleman/PerempatanStan.stream/playlist.m3u8",
        "cctv_link": "https://cctv.jogjaprov.go.id/cctv-proxy/cctv-kominfosleman/PerempatanStan.stream/playlist.m3u8",
        "portal_url": "https://cctv.jogjaprov.go.id",
        "source_url": "https://cctv.jogjaprov.go.id/api/v1/location-pins?include=area,categories&filter%5Bhas_coords%5D=true&filter%5Bhas_slug%5D=true&filter%5Bevent_active%5D=true&filter%5Bdisabled%5D=false"
      },
      "geometry": {
        "type": "Point",
        "coordinates": [
          110.43267824,
          -7.76155874
        ]
      }
    },
    {
      "type": "Feature",
      "properties": {
        "id": "2157",
        "slug": "patung-elang-stadion-maguwoharjo-arah-timur",
        "name": "PatungElangStadionMaguwoharjo1",
        "alias_name": "Patung Elang Stadion Maguwoharjo (arah timur)",
        "group_name": "Dinas Kominfo Sleman",
        "pin_type": "cctv",
        "category": "sleman",
        "connected": true,
        "featured": false,
        "descr": "Dinas Kominfo Sleman • sleman",
        "stream_url": "https://cctv.jogjaprov.go.id/cctv-proxy/cctv-kominfosleman/PatungElangStadionMaguwoharjo1.stream/playlist.m3u8",
        "video_url": "https://cctv.jogjaprov.go.id/cctv-proxy/cctv-kominfosleman/PatungElangStadionMaguwoharjo1.stream/playlist.m3u8",
        "cctv_link": "https://cctv.jogjaprov.go.id/cctv-proxy/cctv-kominfosleman/PatungElangStadionMaguwoharjo1.stream/playlist.m3u8",
        "portal_url": "https://cctv.jogjaprov.go.id",
        "source_url": "https://cctv.jogjaprov.go.id/api/v1/location-pins?include=area,categories&filter%5Bhas_coords%5D=true&filter%5Bhas_slug%5D=true&filter%5Bevent_active%5D=true&filter%5Bdisabled%5D=false"
      },
      "geometry": {
        "type": "Point",
        "coordinates": [
          110.42222882,
          -7.75032609
        ]
      }
    },
    {
      "type": "Feature",
      "properties": {
        "id": "2158",
        "slug": "patung-elang-stadion-maguwoharjo-arah-barat",
        "name": "PatungElangStadionMaguwoharjo2",
        "alias_name": "Patung Elang Stadion Maguwoharjo (arah barat)",
        "group_name": "Dinas Kominfo Sleman",
        "pin_type": "cctv",
        "category": "sleman",
        "connected": true,
        "featured": false,
        "descr": "Dinas Kominfo Sleman • sleman",
        "stream_url": "https://cctv.jogjaprov.go.id/cctv-proxy/cctv-kominfosleman/PatungElangStadionMaguwoharjo2.stream/playlist.m3u8",
        "video_url": "https://cctv.jogjaprov.go.id/cctv-proxy/cctv-kominfosleman/PatungElangStadionMaguwoharjo2.stream/playlist.m3u8",
        "cctv_link": "https://cctv.jogjaprov.go.id/cctv-proxy/cctv-kominfosleman/PatungElangStadionMaguwoharjo2.stream/playlist.m3u8",
        "portal_url": "https://cctv.jogjaprov.go.id",
        "source_url": "https://cctv.jogjaprov.go.id/api/v1/location-pins?include=area,categories&filter%5Bhas_coords%5D=true&filter%5Bhas_slug%5D=true&filter%5Bevent_active%5D=true&filter%5Bdisabled%5D=false"
      },
      "geometry": {
        "type": "Point",
        "coordinates": [
          110.42276825,
          -7.75040838
        ]
      }
    },
    {
      "type": "Feature",
      "properties": {
        "id": "2159",
        "slug": "pertigaan-stadion-maguwoharjo-arah-timur2",
        "name": "PertigaanStadionMaguwoharjo2",
        "alias_name": "Pertigaan Stadion Maguwoharjo (arah timur2)",
        "group_name": "Dinas Kominfo Sleman",
        "pin_type": "cctv",
        "category": "sleman",
        "connected": true,
        "featured": false,
        "descr": "Dinas Kominfo Sleman • sleman",
        "stream_url": "https://cctv.jogjaprov.go.id/cctv-proxy/cctv-kominfosleman/PertigaanStadionMaguwoharjo2.stream/playlist.m3u8",
        "video_url": "https://cctv.jogjaprov.go.id/cctv-proxy/cctv-kominfosleman/PertigaanStadionMaguwoharjo2.stream/playlist.m3u8",
        "cctv_link": "https://cctv.jogjaprov.go.id/cctv-proxy/cctv-kominfosleman/PertigaanStadionMaguwoharjo2.stream/playlist.m3u8",
        "portal_url": "https://cctv.jogjaprov.go.id",
        "source_url": "https://cctv.jogjaprov.go.id/api/v1/location-pins?include=area,categories&filter%5Bhas_coords%5D=true&filter%5Bhas_slug%5D=true&filter%5Bevent_active%5D=true&filter%5Bdisabled%5D=false"
      },
      "geometry": {
        "type": "Point",
        "coordinates": [
          110.41959457,
          -7.74976222
        ]
      }
    },
    {
      "type": "Feature",
      "properties": {
        "id": "2160",
        "slug": "pertigaan-stadion-maguwoharjo-arah-timur",
        "name": "PertigaanStadionMaguwoharjo1",
        "alias_name": "Pertigaan Stadion Maguwoharjo (arah timur)",
        "group_name": "Dinas Kominfo Sleman",
        "pin_type": "cctv",
        "category": "sleman",
        "connected": true,
        "featured": false,
        "descr": "Dinas Kominfo Sleman • sleman",
        "stream_url": "https://cctv.jogjaprov.go.id/cctv-proxy/cctv-kominfosleman/PertigaanStadionMaguwoharjo1.stream/playlist.m3u8",
        "video_url": "https://cctv.jogjaprov.go.id/cctv-proxy/cctv-kominfosleman/PertigaanStadionMaguwoharjo1.stream/playlist.m3u8",
        "cctv_link": "https://cctv.jogjaprov.go.id/cctv-proxy/cctv-kominfosleman/PertigaanStadionMaguwoharjo1.stream/playlist.m3u8",
        "portal_url": "https://cctv.jogjaprov.go.id",
        "source_url": "https://cctv.jogjaprov.go.id/api/v1/location-pins?include=area,categories&filter%5Bhas_coords%5D=true&filter%5Bhas_slug%5D=true&filter%5Bevent_active%5D=true&filter%5Bdisabled%5D=false"
      },
      "geometry": {
        "type": "Point",
        "coordinates": [
          110.41975679,
          -7.74992479
        ]
      }
    },
    {
      "type": "Feature",
      "properties": {
        "id": "2161",
        "slug": "pertigaan-stadion-maguwoharjo-arah-selatan",
        "name": "PertigaanStadionMaguwoharjo4",
        "alias_name": "Pertigaan Stadion Maguwoharjo (arah selatan)",
        "group_name": "Dinas Kominfo Sleman",
        "pin_type": "cctv",
        "category": "sleman",
        "connected": true,
        "featured": false,
        "descr": "Dinas Kominfo Sleman • sleman",
        "stream_url": "https://cctv.jogjaprov.go.id/cctv-proxy/cctv-kominfosleman/PertigaanStadionMaguwoharjo4.stream/playlist.m3u8",
        "video_url": "https://cctv.jogjaprov.go.id/cctv-proxy/cctv-kominfosleman/PertigaanStadionMaguwoharjo4.stream/playlist.m3u8",
        "cctv_link": "https://cctv.jogjaprov.go.id/cctv-proxy/cctv-kominfosleman/PertigaanStadionMaguwoharjo4.stream/playlist.m3u8",
        "portal_url": "https://cctv.jogjaprov.go.id",
        "source_url": "https://cctv.jogjaprov.go.id/api/v1/location-pins?include=area,categories&filter%5Bhas_coords%5D=true&filter%5Bhas_slug%5D=true&filter%5Bevent_active%5D=true&filter%5Bdisabled%5D=false"
      },
      "geometry": {
        "type": "Point",
        "coordinates": [
          110.41947559,
          -7.74990731
        ]
      }
    },
    {
      "type": "Feature",
      "properties": {
        "id": "2162",
        "slug": "pertigaan-stadion-maguwoharjo-arah-utara",
        "name": "PertigaanStadionMaguwoharjo3",
        "alias_name": "Pertigaan Stadion Maguwoharjo (arah utara)",
        "group_name": "Dinas Kominfo Sleman",
        "pin_type": "cctv",
        "category": "sleman",
        "connected": true,
        "featured": false,
        "descr": "Dinas Kominfo Sleman • sleman",
        "stream_url": "https://cctv.jogjaprov.go.id/cctv-proxy/cctv-kominfosleman/PertigaanStadionMaguwoharjo3.stream/playlist.m3u8",
        "video_url": "https://cctv.jogjaprov.go.id/cctv-proxy/cctv-kominfosleman/PertigaanStadionMaguwoharjo3.stream/playlist.m3u8",
        "cctv_link": "https://cctv.jogjaprov.go.id/cctv-proxy/cctv-kominfosleman/PertigaanStadionMaguwoharjo3.stream/playlist.m3u8",
        "portal_url": "https://cctv.jogjaprov.go.id",
        "source_url": "https://cctv.jogjaprov.go.id/api/v1/location-pins?include=area,categories&filter%5Bhas_coords%5D=true&filter%5Bhas_slug%5D=true&filter%5Bevent_active%5D=true&filter%5Bdisabled%5D=false"
      },
      "geometry": {
        "type": "Point",
        "coordinates": [
          110.41949014,
          -7.74958222
        ]
      }
    },
    {
      "type": "Feature",
      "properties": {
        "id": "2163",
        "slug": "halaman-stadion-maguwoharjo",
        "name": "StadionMaguwoharjoHalaman",
        "alias_name": "Halaman Stadion Maguwoharjo",
        "group_name": "Dinas Kominfo Sleman",
        "pin_type": "cctv",
        "category": "sleman",
        "connected": true,
        "featured": false,
        "descr": "Dinas Kominfo Sleman • sleman",
        "stream_url": "https://cctv.jogjaprov.go.id/cctv-proxy/cctv-kominfosleman/StadionMaguwoharjoHalaman.stream/playlist.m3u8",
        "video_url": "https://cctv.jogjaprov.go.id/cctv-proxy/cctv-kominfosleman/StadionMaguwoharjoHalaman.stream/playlist.m3u8",
        "cctv_link": "https://cctv.jogjaprov.go.id/cctv-proxy/cctv-kominfosleman/StadionMaguwoharjoHalaman.stream/playlist.m3u8",
        "portal_url": "https://cctv.jogjaprov.go.id",
        "source_url": "https://cctv.jogjaprov.go.id/api/v1/location-pins?include=area,categories&filter%5Bhas_coords%5D=true&filter%5Bhas_slug%5D=true&filter%5Bevent_active%5D=true&filter%5Bdisabled%5D=false"
      },
      "geometry": {
        "type": "Point",
        "coordinates": [
          110.41930151,
          -7.74978488
        ]
      }
    },
    {
      "type": "Feature",
      "properties": {
        "id": "2164",
        "slug": "babarsari1",
        "name": "Babarsari1",
        "alias_name": "Babarsari1",
        "group_name": "Dinas Kominfo Sleman",
        "pin_type": "cctv",
        "category": "sleman",
        "connected": true,
        "featured": false,
        "descr": "Dinas Kominfo Sleman • sleman",
        "stream_url": "https://cctv.jogjaprov.go.id/cctv-proxy/cctv-kominfosleman/Babarsari1.stream/playlist.m3u8",
        "video_url": "https://cctv.jogjaprov.go.id/cctv-proxy/cctv-kominfosleman/Babarsari1.stream/playlist.m3u8",
        "cctv_link": "https://cctv.jogjaprov.go.id/cctv-proxy/cctv-kominfosleman/Babarsari1.stream/playlist.m3u8",
        "portal_url": "https://cctv.jogjaprov.go.id",
        "source_url": "https://cctv.jogjaprov.go.id/api/v1/location-pins?include=area,categories&filter%5Bhas_coords%5D=true&filter%5Bhas_slug%5D=true&filter%5Bevent_active%5D=true&filter%5Bdisabled%5D=false"
      },
      "geometry": {
        "type": "Point",
        "coordinates": [
          110.41590941,
          -7.77423903
        ]
      }
    },
    {
      "type": "Feature",
      "properties": {
        "id": "2165",
        "slug": "babarsari2",
        "name": "Babarsari2",
        "alias_name": "Babarsari2",
        "group_name": "Dinas Kominfo Sleman",
        "pin_type": "cctv",
        "category": "sleman",
        "connected": true,
        "featured": false,
        "descr": "Dinas Kominfo Sleman • sleman",
        "stream_url": "https://cctv.jogjaprov.go.id/cctv-proxy/cctv-kominfosleman/Babarsari2.stream/playlist.m3u8",
        "video_url": "https://cctv.jogjaprov.go.id/cctv-proxy/cctv-kominfosleman/Babarsari2.stream/playlist.m3u8",
        "cctv_link": "https://cctv.jogjaprov.go.id/cctv-proxy/cctv-kominfosleman/Babarsari2.stream/playlist.m3u8",
        "portal_url": "https://cctv.jogjaprov.go.id",
        "source_url": "https://cctv.jogjaprov.go.id/api/v1/location-pins?include=area,categories&filter%5Bhas_coords%5D=true&filter%5Bhas_slug%5D=true&filter%5Bevent_active%5D=true&filter%5Bdisabled%5D=false"
      },
      "geometry": {
        "type": "Point",
        "coordinates": [
          110.41581745,
          -7.77423129
        ]
      }
    },
    {
      "type": "Feature",
      "properties": {
        "id": "2166",
        "slug": "simpang-kronggahan",
        "name": "SimpangKronggahan",
        "alias_name": "Simpang Kronggahan",
        "group_name": "Dinas Kominfo Sleman",
        "pin_type": "cctv",
        "category": "sleman",
        "connected": true,
        "featured": false,
        "descr": "Dinas Kominfo Sleman • sleman",
        "stream_url": "https://cctv.jogjaprov.go.id/cctv-proxy/cctv-kominfosleman/SimpangKronggahan.stream/playlist.m3u8",
        "video_url": "https://cctv.jogjaprov.go.id/cctv-proxy/cctv-kominfosleman/SimpangKronggahan.stream/playlist.m3u8",
        "cctv_link": "https://cctv.jogjaprov.go.id/cctv-proxy/cctv-kominfosleman/SimpangKronggahan.stream/playlist.m3u8",
        "portal_url": "https://cctv.jogjaprov.go.id",
        "source_url": "https://cctv.jogjaprov.go.id/api/v1/location-pins?include=area,categories&filter%5Bhas_coords%5D=true&filter%5Bhas_slug%5D=true&filter%5Bevent_active%5D=true&filter%5Bdisabled%5D=false"
      },
      "geometry": {
        "type": "Point",
        "coordinates": [
          110.34935724,
          -7.74512346
        ]
      }
    },
    {
      "type": "Feature",
      "properties": {
        "id": "2167",
        "slug": "simpang-cebongan-arah-timur",
        "name": "SimpangKronggahan1",
        "alias_name": "Simpang Cebongan (arah Timur)",
        "group_name": "Dinas Kominfo Sleman",
        "pin_type": "cctv",
        "category": "sleman",
        "connected": true,
        "featured": false,
        "descr": "Dinas Kominfo Sleman • sleman",
        "stream_url": "https://cctv.jogjaprov.go.id/cctv-proxy/cctv-kominfosleman/SimpangKronggahan1.stream/playlist.m3u8",
        "video_url": "https://cctv.jogjaprov.go.id/cctv-proxy/cctv-kominfosleman/SimpangKronggahan1.stream/playlist.m3u8",
        "cctv_link": "https://cctv.jogjaprov.go.id/cctv-proxy/cctv-kominfosleman/SimpangKronggahan1.stream/playlist.m3u8",
        "portal_url": "https://cctv.jogjaprov.go.id",
        "source_url": "https://cctv.jogjaprov.go.id/api/v1/location-pins?include=area,categories&filter%5Bhas_coords%5D=true&filter%5Bhas_slug%5D=true&filter%5Bevent_active%5D=true&filter%5Bdisabled%5D=false"
      },
      "geometry": {
        "type": "Point",
        "coordinates": [
          110.35196533,
          -7.73775182
        ]
      }
    },
    {
      "type": "Feature",
      "properties": {
        "id": "2168",
        "slug": "simpang-cebongan-arah-utara",
        "name": "SimpangKronggahan2",
        "alias_name": "Simpang Cebongan (arah Utara)",
        "group_name": "Dinas Kominfo Sleman",
        "pin_type": "cctv",
        "category": "sleman",
        "connected": true,
        "featured": false,
        "descr": "Dinas Kominfo Sleman • sleman",
        "stream_url": "https://cctv.jogjaprov.go.id/cctv-proxy/cctv-kominfosleman/SimpangKronggahan2.stream/playlist.m3u8",
        "video_url": "https://cctv.jogjaprov.go.id/cctv-proxy/cctv-kominfosleman/SimpangKronggahan2.stream/playlist.m3u8",
        "cctv_link": "https://cctv.jogjaprov.go.id/cctv-proxy/cctv-kominfosleman/SimpangKronggahan2.stream/playlist.m3u8",
        "portal_url": "https://cctv.jogjaprov.go.id",
        "source_url": "https://cctv.jogjaprov.go.id/api/v1/location-pins?include=area,categories&filter%5Bhas_coords%5D=true&filter%5Bhas_slug%5D=true&filter%5Bevent_active%5D=true&filter%5Bdisabled%5D=false"
      },
      "geometry": {
        "type": "Point",
        "coordinates": [
          110.35155774,
          -7.73763331
        ]
      }
    },
    {
      "type": "Feature",
      "properties": {
        "id": "2169",
        "slug": "depan-smp-2-berbah",
        "name": "DepanSMP2Berbah",
        "alias_name": "Depan SMP 2 Berbah",
        "group_name": "Dinas Kominfo Sleman",
        "pin_type": "cctv",
        "category": "sleman",
        "connected": true,
        "featured": false,
        "descr": "Dinas Kominfo Sleman • sleman",
        "stream_url": "https://cctv.jogjaprov.go.id/cctv-proxy/cctv-kominfosleman/DepanSMP2Berbah.stream/playlist.m3u8",
        "video_url": "https://cctv.jogjaprov.go.id/cctv-proxy/cctv-kominfosleman/DepanSMP2Berbah.stream/playlist.m3u8",
        "cctv_link": "https://cctv.jogjaprov.go.id/cctv-proxy/cctv-kominfosleman/DepanSMP2Berbah.stream/playlist.m3u8",
        "portal_url": "https://cctv.jogjaprov.go.id",
        "source_url": "https://cctv.jogjaprov.go.id/api/v1/location-pins?include=area,categories&filter%5Bhas_coords%5D=true&filter%5Bhas_slug%5D=true&filter%5Bevent_active%5D=true&filter%5Bdisabled%5D=false"
      },
      "geometry": {
        "type": "Point",
        "coordinates": [
          110.44448052,
          -7.80458912
        ]
      }
    },
    {
      "type": "Feature",
      "properties": {
        "id": "2170",
        "slug": "depan-smp-2-berbah-arah-timur",
        "name": "DepanSMP2BerbahTimur",
        "alias_name": "Depan SMP 2 Berbah (arah timur)",
        "group_name": "Dinas Kominfo Sleman",
        "pin_type": "cctv",
        "category": "sleman",
        "connected": true,
        "featured": false,
        "descr": "Dinas Kominfo Sleman • sleman",
        "stream_url": "https://cctv.jogjaprov.go.id/cctv-proxy/cctv-kominfosleman/DepanSMP2BerbahTimur.stream/playlist.m3u8",
        "video_url": "https://cctv.jogjaprov.go.id/cctv-proxy/cctv-kominfosleman/DepanSMP2BerbahTimur.stream/playlist.m3u8",
        "cctv_link": "https://cctv.jogjaprov.go.id/cctv-proxy/cctv-kominfosleman/DepanSMP2BerbahTimur.stream/playlist.m3u8",
        "portal_url": "https://cctv.jogjaprov.go.id",
        "source_url": "https://cctv.jogjaprov.go.id/api/v1/location-pins?include=area,categories&filter%5Bhas_coords%5D=true&filter%5Bhas_slug%5D=true&filter%5Bevent_active%5D=true&filter%5Bdisabled%5D=false"
      },
      "geometry": {
        "type": "Point",
        "coordinates": [
          110.44459052,
          -7.80460073
        ]
      }
    },
    {
      "type": "Feature",
      "properties": {
        "id": "2171",
        "slug": "kapanewonminggir",
        "name": "KapanewonMinggir",
        "alias_name": "KapanewonMinggir",
        "group_name": "Dinas Kominfo Sleman",
        "pin_type": "cctv",
        "category": "sleman",
        "connected": true,
        "featured": false,
        "descr": "Dinas Kominfo Sleman • sleman",
        "stream_url": "https://cctv.jogjaprov.go.id/cctv-proxy/cctv-kominfosleman/KapanewonMinggir.stream/playlist.m3u8",
        "video_url": "https://cctv.jogjaprov.go.id/cctv-proxy/cctv-kominfosleman/KapanewonMinggir.stream/playlist.m3u8",
        "cctv_link": "https://cctv.jogjaprov.go.id/cctv-proxy/cctv-kominfosleman/KapanewonMinggir.stream/playlist.m3u8",
        "portal_url": "https://cctv.jogjaprov.go.id",
        "source_url": "https://cctv.jogjaprov.go.id/api/v1/location-pins?include=area,categories&filter%5Bhas_coords%5D=true&filter%5Bhas_slug%5D=true&filter%5Bevent_active%5D=true&filter%5Bdisabled%5D=false"
      },
      "geometry": {
        "type": "Point",
        "coordinates": [
          110.23507496,
          -7.72569009
        ]
      }
    },
    {
      "type": "Feature",
      "properties": {
        "id": "2172",
        "slug": "simpang-jambon-selatan-beringin",
        "name": "SimpangJambon1",
        "alias_name": "Simpang Jambon (selatan beringin)",
        "group_name": "Dinas Kominfo Sleman",
        "pin_type": "cctv",
        "category": "sleman",
        "connected": true,
        "featured": false,
        "descr": "Dinas Kominfo Sleman • sleman",
        "stream_url": "https://cctv.jogjaprov.go.id/cctv-proxy/cctv-kominfosleman/SimpangJambon1.stream/playlist.m3u8",
        "video_url": "https://cctv.jogjaprov.go.id/cctv-proxy/cctv-kominfosleman/SimpangJambon1.stream/playlist.m3u8",
        "cctv_link": "https://cctv.jogjaprov.go.id/cctv-proxy/cctv-kominfosleman/SimpangJambon1.stream/playlist.m3u8",
        "portal_url": "https://cctv.jogjaprov.go.id",
        "source_url": "https://cctv.jogjaprov.go.id/api/v1/location-pins?include=area,categories&filter%5Bhas_coords%5D=true&filter%5Bhas_slug%5D=true&filter%5Bevent_active%5D=true&filter%5Bdisabled%5D=false"
      },
      "geometry": {
        "type": "Point",
        "coordinates": [
          110.34545887,
          -7.76176412
        ]
      }
    },
    {
      "type": "Feature",
      "properties": {
        "id": "2173",
        "slug": "simpang-jambon-barat-beringin",
        "name": "SimpangJambon2",
        "alias_name": "Simpang Jambon (barat beringin)",
        "group_name": "Dinas Kominfo Sleman",
        "pin_type": "cctv",
        "category": "sleman",
        "connected": true,
        "featured": false,
        "descr": "Dinas Kominfo Sleman • sleman",
        "stream_url": "https://cctv.jogjaprov.go.id/cctv-proxy/cctv-kominfosleman/SimpangJambon2.stream/playlist.m3u8",
        "video_url": "https://cctv.jogjaprov.go.id/cctv-proxy/cctv-kominfosleman/SimpangJambon2.stream/playlist.m3u8",
        "cctv_link": "https://cctv.jogjaprov.go.id/cctv-proxy/cctv-kominfosleman/SimpangJambon2.stream/playlist.m3u8",
        "portal_url": "https://cctv.jogjaprov.go.id",
        "source_url": "https://cctv.jogjaprov.go.id/api/v1/location-pins?include=area,categories&filter%5Bhas_coords%5D=true&filter%5Bhas_slug%5D=true&filter%5Bevent_active%5D=true&filter%5Bdisabled%5D=false"
      },
      "geometry": {
        "type": "Point",
        "coordinates": [
          110.34530803,
          -7.76196143
        ]
      }
    },
    {
      "type": "Feature",
      "properties": {
        "id": "2174",
        "slug": "depanpuskesmascangkringanbarat",
        "name": "DepanPuskesmasCangkringanBarat",
        "alias_name": "DepanPuskesmasCangkringanBarat",
        "group_name": "Dinas Kominfo Sleman",
        "pin_type": "cctv",
        "category": "sleman",
        "connected": true,
        "featured": false,
        "descr": "Dinas Kominfo Sleman • sleman",
        "stream_url": "https://cctv.jogjaprov.go.id/cctv-proxy/cctv-kominfosleman/DepanPuskesmasCangkringanBarat.stream/playlist.m3u8",
        "video_url": "https://cctv.jogjaprov.go.id/cctv-proxy/cctv-kominfosleman/DepanPuskesmasCangkringanBarat.stream/playlist.m3u8",
        "cctv_link": "https://cctv.jogjaprov.go.id/cctv-proxy/cctv-kominfosleman/DepanPuskesmasCangkringanBarat.stream/playlist.m3u8",
        "portal_url": "https://cctv.jogjaprov.go.id",
        "source_url": "https://cctv.jogjaprov.go.id/api/v1/location-pins?include=area,categories&filter%5Bhas_coords%5D=true&filter%5Bhas_slug%5D=true&filter%5Bevent_active%5D=true&filter%5Bdisabled%5D=false"
      },
      "geometry": {
        "type": "Point",
        "coordinates": [
          110.45651456,
          -7.66492934
        ]
      }
    },
    {
      "type": "Feature",
      "properties": {
        "id": "2175",
        "slug": "depanpuskesmascangkringantimur",
        "name": "DepanPuskesmasCangkringanTimur",
        "alias_name": "DepanPuskesmasCangkringanTimur",
        "group_name": "Dinas Kominfo Sleman",
        "pin_type": "cctv",
        "category": "sleman",
        "connected": true,
        "featured": false,
        "descr": "Dinas Kominfo Sleman • sleman",
        "stream_url": "https://cctv.jogjaprov.go.id/cctv-proxy/cctv-kominfosleman/DepanPuskesmasCangkringanTimur.stream/playlist.m3u8",
        "video_url": "https://cctv.jogjaprov.go.id/cctv-proxy/cctv-kominfosleman/DepanPuskesmasCangkringanTimur.stream/playlist.m3u8",
        "cctv_link": "https://cctv.jogjaprov.go.id/cctv-proxy/cctv-kominfosleman/DepanPuskesmasCangkringanTimur.stream/playlist.m3u8",
        "portal_url": "https://cctv.jogjaprov.go.id",
        "source_url": "https://cctv.jogjaprov.go.id/api/v1/location-pins?include=area,categories&filter%5Bhas_coords%5D=true&filter%5Bhas_slug%5D=true&filter%5Bevent_active%5D=true&filter%5Bdisabled%5D=false"
      },
      "geometry": {
        "type": "Point",
        "coordinates": [
          110.45651456,
          -7.66492934
        ]
      }
    },
    {
      "type": "Feature",
      "properties": {
        "id": "2176",
        "slug": "simpang-gedongan-sleman",
        "name": "SimpangGedonganSleman",
        "alias_name": "Simpang Gedongan Sleman",
        "group_name": "Dinas Kominfo Sleman",
        "pin_type": "cctv",
        "category": "sleman",
        "connected": false,
        "featured": false,
        "descr": "Dinas Kominfo Sleman • sleman",
        "stream_url": "https://cctv.jogjaprov.go.id/cctv-proxy/cctv-kominfosleman/SimpangGedonganSleman.stream/playlist.m3u8",
        "video_url": "https://cctv.jogjaprov.go.id/cctv-proxy/cctv-kominfosleman/SimpangGedonganSleman.stream/playlist.m3u8",
        "cctv_link": "https://cctv.jogjaprov.go.id/cctv-proxy/cctv-kominfosleman/SimpangGedonganSleman.stream/playlist.m3u8",
        "portal_url": "https://cctv.jogjaprov.go.id",
        "source_url": "https://cctv.jogjaprov.go.id/api/v1/location-pins?include=area,categories&filter%5Bhas_coords%5D=true&filter%5Bhas_slug%5D=true&filter%5Bevent_active%5D=true&filter%5Bdisabled%5D=false"
      },
      "geometry": {
        "type": "Point",
        "coordinates": [
          110.25733966,
          -7.75959052
        ]
      }
    },
    {
      "type": "Feature",
      "properties": {
        "id": "2178",
        "slug": "simpang-barek-arah-selatan",
        "name": "SimpangBarekSelatan",
        "alias_name": "Simpang Barek (arah selatan)",
        "group_name": "Dinas Kominfo Sleman",
        "pin_type": "cctv",
        "category": "",
        "connected": true,
        "featured": false,
        "descr": "Dinas Kominfo Sleman",
        "stream_url": "https://cctv.jogjaprov.go.id/cctv-proxy/cctv-kominfosleman/SimpangBarekSelatan.stream/playlist.m3u8",
        "video_url": "https://cctv.jogjaprov.go.id/cctv-proxy/cctv-kominfosleman/SimpangBarekSelatan.stream/playlist.m3u8",
        "cctv_link": "https://cctv.jogjaprov.go.id/cctv-proxy/cctv-kominfosleman/SimpangBarekSelatan.stream/playlist.m3u8",
        "portal_url": "https://cctv.jogjaprov.go.id",
        "source_url": "https://cctv.jogjaprov.go.id/api/v1/location-pins?include=area,categories&filter%5Bhas_coords%5D=true&filter%5Bhas_slug%5D=true&filter%5Bevent_active%5D=true&filter%5Bdisabled%5D=false"
      },
      "geometry": {
        "type": "Point",
        "coordinates": [
          110.378571,
          -7.765616
        ]
      }
    },
    {
      "type": "Feature",
      "properties": {
        "id": "2179",
        "slug": "simpang-barek-arah-utara",
        "name": "SimpangBarekUtara",
        "alias_name": "Simpang Barek (arah utara)",
        "group_name": "Dinas Kominfo Sleman",
        "pin_type": "cctv",
        "category": "",
        "connected": true,
        "featured": false,
        "descr": "Dinas Kominfo Sleman",
        "stream_url": "https://cctv.jogjaprov.go.id/cctv-proxy/cctv-kominfosleman/SimpangBarekUtara.stream/playlist.m3u8",
        "video_url": "https://cctv.jogjaprov.go.id/cctv-proxy/cctv-kominfosleman/SimpangBarekUtara.stream/playlist.m3u8",
        "cctv_link": "https://cctv.jogjaprov.go.id/cctv-proxy/cctv-kominfosleman/SimpangBarekUtara.stream/playlist.m3u8",
        "portal_url": "https://cctv.jogjaprov.go.id",
        "source_url": "https://cctv.jogjaprov.go.id/api/v1/location-pins?include=area,categories&filter%5Bhas_coords%5D=true&filter%5Bhas_slug%5D=true&filter%5Bevent_active%5D=true&filter%5Bdisabled%5D=false"
      },
      "geometry": {
        "type": "Point",
        "coordinates": [
          110.378399,
          -7.765998
        ]
      }
    },
    {
      "type": "Feature",
      "properties": {
        "id": "2180",
        "slug": "simpang-karangasem",
        "name": "SimpangKarangasem",
        "alias_name": "Simpang Karangasem",
        "group_name": "Dinas Kominfo Sleman",
        "pin_type": "cctv",
        "category": "sleman",
        "connected": true,
        "featured": false,
        "descr": "Dinas Kominfo Sleman • sleman",
        "stream_url": "https://cctv.jogjaprov.go.id/cctv-proxy/cctv-kominfosleman/SimpangKarangasem.stream/playlist.m3u8",
        "video_url": "https://cctv.jogjaprov.go.id/cctv-proxy/cctv-kominfosleman/SimpangKarangasem.stream/playlist.m3u8",
        "cctv_link": "https://cctv.jogjaprov.go.id/cctv-proxy/cctv-kominfosleman/SimpangKarangasem.stream/playlist.m3u8",
        "portal_url": "https://cctv.jogjaprov.go.id",
        "source_url": "https://cctv.jogjaprov.go.id/api/v1/location-pins?include=area,categories&filter%5Bhas_coords%5D=true&filter%5Bhas_slug%5D=true&filter%5Bevent_active%5D=true&filter%5Bdisabled%5D=false"
      },
      "geometry": {
        "type": "Point",
        "coordinates": [
          110.38745694,
          -7.76814981
        ]
      }
    },
    {
      "type": "Feature",
      "properties": {
        "id": "2181",
        "slug": "simpang-perumnas-selokan-mataram-arah-barat",
        "name": "SimpangPerumnas1",
        "alias_name": "Simpang Perumnas-Selokan Mataram (arah barat)",
        "group_name": "Dinas Kominfo Sleman",
        "pin_type": "cctv",
        "category": "sleman",
        "connected": true,
        "featured": false,
        "descr": "Dinas Kominfo Sleman • sleman",
        "stream_url": "https://cctv.jogjaprov.go.id/cctv-proxy/cctv-kominfosleman/SimpangPerumnas1.stream/playlist.m3u8",
        "video_url": "https://cctv.jogjaprov.go.id/cctv-proxy/cctv-kominfosleman/SimpangPerumnas1.stream/playlist.m3u8",
        "cctv_link": "https://cctv.jogjaprov.go.id/cctv-proxy/cctv-kominfosleman/SimpangPerumnas1.stream/playlist.m3u8",
        "portal_url": "https://cctv.jogjaprov.go.id",
        "source_url": "https://cctv.jogjaprov.go.id/api/v1/location-pins?include=area,categories&filter%5Bhas_coords%5D=true&filter%5Bhas_slug%5D=true&filter%5Bevent_active%5D=true&filter%5Bdisabled%5D=false"
      },
      "geometry": {
        "type": "Point",
        "coordinates": [
          110.40517711,
          -7.77107648
        ]
      }
    },
    {
      "type": "Feature",
      "properties": {
        "id": "2182",
        "slug": "simpang-perumnas-selokan-mataram-arah-timur",
        "name": "SimpangPerumnas2",
        "alias_name": "Simpang Perumnas-Selokan Mataram (arah timur)",
        "group_name": "Dinas Kominfo Sleman",
        "pin_type": "cctv",
        "category": "sleman",
        "connected": true,
        "featured": false,
        "descr": "Dinas Kominfo Sleman • sleman",
        "stream_url": "https://cctv.jogjaprov.go.id/cctv-proxy/cctv-kominfosleman/SimpangPerumnas2.stream/playlist.m3u8",
        "video_url": "https://cctv.jogjaprov.go.id/cctv-proxy/cctv-kominfosleman/SimpangPerumnas2.stream/playlist.m3u8",
        "cctv_link": "https://cctv.jogjaprov.go.id/cctv-proxy/cctv-kominfosleman/SimpangPerumnas2.stream/playlist.m3u8",
        "portal_url": "https://cctv.jogjaprov.go.id",
        "source_url": "https://cctv.jogjaprov.go.id/api/v1/location-pins?include=area,categories&filter%5Bhas_coords%5D=true&filter%5Bhas_slug%5D=true&filter%5Bevent_active%5D=true&filter%5Bdisabled%5D=false"
      },
      "geometry": {
        "type": "Point",
        "coordinates": [
          110.40499606,
          -7.77114291
        ]
      }
    },
    {
      "type": "Feature",
      "properties": {
        "id": "2184",
        "slug": "simpangwahidhasyim2",
        "name": "SimpangWahidHasyim2",
        "alias_name": "SimpangWahidHasyim2",
        "group_name": "Dinas Kominfo Sleman",
        "pin_type": "cctv",
        "category": "sleman",
        "connected": true,
        "featured": false,
        "descr": "Dinas Kominfo Sleman • sleman",
        "stream_url": "https://cctv.jogjaprov.go.id/cctv-proxy/cctv-kominfosleman/SimpangWahidHasyim2.stream/playlist.m3u8",
        "video_url": "https://cctv.jogjaprov.go.id/cctv-proxy/cctv-kominfosleman/SimpangWahidHasyim2.stream/playlist.m3u8",
        "cctv_link": "https://cctv.jogjaprov.go.id/cctv-proxy/cctv-kominfosleman/SimpangWahidHasyim2.stream/playlist.m3u8",
        "portal_url": "https://cctv.jogjaprov.go.id",
        "source_url": "https://cctv.jogjaprov.go.id/api/v1/location-pins?include=area,categories&filter%5Bhas_coords%5D=true&filter%5Bhas_slug%5D=true&filter%5Bevent_active%5D=true&filter%5Bdisabled%5D=false"
      },
      "geometry": {
        "type": "Point",
        "coordinates": [
          110.40199758,
          -7.76900634
        ]
      }
    },
    {
      "type": "Feature",
      "properties": {
        "id": "2185",
        "slug": "simpang-tantular-selokan-mataram-arah-timur",
        "name": "SimpangTantular1",
        "alias_name": "Simpang Tantular-Selokan Mataram (arah timur)",
        "group_name": "Dinas Kominfo Sleman",
        "pin_type": "cctv",
        "category": "sleman",
        "connected": true,
        "featured": false,
        "descr": "Dinas Kominfo Sleman • sleman",
        "stream_url": "https://cctv.jogjaprov.go.id/cctv-proxy/cctv-kominfosleman/SimpangTantular1.stream/playlist.m3u8",
        "video_url": "https://cctv.jogjaprov.go.id/cctv-proxy/cctv-kominfosleman/SimpangTantular1.stream/playlist.m3u8",
        "cctv_link": "https://cctv.jogjaprov.go.id/cctv-proxy/cctv-kominfosleman/SimpangTantular1.stream/playlist.m3u8",
        "portal_url": "https://cctv.jogjaprov.go.id",
        "source_url": "https://cctv.jogjaprov.go.id/api/v1/location-pins?include=area,categories&filter%5Bhas_coords%5D=true&filter%5Bhas_slug%5D=true&filter%5Bevent_active%5D=true&filter%5Bdisabled%5D=false"
      },
      "geometry": {
        "type": "Point",
        "coordinates": [
          110.39578162,
          -7.7679695
        ]
      }
    },
    {
      "type": "Feature",
      "properties": {
        "id": "2186",
        "slug": "simpang-tantular-selokan-mataram-arah-selatan",
        "name": "SimpangTantular2",
        "alias_name": "Simpang Tantular-Selokan Mataram (arah selatan)",
        "group_name": "Dinas Kominfo Sleman",
        "pin_type": "cctv",
        "category": "sleman",
        "connected": true,
        "featured": false,
        "descr": "Dinas Kominfo Sleman • sleman",
        "stream_url": "https://cctv.jogjaprov.go.id/cctv-proxy/cctv-kominfosleman/SimpangTantular2.stream/playlist.m3u8",
        "video_url": "https://cctv.jogjaprov.go.id/cctv-proxy/cctv-kominfosleman/SimpangTantular2.stream/playlist.m3u8",
        "cctv_link": "https://cctv.jogjaprov.go.id/cctv-proxy/cctv-kominfosleman/SimpangTantular2.stream/playlist.m3u8",
        "portal_url": "https://cctv.jogjaprov.go.id",
        "source_url": "https://cctv.jogjaprov.go.id/api/v1/location-pins?include=area,categories&filter%5Bhas_coords%5D=true&filter%5Bhas_slug%5D=true&filter%5Bevent_active%5D=true&filter%5Bdisabled%5D=false"
      },
      "geometry": {
        "type": "Point",
        "coordinates": [
          110.39589627,
          -7.7678965
        ]
      }
    },
    {
      "type": "Feature",
      "properties": {
        "id": "2187",
        "slug": "bundaran-seturan-upn-arah-selatan",
        "name": "UPN1",
        "alias_name": "Bundaran Seturan UPN (arah selatan)",
        "group_name": "Dinas Kominfo Sleman",
        "pin_type": "cctv",
        "category": "sleman",
        "connected": true,
        "featured": false,
        "descr": "Dinas Kominfo Sleman • sleman",
        "stream_url": "https://cctv.jogjaprov.go.id/cctv-proxy/cctv-kominfosleman/UPN1.stream/playlist.m3u8",
        "video_url": "https://cctv.jogjaprov.go.id/cctv-proxy/cctv-kominfosleman/UPN1.stream/playlist.m3u8",
        "cctv_link": "https://cctv.jogjaprov.go.id/cctv-proxy/cctv-kominfosleman/UPN1.stream/playlist.m3u8",
        "portal_url": "https://cctv.jogjaprov.go.id",
        "source_url": "https://cctv.jogjaprov.go.id/api/v1/location-pins?include=area,categories&filter%5Bhas_coords%5D=true&filter%5Bhas_slug%5D=true&filter%5Bevent_active%5D=true&filter%5Bdisabled%5D=false"
      },
      "geometry": {
        "type": "Point",
        "coordinates": [
          110.41103739,
          -7.76421242
        ]
      }
    },
    {
      "type": "Feature",
      "properties": {
        "id": "2188",
        "slug": "simpang-seturan-selokan-mataram-arah-barat",
        "name": "SimpangSeturan1",
        "alias_name": "Simpang Seturan-Selokan Mataram (arah barat)",
        "group_name": "Dinas Kominfo Sleman",
        "pin_type": "cctv",
        "category": "sleman",
        "connected": false,
        "featured": false,
        "descr": "Dinas Kominfo Sleman • sleman",
        "stream_url": "https://cctv.jogjaprov.go.id/cctv-proxy/cctv-kominfosleman/SimpangSeturan1.stream/playlist.m3u8",
        "video_url": "https://cctv.jogjaprov.go.id/cctv-proxy/cctv-kominfosleman/SimpangSeturan1.stream/playlist.m3u8",
        "cctv_link": "https://cctv.jogjaprov.go.id/cctv-proxy/cctv-kominfosleman/SimpangSeturan1.stream/playlist.m3u8",
        "portal_url": "https://cctv.jogjaprov.go.id",
        "source_url": "https://cctv.jogjaprov.go.id/api/v1/location-pins?include=area,categories&filter%5Bhas_coords%5D=true&filter%5Bhas_slug%5D=true&filter%5Bevent_active%5D=true&filter%5Bdisabled%5D=false"
      },
      "geometry": {
        "type": "Point",
        "coordinates": [
          110.40934189,
          -7.77232142
        ]
      }
    },
    {
      "type": "Feature",
      "properties": {
        "id": "2189",
        "slug": "simpang-seturan-selokan-mataram-arah-timur",
        "name": "SimpangSeturan2",
        "alias_name": "Simpang Seturan-Selokan Mataram (arah timur)",
        "group_name": "Dinas Kominfo Sleman",
        "pin_type": "cctv",
        "category": "sleman",
        "connected": false,
        "featured": false,
        "descr": "Dinas Kominfo Sleman • sleman",
        "stream_url": "https://cctv.jogjaprov.go.id/cctv-proxy/cctv-kominfosleman/SimpangSeturan2.stream/playlist.m3u8",
        "video_url": "https://cctv.jogjaprov.go.id/cctv-proxy/cctv-kominfosleman/SimpangSeturan2.stream/playlist.m3u8",
        "cctv_link": "https://cctv.jogjaprov.go.id/cctv-proxy/cctv-kominfosleman/SimpangSeturan2.stream/playlist.m3u8",
        "portal_url": "https://cctv.jogjaprov.go.id",
        "source_url": "https://cctv.jogjaprov.go.id/api/v1/location-pins?include=area,categories&filter%5Bhas_coords%5D=true&filter%5Bhas_slug%5D=true&filter%5Bevent_active%5D=true&filter%5Bdisabled%5D=false"
      },
      "geometry": {
        "type": "Point",
        "coordinates": [
          110.40925129,
          -7.77237292
        ]
      }
    },
    {
      "type": "Feature",
      "properties": {
        "id": "2190",
        "slug": "simpang-citroli",
        "name": "SimpangCitroli",
        "alias_name": "Simpang Citroli",
        "group_name": "Dinas Kominfo Sleman",
        "pin_type": "cctv",
        "category": "sleman",
        "connected": false,
        "featured": false,
        "descr": "Dinas Kominfo Sleman • sleman",
        "stream_url": "https://cctv.jogjaprov.go.id/cctv-proxy/cctv-kominfosleman/SimpangCitroli.stream/playlist.m3u8",
        "video_url": "https://cctv.jogjaprov.go.id/cctv-proxy/cctv-kominfosleman/SimpangCitroli.stream/playlist.m3u8",
        "cctv_link": "https://cctv.jogjaprov.go.id/cctv-proxy/cctv-kominfosleman/SimpangCitroli.stream/playlist.m3u8",
        "portal_url": "https://cctv.jogjaprov.go.id",
        "source_url": "https://cctv.jogjaprov.go.id/api/v1/location-pins?include=area,categories&filter%5Bhas_coords%5D=true&filter%5Bhas_slug%5D=true&filter%5Bevent_active%5D=true&filter%5Bdisabled%5D=false"
      },
      "geometry": {
        "type": "Point",
        "coordinates": [
          110.40899575,
          -7.77341694
        ]
      }
    },
    {
      "type": "Feature",
      "properties": {
        "id": "2191",
        "slug": "bundaran-seturan-upn-arah-timur",
        "name": "UPN2",
        "alias_name": "Bundaran Seturan UPN (arah timur)",
        "group_name": "Dinas Kominfo Sleman",
        "pin_type": "cctv",
        "category": "sleman",
        "connected": true,
        "featured": false,
        "descr": "Dinas Kominfo Sleman • sleman",
        "stream_url": "https://cctv.jogjaprov.go.id/cctv-proxy/cctv-kominfosleman/UPN2.stream/playlist.m3u8",
        "video_url": "https://cctv.jogjaprov.go.id/cctv-proxy/cctv-kominfosleman/UPN2.stream/playlist.m3u8",
        "cctv_link": "https://cctv.jogjaprov.go.id/cctv-proxy/cctv-kominfosleman/UPN2.stream/playlist.m3u8",
        "portal_url": "https://cctv.jogjaprov.go.id",
        "source_url": "https://cctv.jogjaprov.go.id/api/v1/location-pins?include=area,categories&filter%5Bhas_coords%5D=true&filter%5Bhas_slug%5D=true&filter%5Bevent_active%5D=true&filter%5Bdisabled%5D=false"
      },
      "geometry": {
        "type": "Point",
        "coordinates": [
          110.41121509,
          -7.76423236
        ]
      }
    },
    {
      "type": "Feature",
      "properties": {
        "id": "2192",
        "slug": "bundaran-seturan-upn-arah-barat",
        "name": "UPN3",
        "alias_name": "Bundaran Seturan UPN (arah barat)",
        "group_name": "Dinas Kominfo Sleman",
        "pin_type": "cctv",
        "category": "sleman",
        "connected": true,
        "featured": false,
        "descr": "Dinas Kominfo Sleman • sleman",
        "stream_url": "https://cctv.jogjaprov.go.id/cctv-proxy/cctv-kominfosleman/UPN3.stream/playlist.m3u8",
        "video_url": "https://cctv.jogjaprov.go.id/cctv-proxy/cctv-kominfosleman/UPN3.stream/playlist.m3u8",
        "cctv_link": "https://cctv.jogjaprov.go.id/cctv-proxy/cctv-kominfosleman/UPN3.stream/playlist.m3u8",
        "portal_url": "https://cctv.jogjaprov.go.id",
        "source_url": "https://cctv.jogjaprov.go.id/api/v1/location-pins?include=area,categories&filter%5Bhas_coords%5D=true&filter%5Bhas_slug%5D=true&filter%5Bevent_active%5D=true&filter%5Bdisabled%5D=false"
      },
      "geometry": {
        "type": "Point",
        "coordinates": [
          110.41102935,
          -7.7643061
        ]
      }
    },
    {
      "type": "Feature",
      "properties": {
        "id": "2193",
        "slug": "pertigaan-bappeda-sleman-arah-barat",
        "name": "PertigaanBapedaSlemanBarat1",
        "alias_name": "Pertigaan Bappeda Sleman (arah barat)",
        "group_name": "Dinas Kominfo Sleman",
        "pin_type": "cctv",
        "category": "sleman",
        "connected": true,
        "featured": false,
        "descr": "Dinas Kominfo Sleman • sleman",
        "stream_url": "https://cctv.jogjaprov.go.id/cctv-proxy/cctv-kominfosleman/PertigaanBapedaSlemanBarat1.stream/playlist.m3u8",
        "video_url": "https://cctv.jogjaprov.go.id/cctv-proxy/cctv-kominfosleman/PertigaanBapedaSlemanBarat1.stream/playlist.m3u8",
        "cctv_link": "https://cctv.jogjaprov.go.id/cctv-proxy/cctv-kominfosleman/PertigaanBapedaSlemanBarat1.stream/playlist.m3u8",
        "portal_url": "https://cctv.jogjaprov.go.id",
        "source_url": "https://cctv.jogjaprov.go.id/api/v1/location-pins?include=area,categories&filter%5Bhas_coords%5D=true&filter%5Bhas_slug%5D=true&filter%5Bevent_active%5D=true&filter%5Bdisabled%5D=false"
      },
      "geometry": {
        "type": "Point",
        "coordinates": [
          110.35402826,
          -7.7191231
        ]
      }
    },
    {
      "type": "Feature",
      "properties": {
        "id": "2194",
        "slug": "pos-polisi-janti-arah-barat",
        "name": "PosPolisiJantiBarat",
        "alias_name": "Pos Polisi Janti (arah barat)",
        "group_name": "Dinas Kominfo Sleman",
        "pin_type": "cctv",
        "category": "sleman",
        "connected": true,
        "featured": false,
        "descr": "Dinas Kominfo Sleman • sleman",
        "stream_url": "https://cctv.jogjaprov.go.id/cctv-proxy/cctv-kominfosleman/PosPolisiJantiBarat.stream/playlist.m3u8",
        "video_url": "https://cctv.jogjaprov.go.id/cctv-proxy/cctv-kominfosleman/PosPolisiJantiBarat.stream/playlist.m3u8",
        "cctv_link": "https://cctv.jogjaprov.go.id/cctv-proxy/cctv-kominfosleman/PosPolisiJantiBarat.stream/playlist.m3u8",
        "portal_url": "https://cctv.jogjaprov.go.id",
        "source_url": "https://cctv.jogjaprov.go.id/api/v1/location-pins?include=area,categories&filter%5Bhas_coords%5D=true&filter%5Bhas_slug%5D=true&filter%5Bevent_active%5D=true&filter%5Bdisabled%5D=false"
      },
      "geometry": {
        "type": "Point",
        "coordinates": [
          110.41069727,
          -7.78319544
        ]
      }
    },
    {
      "type": "Feature",
      "properties": {
        "id": "2195",
        "slug": "pos-polisi-janti-arah-timur",
        "name": "PosPolisiJantiTimur",
        "alias_name": "Pos Polisi Janti (arah timur)",
        "group_name": "Dinas Kominfo Sleman",
        "pin_type": "cctv",
        "category": "sleman",
        "connected": true,
        "featured": false,
        "descr": "Dinas Kominfo Sleman • sleman",
        "stream_url": "https://cctv.jogjaprov.go.id/cctv-proxy/cctv-kominfosleman/PosPolisiJantiTimur.stream/playlist.m3u8",
        "video_url": "https://cctv.jogjaprov.go.id/cctv-proxy/cctv-kominfosleman/PosPolisiJantiTimur.stream/playlist.m3u8",
        "cctv_link": "https://cctv.jogjaprov.go.id/cctv-proxy/cctv-kominfosleman/PosPolisiJantiTimur.stream/playlist.m3u8",
        "portal_url": "https://cctv.jogjaprov.go.id",
        "source_url": "https://cctv.jogjaprov.go.id/api/v1/location-pins?include=area,categories&filter%5Bhas_coords%5D=true&filter%5Bhas_slug%5D=true&filter%5Bevent_active%5D=true&filter%5Bdisabled%5D=false"
      },
      "geometry": {
        "type": "Point",
        "coordinates": [
          110.4108931,
          -7.78319008
        ]
      }
    },
    {
      "type": "Feature",
      "properties": {
        "id": "2196",
        "slug": "simpangdamaipalagan1",
        "name": "SimpangDamaiPalagan1",
        "alias_name": "SimpangDamaiPalagan1",
        "group_name": "Dinas Kominfo Sleman",
        "pin_type": "cctv",
        "category": "sleman",
        "connected": true,
        "featured": false,
        "descr": "Dinas Kominfo Sleman • sleman",
        "stream_url": "https://cctv.jogjaprov.go.id/cctv-proxy/cctv-kominfosleman/SimpangDamaiPalagan1.stream/playlist.m3u8",
        "video_url": "https://cctv.jogjaprov.go.id/cctv-proxy/cctv-kominfosleman/SimpangDamaiPalagan1.stream/playlist.m3u8",
        "cctv_link": "https://cctv.jogjaprov.go.id/cctv-proxy/cctv-kominfosleman/SimpangDamaiPalagan1.stream/playlist.m3u8",
        "portal_url": "https://cctv.jogjaprov.go.id",
        "source_url": "https://cctv.jogjaprov.go.id/api/v1/location-pins?include=area,categories&filter%5Bhas_coords%5D=true&filter%5Bhas_slug%5D=true&filter%5Bevent_active%5D=true&filter%5Bdisabled%5D=false"
      },
      "geometry": {
        "type": "Point",
        "coordinates": [
          110.37921663,
          -7.7303076
        ]
      }
    },
    {
      "type": "Feature",
      "properties": {
        "id": "2202",
        "slug": "puskesmas-tempel-1-arah-selatan",
        "name": "PusTempel1A",
        "alias_name": "Puskesmas Tempel 1 (arah selatan)",
        "group_name": "Dinas Kominfo Sleman",
        "pin_type": "cctv",
        "category": "sleman",
        "connected": true,
        "featured": false,
        "descr": "Dinas Kominfo Sleman • sleman",
        "stream_url": "https://cctv.jogjaprov.go.id/cctv-proxy/cctv-kominfosleman/PusTempel1A.stream/playlist.m3u8",
        "video_url": "https://cctv.jogjaprov.go.id/cctv-proxy/cctv-kominfosleman/PusTempel1A.stream/playlist.m3u8",
        "cctv_link": "https://cctv.jogjaprov.go.id/cctv-proxy/cctv-kominfosleman/PusTempel1A.stream/playlist.m3u8",
        "portal_url": "https://cctv.jogjaprov.go.id",
        "source_url": "https://cctv.jogjaprov.go.id/api/v1/location-pins?include=area,categories&filter%5Bhas_coords%5D=true&filter%5Bhas_slug%5D=true&filter%5Bevent_active%5D=true&filter%5Bdisabled%5D=false"
      },
      "geometry": {
        "type": "Point",
        "coordinates": [
          110.32694191,
          -7.65840666
        ]
      }
    },
    {
      "type": "Feature",
      "properties": {
        "id": "2203",
        "slug": "puskesmas-tempel-1-arah-utara",
        "name": "PusTempel1B",
        "alias_name": "Puskesmas Tempel 1 (arah utara)",
        "group_name": "Dinas Kominfo Sleman",
        "pin_type": "cctv",
        "category": "sleman",
        "connected": true,
        "featured": false,
        "descr": "Dinas Kominfo Sleman • sleman",
        "stream_url": "https://cctv.jogjaprov.go.id/cctv-proxy/cctv-kominfosleman/PusTempel1B.stream/playlist.m3u8",
        "video_url": "https://cctv.jogjaprov.go.id/cctv-proxy/cctv-kominfosleman/PusTempel1B.stream/playlist.m3u8",
        "cctv_link": "https://cctv.jogjaprov.go.id/cctv-proxy/cctv-kominfosleman/PusTempel1B.stream/playlist.m3u8",
        "portal_url": "https://cctv.jogjaprov.go.id",
        "source_url": "https://cctv.jogjaprov.go.id/api/v1/location-pins?include=area,categories&filter%5Bhas_coords%5D=true&filter%5Bhas_slug%5D=true&filter%5Bevent_active%5D=true&filter%5Bdisabled%5D=false"
      },
      "geometry": {
        "type": "Point",
        "coordinates": [
          110.32684669,
          -7.65824517
        ]
      }
    },
    {
      "type": "Feature",
      "properties": {
        "id": "2204",
        "slug": "kapanewon-depok-gerbang-masuk",
        "name": "KapanewonDepok1",
        "alias_name": "Kapanewon Depok (gerbang masuk)",
        "group_name": "Dinas Kominfo Sleman",
        "pin_type": "cctv",
        "category": "sleman",
        "connected": true,
        "featured": false,
        "descr": "Dinas Kominfo Sleman • sleman",
        "stream_url": "https://cctv.jogjaprov.go.id/cctv-proxy/cctv-kominfosleman/KapanewonDepok1.stream/playlist.m3u8",
        "video_url": "https://cctv.jogjaprov.go.id/cctv-proxy/cctv-kominfosleman/KapanewonDepok1.stream/playlist.m3u8",
        "cctv_link": "https://cctv.jogjaprov.go.id/cctv-proxy/cctv-kominfosleman/KapanewonDepok1.stream/playlist.m3u8",
        "portal_url": "https://cctv.jogjaprov.go.id",
        "source_url": "https://cctv.jogjaprov.go.id/api/v1/location-pins?include=area,categories&filter%5Bhas_coords%5D=true&filter%5Bhas_slug%5D=true&filter%5Bevent_active%5D=true&filter%5Bdisabled%5D=false"
      },
      "geometry": {
        "type": "Point",
        "coordinates": [
          110.39367912,
          -7.75872436
        ]
      }
    },
    {
      "type": "Feature",
      "properties": {
        "id": "2205",
        "slug": "kapanewon-depok-gerbang-keluar",
        "name": "KapanewonDepok2",
        "alias_name": "Kapanewon Depok (gerbang keluar)",
        "group_name": "Dinas Kominfo Sleman",
        "pin_type": "cctv",
        "category": "sleman",
        "connected": true,
        "featured": false,
        "descr": "Dinas Kominfo Sleman • sleman",
        "stream_url": "https://cctv.jogjaprov.go.id/cctv-proxy/cctv-kominfosleman/KapanewonDepok2.stream/playlist.m3u8",
        "video_url": "https://cctv.jogjaprov.go.id/cctv-proxy/cctv-kominfosleman/KapanewonDepok2.stream/playlist.m3u8",
        "cctv_link": "https://cctv.jogjaprov.go.id/cctv-proxy/cctv-kominfosleman/KapanewonDepok2.stream/playlist.m3u8",
        "portal_url": "https://cctv.jogjaprov.go.id",
        "source_url": "https://cctv.jogjaprov.go.id/api/v1/location-pins?include=area,categories&filter%5Bhas_coords%5D=true&filter%5Bhas_slug%5D=true&filter%5Bevent_active%5D=true&filter%5Bdisabled%5D=false"
      },
      "geometry": {
        "type": "Point",
        "coordinates": [
          110.3939402,
          -7.75865901
        ]
      }
    },
    {
      "type": "Feature",
      "properties": {
        "id": "2206",
        "slug": "kapanewon-seyegan-gerbang-masuk",
        "name": "KapanewonSeyegan1",
        "alias_name": "Kapanewon Seyegan (gerbang masuk)",
        "group_name": "Dinas Kominfo Sleman",
        "pin_type": "cctv",
        "category": "sleman",
        "connected": true,
        "featured": false,
        "descr": "Dinas Kominfo Sleman • sleman",
        "stream_url": "https://cctv.jogjaprov.go.id/cctv-proxy/cctv-kominfosleman/KapanewonSeyegan1.stream/playlist.m3u8",
        "video_url": "https://cctv.jogjaprov.go.id/cctv-proxy/cctv-kominfosleman/KapanewonSeyegan1.stream/playlist.m3u8",
        "cctv_link": "https://cctv.jogjaprov.go.id/cctv-proxy/cctv-kominfosleman/KapanewonSeyegan1.stream/playlist.m3u8",
        "portal_url": "https://cctv.jogjaprov.go.id",
        "source_url": "https://cctv.jogjaprov.go.id/api/v1/location-pins?include=area,categories&filter%5Bhas_coords%5D=true&filter%5Bhas_slug%5D=true&filter%5Bevent_active%5D=true&filter%5Bdisabled%5D=false"
      },
      "geometry": {
        "type": "Point",
        "coordinates": [
          110.30844362,
          -7.72140516
        ]
      }
    },
    {
      "type": "Feature",
      "properties": {
        "id": "2207",
        "slug": "kapanewon-seyegan-gerbang-keluar",
        "name": "KapanewonSeyegan2",
        "alias_name": "Kapanewon Seyegan (gerbang keluar)",
        "group_name": "Dinas Kominfo Sleman",
        "pin_type": "cctv",
        "category": "sleman",
        "connected": true,
        "featured": false,
        "descr": "Dinas Kominfo Sleman • sleman",
        "stream_url": "https://cctv.jogjaprov.go.id/cctv-proxy/cctv-kominfosleman/KapanewonSeyegan2.stream/playlist.m3u8",
        "video_url": "https://cctv.jogjaprov.go.id/cctv-proxy/cctv-kominfosleman/KapanewonSeyegan2.stream/playlist.m3u8",
        "cctv_link": "https://cctv.jogjaprov.go.id/cctv-proxy/cctv-kominfosleman/KapanewonSeyegan2.stream/playlist.m3u8",
        "portal_url": "https://cctv.jogjaprov.go.id",
        "source_url": "https://cctv.jogjaprov.go.id/api/v1/location-pins?include=area,categories&filter%5Bhas_coords%5D=true&filter%5Bhas_slug%5D=true&filter%5Bevent_active%5D=true&filter%5Bdisabled%5D=false"
      },
      "geometry": {
        "type": "Point",
        "coordinates": [
          110.30854979,
          -7.7211035
        ]
      }
    },
    {
      "type": "Feature",
      "properties": {
        "id": "2208",
        "slug": "kalurahan-margomulyo",
        "name": "KalurahanMargomulyo",
        "alias_name": "Kalurahan Margomulyo",
        "group_name": "Dinas Kominfo Sleman",
        "pin_type": "cctv",
        "category": "sleman",
        "connected": true,
        "featured": false,
        "descr": "Dinas Kominfo Sleman • sleman",
        "stream_url": "https://cctv.jogjaprov.go.id/cctv-proxy/cctv-kominfosleman/KalurahanMargomulyo.stream/playlist.m3u8",
        "video_url": "https://cctv.jogjaprov.go.id/cctv-proxy/cctv-kominfosleman/KalurahanMargomulyo.stream/playlist.m3u8",
        "cctv_link": "https://cctv.jogjaprov.go.id/cctv-proxy/cctv-kominfosleman/KalurahanMargomulyo.stream/playlist.m3u8",
        "portal_url": "https://cctv.jogjaprov.go.id",
        "source_url": "https://cctv.jogjaprov.go.id/api/v1/location-pins?include=area,categories&filter%5Bhas_coords%5D=true&filter%5Bhas_slug%5D=true&filter%5Bevent_active%5D=true&filter%5Bdisabled%5D=false"
      },
      "geometry": {
        "type": "Point",
        "coordinates": [
          110.30884985,
          -7.72063735
        ]
      }
    },
    {
      "type": "Feature",
      "properties": {
        "id": "2209",
        "slug": "puskesmas-seyegan-arah-barat",
        "name": "DepanPusSeyegan1",
        "alias_name": "Puskesmas Seyegan (arah Barat)",
        "group_name": "Dinas Kominfo Sleman",
        "pin_type": "cctv",
        "category": "sleman",
        "connected": true,
        "featured": false,
        "descr": "Dinas Kominfo Sleman • sleman",
        "stream_url": "https://cctv.jogjaprov.go.id/cctv-proxy/cctv-kominfosleman/DepanPusSeyegan1.stream/playlist.m3u8",
        "video_url": "https://cctv.jogjaprov.go.id/cctv-proxy/cctv-kominfosleman/DepanPusSeyegan1.stream/playlist.m3u8",
        "cctv_link": "https://cctv.jogjaprov.go.id/cctv-proxy/cctv-kominfosleman/DepanPusSeyegan1.stream/playlist.m3u8",
        "portal_url": "https://cctv.jogjaprov.go.id",
        "source_url": "https://cctv.jogjaprov.go.id/api/v1/location-pins?include=area,categories&filter%5Bhas_coords%5D=true&filter%5Bhas_slug%5D=true&filter%5Bevent_active%5D=true&filter%5Bdisabled%5D=false"
      },
      "geometry": {
        "type": "Point",
        "coordinates": [
          110.30094756,
          -7.71909501
        ]
      }
    },
    {
      "type": "Feature",
      "properties": {
        "id": "2210",
        "slug": "puskesmas-seyegan-arah-timur",
        "name": "DepanPusSeyegan2",
        "alias_name": "Puskesmas Seyegan (arah Timur)",
        "group_name": "Dinas Kominfo Sleman",
        "pin_type": "cctv",
        "category": "sleman",
        "connected": true,
        "featured": false,
        "descr": "Dinas Kominfo Sleman • sleman",
        "stream_url": "https://cctv.jogjaprov.go.id/cctv-proxy/cctv-kominfosleman/DepanPusSeyegan2.stream/playlist.m3u8",
        "video_url": "https://cctv.jogjaprov.go.id/cctv-proxy/cctv-kominfosleman/DepanPusSeyegan2.stream/playlist.m3u8",
        "cctv_link": "https://cctv.jogjaprov.go.id/cctv-proxy/cctv-kominfosleman/DepanPusSeyegan2.stream/playlist.m3u8",
        "portal_url": "https://cctv.jogjaprov.go.id",
        "source_url": "https://cctv.jogjaprov.go.id/api/v1/location-pins?include=area,categories&filter%5Bhas_coords%5D=true&filter%5Bhas_slug%5D=true&filter%5Bevent_active%5D=true&filter%5Bdisabled%5D=false"
      },
      "geometry": {
        "type": "Point",
        "coordinates": [
          110.30128288,
          -7.71921726
        ]
      }
    },
    {
      "type": "Feature",
      "properties": {
        "id": "2211",
        "slug": "simpang-balangan-arah-timur",
        "name": "SimpangBalangan1",
        "alias_name": "Simpang Balangan (arah timur)",
        "group_name": "Dinas Kominfo Sleman",
        "pin_type": "cctv",
        "category": "sleman",
        "connected": true,
        "featured": false,
        "descr": "Dinas Kominfo Sleman • sleman",
        "stream_url": "https://cctv.jogjaprov.go.id/cctv-proxy/cctv-kominfosleman/SimpangBalangan1.stream/playlist.m3u8",
        "video_url": "https://cctv.jogjaprov.go.id/cctv-proxy/cctv-kominfosleman/SimpangBalangan1.stream/playlist.m3u8",
        "cctv_link": "https://cctv.jogjaprov.go.id/cctv-proxy/cctv-kominfosleman/SimpangBalangan1.stream/playlist.m3u8",
        "portal_url": "https://cctv.jogjaprov.go.id",
        "source_url": "https://cctv.jogjaprov.go.id/api/v1/location-pins?include=area,categories&filter%5Bhas_coords%5D=true&filter%5Bhas_slug%5D=true&filter%5Bevent_active%5D=true&filter%5Bdisabled%5D=false"
      },
      "geometry": {
        "type": "Point",
        "coordinates": [
          110.26955213,
          -7.71635212
        ]
      }
    },
    {
      "type": "Feature",
      "properties": {
        "id": "2212",
        "slug": "simpang-balangan-arah-barat",
        "name": "SimpangBalangan2",
        "alias_name": "Simpang Balangan (arah Barat)",
        "group_name": "Dinas Kominfo Sleman",
        "pin_type": "cctv",
        "category": "sleman",
        "connected": true,
        "featured": false,
        "descr": "Dinas Kominfo Sleman • sleman",
        "stream_url": "https://cctv.jogjaprov.go.id/cctv-proxy/cctv-kominfosleman/SimpangBalangan2.stream/playlist.m3u8",
        "video_url": "https://cctv.jogjaprov.go.id/cctv-proxy/cctv-kominfosleman/SimpangBalangan2.stream/playlist.m3u8",
        "cctv_link": "https://cctv.jogjaprov.go.id/cctv-proxy/cctv-kominfosleman/SimpangBalangan2.stream/playlist.m3u8",
        "portal_url": "https://cctv.jogjaprov.go.id",
        "source_url": "https://cctv.jogjaprov.go.id/api/v1/location-pins?include=area,categories&filter%5Bhas_coords%5D=true&filter%5Bhas_slug%5D=true&filter%5Bevent_active%5D=true&filter%5Bdisabled%5D=false"
      },
      "geometry": {
        "type": "Point",
        "coordinates": [
          110.2696916,
          -7.7164312
        ]
      }
    },
    {
      "type": "Feature",
      "properties": {
        "id": "2213",
        "slug": "mandala-seyegan-arah-timur",
        "name": "MandalaSeyeganTimur",
        "alias_name": "Mandala Seyegan (arah timur)",
        "group_name": "Dinas Kominfo Sleman",
        "pin_type": "cctv",
        "category": "sleman",
        "connected": true,
        "featured": false,
        "descr": "Dinas Kominfo Sleman • sleman",
        "stream_url": "https://cctv.jogjaprov.go.id/cctv-proxy/cctv-kominfosleman/MandalaSeyeganTimur.stream/playlist.m3u8",
        "video_url": "https://cctv.jogjaprov.go.id/cctv-proxy/cctv-kominfosleman/MandalaSeyeganTimur.stream/playlist.m3u8",
        "cctv_link": "https://cctv.jogjaprov.go.id/cctv-proxy/cctv-kominfosleman/MandalaSeyeganTimur.stream/playlist.m3u8",
        "portal_url": "https://cctv.jogjaprov.go.id",
        "source_url": "https://cctv.jogjaprov.go.id/api/v1/location-pins?include=area,categories&filter%5Bhas_coords%5D=true&filter%5Bhas_slug%5D=true&filter%5Bevent_active%5D=true&filter%5Bdisabled%5D=false"
      },
      "geometry": {
        "type": "Point",
        "coordinates": [
          110.2967711,
          -7.71776802
        ]
      }
    },
    {
      "type": "Feature",
      "properties": {
        "id": "2214",
        "slug": "mandala-seyegan-arah-barat",
        "name": "MandalaSeyeganBarat",
        "alias_name": "Mandala Seyegan (arah barat)",
        "group_name": "Dinas Kominfo Sleman",
        "pin_type": "cctv",
        "category": "sleman",
        "connected": true,
        "featured": false,
        "descr": "Dinas Kominfo Sleman • sleman",
        "stream_url": "https://cctv.jogjaprov.go.id/cctv-proxy/cctv-kominfosleman/MandalaSeyeganBarat.stream/playlist.m3u8",
        "video_url": "https://cctv.jogjaprov.go.id/cctv-proxy/cctv-kominfosleman/MandalaSeyeganBarat.stream/playlist.m3u8",
        "cctv_link": "https://cctv.jogjaprov.go.id/cctv-proxy/cctv-kominfosleman/MandalaSeyeganBarat.stream/playlist.m3u8",
        "portal_url": "https://cctv.jogjaprov.go.id",
        "source_url": "https://cctv.jogjaprov.go.id/api/v1/location-pins?include=area,categories&filter%5Bhas_coords%5D=true&filter%5Bhas_slug%5D=true&filter%5Bevent_active%5D=true&filter%5Bdisabled%5D=false"
      },
      "geometry": {
        "type": "Point",
        "coordinates": [
          110.29659736,
          -7.71772885
        ]
      }
    },
    {
      "type": "Feature",
      "properties": {
        "id": "2217",
        "slug": "simpang-prambanan-arah-baratjogja",
        "name": "SimpangPrambanan1",
        "alias_name": "Simpang Prambanan (arah Barat/Jogja)",
        "group_name": "Dinas Kominfo Sleman",
        "pin_type": "cctv",
        "category": "sleman",
        "connected": true,
        "featured": false,
        "descr": "Dinas Kominfo Sleman • sleman",
        "stream_url": "https://cctv.jogjaprov.go.id/cctv-proxy/cctv-kominfosleman/SimpangPrambanan1.stream/playlist.m3u8",
        "video_url": "https://cctv.jogjaprov.go.id/cctv-proxy/cctv-kominfosleman/SimpangPrambanan1.stream/playlist.m3u8",
        "cctv_link": "https://cctv.jogjaprov.go.id/cctv-proxy/cctv-kominfosleman/SimpangPrambanan1.stream/playlist.m3u8",
        "portal_url": "https://cctv.jogjaprov.go.id",
        "source_url": "https://cctv.jogjaprov.go.id/api/v1/location-pins?include=area,categories&filter%5Bhas_coords%5D=true&filter%5Bhas_slug%5D=true&filter%5Bevent_active%5D=true&filter%5Bdisabled%5D=false"
      },
      "geometry": {
        "type": "Point",
        "coordinates": [
          110.48914709,
          -7.75569126
        ]
      }
    },
    {
      "type": "Feature",
      "properties": {
        "id": "2218",
        "slug": "simpang-prambanan-arah-selatanpiyungan",
        "name": "SimpangPrambanan2",
        "alias_name": "Simpang Prambanan (arah Selatan/Piyungan)",
        "group_name": "Dinas Kominfo Sleman",
        "pin_type": "cctv",
        "category": "sleman",
        "connected": false,
        "featured": false,
        "descr": "Dinas Kominfo Sleman • sleman",
        "stream_url": "https://cctv.jogjaprov.go.id/cctv-proxy/cctv-kominfosleman/SimpangPrambanan2.stream/playlist.m3u8",
        "video_url": "https://cctv.jogjaprov.go.id/cctv-proxy/cctv-kominfosleman/SimpangPrambanan2.stream/playlist.m3u8",
        "cctv_link": "https://cctv.jogjaprov.go.id/cctv-proxy/cctv-kominfosleman/SimpangPrambanan2.stream/playlist.m3u8",
        "portal_url": "https://cctv.jogjaprov.go.id",
        "source_url": "https://cctv.jogjaprov.go.id/api/v1/location-pins?include=area,categories&filter%5Bhas_coords%5D=true&filter%5Bhas_slug%5D=true&filter%5Bevent_active%5D=true&filter%5Bdisabled%5D=false"
      },
      "geometry": {
        "type": "Point",
        "coordinates": [
          110.48908541,
          -7.75539362
        ]
      }
    },
    {
      "type": "Feature",
      "properties": {
        "id": "2219",
        "slug": "simpang-pasar-hewan-1-sleman",
        "name": "SimpangPasarHewan1",
        "alias_name": "Simpang Pasar Hewan 1 Sleman",
        "group_name": "Dinas Kominfo Sleman",
        "pin_type": "cctv",
        "category": "sleman",
        "connected": true,
        "featured": false,
        "descr": "Dinas Kominfo Sleman • sleman",
        "stream_url": "https://cctv.jogjaprov.go.id/cctv-proxy/cctv-kominfosleman/SimpangPasarHewan1.stream/playlist.m3u8",
        "video_url": "https://cctv.jogjaprov.go.id/cctv-proxy/cctv-kominfosleman/SimpangPasarHewan1.stream/playlist.m3u8",
        "cctv_link": "https://cctv.jogjaprov.go.id/cctv-proxy/cctv-kominfosleman/SimpangPasarHewan1.stream/playlist.m3u8",
        "portal_url": "https://cctv.jogjaprov.go.id",
        "source_url": "https://cctv.jogjaprov.go.id/api/v1/location-pins?include=area,categories&filter%5Bhas_coords%5D=true&filter%5Bhas_slug%5D=true&filter%5Bevent_active%5D=true&filter%5Bdisabled%5D=false"
      },
      "geometry": {
        "type": "Point",
        "coordinates": [
          110.31001844,
          -7.80302793
        ]
      }
    },
    {
      "type": "Feature",
      "properties": {
        "id": "2220",
        "slug": "simpang-pasar-hewan-2-sleman",
        "name": "SimpangPasarHewan2",
        "alias_name": "Simpang Pasar Hewan 2 Sleman",
        "group_name": "Dinas Kominfo Sleman",
        "pin_type": "cctv",
        "category": "sleman",
        "connected": true,
        "featured": false,
        "descr": "Dinas Kominfo Sleman • sleman",
        "stream_url": "https://cctv.jogjaprov.go.id/cctv-proxy/cctv-kominfosleman/SimpangPasarHewan2.stream/playlist.m3u8",
        "video_url": "https://cctv.jogjaprov.go.id/cctv-proxy/cctv-kominfosleman/SimpangPasarHewan2.stream/playlist.m3u8",
        "cctv_link": "https://cctv.jogjaprov.go.id/cctv-proxy/cctv-kominfosleman/SimpangPasarHewan2.stream/playlist.m3u8",
        "portal_url": "https://cctv.jogjaprov.go.id",
        "source_url": "https://cctv.jogjaprov.go.id/api/v1/location-pins?include=area,categories&filter%5Bhas_coords%5D=true&filter%5Bhas_slug%5D=true&filter%5Bevent_active%5D=true&filter%5Bdisabled%5D=false"
      },
      "geometry": {
        "type": "Point",
        "coordinates": [
          110.31014688,
          -7.80310601
        ]
      }
    },
    {
      "type": "Feature",
      "properties": {
        "id": "2222",
        "slug": "kalurahan-sendangadi",
        "name": "KalurahanSendangadi",
        "alias_name": "Kalurahan Sendangadi",
        "group_name": "Dinas Kominfo Sleman",
        "pin_type": "cctv",
        "category": "sleman",
        "connected": true,
        "featured": false,
        "descr": "Dinas Kominfo Sleman • sleman",
        "stream_url": "https://cctv.jogjaprov.go.id/cctv-proxy/cctv-kominfosleman/KalurahanSendangadi.stream/playlist.m3u8",
        "video_url": "https://cctv.jogjaprov.go.id/cctv-proxy/cctv-kominfosleman/KalurahanSendangadi.stream/playlist.m3u8",
        "cctv_link": "https://cctv.jogjaprov.go.id/cctv-proxy/cctv-kominfosleman/KalurahanSendangadi.stream/playlist.m3u8",
        "portal_url": "https://cctv.jogjaprov.go.id",
        "source_url": "https://cctv.jogjaprov.go.id/api/v1/location-pins?include=area,categories&filter%5Bhas_coords%5D=true&filter%5Bhas_slug%5D=true&filter%5Bevent_active%5D=true&filter%5Bdisabled%5D=false"
      },
      "geometry": {
        "type": "Point",
        "coordinates": [
          110.36277076,
          -7.73721408
        ]
      }
    },
    {
      "type": "Feature",
      "properties": {
        "id": "2242",
        "slug": "dinas-pmk-sleman-arah-barat",
        "name": "DepanPMKSleman",
        "alias_name": "Dinas PMK Sleman (arah barat)",
        "group_name": "Dinas Kominfo Sleman",
        "pin_type": "cctv",
        "category": "sleman",
        "connected": true,
        "featured": false,
        "descr": "Dinas Kominfo Sleman • sleman",
        "stream_url": "https://cctv.jogjaprov.go.id/cctv-proxy/cctv-kominfosleman/DepanPMKSleman.stream/playlist.m3u8",
        "video_url": "https://cctv.jogjaprov.go.id/cctv-proxy/cctv-kominfosleman/DepanPMKSleman.stream/playlist.m3u8",
        "cctv_link": "https://cctv.jogjaprov.go.id/cctv-proxy/cctv-kominfosleman/DepanPMKSleman.stream/playlist.m3u8",
        "portal_url": "https://cctv.jogjaprov.go.id",
        "source_url": "https://cctv.jogjaprov.go.id/api/v1/location-pins?include=area,categories&filter%5Bhas_coords%5D=true&filter%5Bhas_slug%5D=true&filter%5Bevent_active%5D=true&filter%5Bdisabled%5D=false"
      },
      "geometry": {
        "type": "Point",
        "coordinates": [
          110.35507945,
          -7.71819175
        ]
      }
    },
    {
      "type": "Feature",
      "properties": {
        "id": "2248",
        "slug": "lapangan-pemda-sleman-sisi-selatan-4",
        "name": "LapanganPemdaSlemanSelatan4",
        "alias_name": "Lapangan Pemda Sleman (sisi selatan) 4",
        "group_name": "Dinas Kominfo Sleman",
        "pin_type": "cctv",
        "category": "sleman",
        "connected": true,
        "featured": false,
        "descr": "Dinas Kominfo Sleman • sleman",
        "stream_url": "https://cctv.jogjaprov.go.id/cctv-proxy/cctv-kominfosleman/LapanganPemdaSlemanSelatan4.stream/playlist.m3u8",
        "video_url": "https://cctv.jogjaprov.go.id/cctv-proxy/cctv-kominfosleman/LapanganPemdaSlemanSelatan4.stream/playlist.m3u8",
        "cctv_link": "https://cctv.jogjaprov.go.id/cctv-proxy/cctv-kominfosleman/LapanganPemdaSlemanSelatan4.stream/playlist.m3u8",
        "portal_url": "https://cctv.jogjaprov.go.id",
        "source_url": "https://cctv.jogjaprov.go.id/api/v1/location-pins?include=area,categories&filter%5Bhas_coords%5D=true&filter%5Bhas_slug%5D=true&filter%5Bevent_active%5D=true&filter%5Bdisabled%5D=false"
      },
      "geometry": {
        "type": "Point",
        "coordinates": [
          110.35498263,
          -7.71890668
        ]
      }
    },
    {
      "type": "Feature",
      "properties": {
        "id": "2250",
        "slug": "depan-dinkes-sleman",
        "name": "DepanDinkesSleman",
        "alias_name": "Depan Dinkes Sleman",
        "group_name": "Dinas Kominfo Sleman",
        "pin_type": "cctv",
        "category": "sleman",
        "connected": true,
        "featured": false,
        "descr": "Dinas Kominfo Sleman • sleman",
        "stream_url": "https://cctv.jogjaprov.go.id/cctv-proxy/cctv-kominfosleman/DepanDinkesSleman.stream/playlist.m3u8",
        "video_url": "https://cctv.jogjaprov.go.id/cctv-proxy/cctv-kominfosleman/DepanDinkesSleman.stream/playlist.m3u8",
        "cctv_link": "https://cctv.jogjaprov.go.id/cctv-proxy/cctv-kominfosleman/DepanDinkesSleman.stream/playlist.m3u8",
        "portal_url": "https://cctv.jogjaprov.go.id",
        "source_url": "https://cctv.jogjaprov.go.id/api/v1/location-pins?include=area,categories&filter%5Bhas_coords%5D=true&filter%5Bhas_slug%5D=true&filter%5Bevent_active%5D=true&filter%5Bdisabled%5D=false"
      },
      "geometry": {
        "type": "Point",
        "coordinates": [
          110.35619851,
          -7.71853468
        ]
      }
    },
    {
      "type": "Feature",
      "properties": {
        "id": "2279",
        "slug": "kalurahan-trihanggo",
        "name": "KalurahanTrihanggo",
        "alias_name": "Kalurahan Trihanggo",
        "group_name": "Dinas Kominfo Sleman",
        "pin_type": "cctv",
        "category": "sleman",
        "connected": true,
        "featured": false,
        "descr": "Dinas Kominfo Sleman • sleman",
        "stream_url": "https://cctv.jogjaprov.go.id/cctv-proxy/cctv-kominfosleman/KalurahanTrihanggo.stream/playlist.m3u8",
        "video_url": "https://cctv.jogjaprov.go.id/cctv-proxy/cctv-kominfosleman/KalurahanTrihanggo.stream/playlist.m3u8",
        "cctv_link": "https://cctv.jogjaprov.go.id/cctv-proxy/cctv-kominfosleman/KalurahanTrihanggo.stream/playlist.m3u8",
        "portal_url": "https://cctv.jogjaprov.go.id",
        "source_url": "https://cctv.jogjaprov.go.id/api/v1/location-pins?include=area,categories&filter%5Bhas_coords%5D=true&filter%5Bhas_slug%5D=true&filter%5Bevent_active%5D=true&filter%5Bdisabled%5D=false"
      },
      "geometry": {
        "type": "Point",
        "coordinates": [
          110.34518457,
          -7.76131562
        ]
      }
    },
    {
      "type": "Feature",
      "properties": {
        "id": "2280",
        "slug": "selokan-mataram-jl-kabupaten-arah-utara",
        "name": "SelokanKabupaten1",
        "alias_name": "Selokan Mataram-Jl. Kabupaten (arah utara)",
        "group_name": "Dinas Kominfo Sleman",
        "pin_type": "cctv",
        "category": "sleman",
        "connected": true,
        "featured": false,
        "descr": "Dinas Kominfo Sleman • sleman",
        "stream_url": "https://cctv.jogjaprov.go.id/cctv-proxy/cctv-kominfosleman/SelokanKabupaten1.stream/playlist.m3u8",
        "video_url": "https://cctv.jogjaprov.go.id/cctv-proxy/cctv-kominfosleman/SelokanKabupaten1.stream/playlist.m3u8",
        "cctv_link": "https://cctv.jogjaprov.go.id/cctv-proxy/cctv-kominfosleman/SelokanKabupaten1.stream/playlist.m3u8",
        "portal_url": "https://cctv.jogjaprov.go.id",
        "source_url": "https://cctv.jogjaprov.go.id/api/v1/location-pins?include=area,categories&filter%5Bhas_coords%5D=true&filter%5Bhas_slug%5D=true&filter%5Bevent_active%5D=true&filter%5Bdisabled%5D=false"
      },
      "geometry": {
        "type": "Point",
        "coordinates": [
          110.34703571,
          -7.75421341
        ]
      }
    },
    {
      "type": "Feature",
      "properties": {
        "id": "2281",
        "slug": "selokan-mataram-jl-kabupaten-arah-selatan",
        "name": "SelokanKabupaten2",
        "alias_name": "Selokan Mataram-Jl. Kabupaten (arah selatan)",
        "group_name": "Dinas Kominfo Sleman",
        "pin_type": "cctv",
        "category": "sleman",
        "connected": true,
        "featured": false,
        "descr": "Dinas Kominfo Sleman • sleman",
        "stream_url": "https://cctv.jogjaprov.go.id/cctv-proxy/cctv-kominfosleman/SelokanKabupaten2.stream/playlist.m3u8",
        "video_url": "https://cctv.jogjaprov.go.id/cctv-proxy/cctv-kominfosleman/SelokanKabupaten2.stream/playlist.m3u8",
        "cctv_link": "https://cctv.jogjaprov.go.id/cctv-proxy/cctv-kominfosleman/SelokanKabupaten2.stream/playlist.m3u8",
        "portal_url": "https://cctv.jogjaprov.go.id",
        "source_url": "https://cctv.jogjaprov.go.id/api/v1/location-pins?include=area,categories&filter%5Bhas_coords%5D=true&filter%5Bhas_slug%5D=true&filter%5Bevent_active%5D=true&filter%5Bdisabled%5D=false"
      },
      "geometry": {
        "type": "Point",
        "coordinates": [
          110.34715448,
          -7.75403521
        ]
      }
    },
    {
      "type": "Feature",
      "properties": {
        "id": "2283",
        "slug": "simpang-banyumili-kabupaten-arah-utara",
        "name": "BanyumiliKabupaten1",
        "alias_name": "Simpang Banyumili-Kabupaten (arah utara)",
        "group_name": "Dinas Kominfo Sleman",
        "pin_type": "cctv",
        "category": "sleman",
        "connected": true,
        "featured": false,
        "descr": "Dinas Kominfo Sleman • sleman",
        "stream_url": "https://cctv.jogjaprov.go.id/cctv-proxy/cctv-kominfosleman/BanyumiliKabupaten1.stream/playlist.m3u8",
        "video_url": "https://cctv.jogjaprov.go.id/cctv-proxy/cctv-kominfosleman/BanyumiliKabupaten1.stream/playlist.m3u8",
        "cctv_link": "https://cctv.jogjaprov.go.id/cctv-proxy/cctv-kominfosleman/BanyumiliKabupaten1.stream/playlist.m3u8",
        "portal_url": "https://cctv.jogjaprov.go.id",
        "source_url": "https://cctv.jogjaprov.go.id/api/v1/location-pins?include=area,categories&filter%5Bhas_coords%5D=true&filter%5Bhas_slug%5D=true&filter%5Bevent_active%5D=true&filter%5Bdisabled%5D=false"
      },
      "geometry": {
        "type": "Point",
        "coordinates": [
          110.34312601,
          -7.77046872
        ]
      }
    },
    {
      "type": "Feature",
      "properties": {
        "id": "2284",
        "slug": "simpang-banyumili-kabupaten-arah-selatan",
        "name": "BanyumiliKabupaten2",
        "alias_name": "Simpang Banyumili-Kabupaten (arah selatan)",
        "group_name": "Dinas Kominfo Sleman",
        "pin_type": "cctv",
        "category": "sleman",
        "connected": true,
        "featured": false,
        "descr": "Dinas Kominfo Sleman • sleman",
        "stream_url": "https://cctv.jogjaprov.go.id/cctv-proxy/cctv-kominfosleman/BanyumiliKabupaten2.stream/playlist.m3u8",
        "video_url": "https://cctv.jogjaprov.go.id/cctv-proxy/cctv-kominfosleman/BanyumiliKabupaten2.stream/playlist.m3u8",
        "cctv_link": "https://cctv.jogjaprov.go.id/cctv-proxy/cctv-kominfosleman/BanyumiliKabupaten2.stream/playlist.m3u8",
        "portal_url": "https://cctv.jogjaprov.go.id",
        "source_url": "https://cctv.jogjaprov.go.id/api/v1/location-pins?include=area,categories&filter%5Bhas_coords%5D=true&filter%5Bhas_slug%5D=true&filter%5Bevent_active%5D=true&filter%5Bdisabled%5D=false"
      },
      "geometry": {
        "type": "Point",
        "coordinates": [
          110.34319503,
          -7.77029456
        ]
      }
    },
    {
      "type": "Feature",
      "properties": {
        "id": "2286",
        "slug": "tugu-ijo-klampis-arah-utara",
        "name": "TuguKlampisMoyudan1",
        "alias_name": "Tugu Ijo Klampis (arah utara)",
        "group_name": "Dinas Kominfo Sleman",
        "pin_type": "cctv",
        "category": "sleman",
        "connected": true,
        "featured": false,
        "descr": "Dinas Kominfo Sleman • sleman",
        "stream_url": "https://cctv.jogjaprov.go.id/cctv-proxy/cctv-kominfosleman/TuguKlampisMoyudan1.stream/playlist.m3u8",
        "video_url": "https://cctv.jogjaprov.go.id/cctv-proxy/cctv-kominfosleman/TuguKlampisMoyudan1.stream/playlist.m3u8",
        "cctv_link": "https://cctv.jogjaprov.go.id/cctv-proxy/cctv-kominfosleman/TuguKlampisMoyudan1.stream/playlist.m3u8",
        "portal_url": "https://cctv.jogjaprov.go.id",
        "source_url": "https://cctv.jogjaprov.go.id/api/v1/location-pins?include=area,categories&filter%5Bhas_coords%5D=true&filter%5Bhas_slug%5D=true&filter%5Bevent_active%5D=true&filter%5Bdisabled%5D=false"
      },
      "geometry": {
        "type": "Point",
        "coordinates": [
          110.24877702,
          -7.7896418
        ]
      }
    },
    {
      "type": "Feature",
      "properties": {
        "id": "2287",
        "slug": "tugu-ijo-klampis-arah-selatan",
        "name": "TuguKlampisMoyudan2",
        "alias_name": "Tugu Ijo Klampis (arah selatan)",
        "group_name": "Dinas Kominfo Sleman",
        "pin_type": "cctv",
        "category": "sleman",
        "connected": true,
        "featured": false,
        "descr": "Dinas Kominfo Sleman • sleman",
        "stream_url": "https://cctv.jogjaprov.go.id/cctv-proxy/cctv-kominfosleman/TuguKlampisMoyudan2.stream/playlist.m3u8",
        "video_url": "https://cctv.jogjaprov.go.id/cctv-proxy/cctv-kominfosleman/TuguKlampisMoyudan2.stream/playlist.m3u8",
        "cctv_link": "https://cctv.jogjaprov.go.id/cctv-proxy/cctv-kominfosleman/TuguKlampisMoyudan2.stream/playlist.m3u8",
        "portal_url": "https://cctv.jogjaprov.go.id",
        "source_url": "https://cctv.jogjaprov.go.id/api/v1/location-pins?include=area,categories&filter%5Bhas_coords%5D=true&filter%5Bhas_slug%5D=true&filter%5Bevent_active%5D=true&filter%5Bdisabled%5D=false"
      },
      "geometry": {
        "type": "Point",
        "coordinates": [
          110.24872884,
          -7.78982902
        ]
      }
    },
    {
      "type": "Feature",
      "properties": {
        "id": "2288",
        "slug": "jembatan-krasak-arah-magelang",
        "name": "JembatanKrasakMagelang",
        "alias_name": "Jembatan Krasak (arah Magelang)",
        "group_name": "Dinas Kominfo Sleman",
        "pin_type": "cctv",
        "category": "",
        "connected": true,
        "featured": false,
        "descr": "Dinas Kominfo Sleman",
        "stream_url": "https://cctv.jogjaprov.go.id/cctv-proxy/cctv-kominfosleman/JembatanKrasakMagelang.stream/playlist.m3u8",
        "video_url": "https://cctv.jogjaprov.go.id/cctv-proxy/cctv-kominfosleman/JembatanKrasakMagelang.stream/playlist.m3u8",
        "cctv_link": "https://cctv.jogjaprov.go.id/cctv-proxy/cctv-kominfosleman/JembatanKrasakMagelang.stream/playlist.m3u8",
        "portal_url": "https://cctv.jogjaprov.go.id",
        "source_url": "https://cctv.jogjaprov.go.id/api/v1/location-pins?include=area,categories&filter%5Bhas_coords%5D=true&filter%5Bhas_slug%5D=true&filter%5Bevent_active%5D=true&filter%5Bdisabled%5D=false"
      },
      "geometry": {
        "type": "Point",
        "coordinates": [
          110.324141,
          -7.645906
        ]
      }
    },
    {
      "type": "Feature",
      "properties": {
        "id": "2289",
        "slug": "jembatan-krasak-arah-jogja",
        "name": "JembatanKrasakJogja",
        "alias_name": "Jembatan Krasak (arah Jogja)",
        "group_name": "Dinas Kominfo Sleman",
        "pin_type": "cctv",
        "category": "",
        "connected": true,
        "featured": false,
        "descr": "Dinas Kominfo Sleman",
        "stream_url": "https://cctv.jogjaprov.go.id/cctv-proxy/cctv-kominfosleman/JembatanKrasakJogja.stream/playlist.m3u8",
        "video_url": "https://cctv.jogjaprov.go.id/cctv-proxy/cctv-kominfosleman/JembatanKrasakJogja.stream/playlist.m3u8",
        "cctv_link": "https://cctv.jogjaprov.go.id/cctv-proxy/cctv-kominfosleman/JembatanKrasakJogja.stream/playlist.m3u8",
        "portal_url": "https://cctv.jogjaprov.go.id",
        "source_url": "https://cctv.jogjaprov.go.id/api/v1/location-pins?include=area,categories&filter%5Bhas_coords%5D=true&filter%5Bhas_slug%5D=true&filter%5Bevent_active%5D=true&filter%5Bdisabled%5D=false"
      },
      "geometry": {
        "type": "Point",
        "coordinates": [
          110.323897,
          -7.645823
        ]
      }
    },
    {
      "type": "Feature",
      "properties": {
        "id": "2290",
        "slug": "simpang-pasar-sleman-jl-magelang-arah-selatan",
        "name": "SimpangPasarSleman1",
        "alias_name": "Simpang Pasar Sleman-Jl. Magelang (arah selatan)",
        "group_name": "Dinas Kominfo Sleman",
        "pin_type": "cctv",
        "category": "sleman",
        "connected": true,
        "featured": false,
        "descr": "Dinas Kominfo Sleman • sleman",
        "stream_url": "https://cctv.jogjaprov.go.id/cctv-proxy/cctv-kominfosleman/SimpangPasarSleman1.stream/playlist.m3u8",
        "video_url": "https://cctv.jogjaprov.go.id/cctv-proxy/cctv-kominfosleman/SimpangPasarSleman1.stream/playlist.m3u8",
        "cctv_link": "https://cctv.jogjaprov.go.id/cctv-proxy/cctv-kominfosleman/SimpangPasarSleman1.stream/playlist.m3u8",
        "portal_url": "https://cctv.jogjaprov.go.id",
        "source_url": "https://cctv.jogjaprov.go.id/api/v1/location-pins?include=area,categories&filter%5Bhas_coords%5D=true&filter%5Bhas_slug%5D=true&filter%5Bevent_active%5D=true&filter%5Bdisabled%5D=false"
      },
      "geometry": {
        "type": "Point",
        "coordinates": [
          110.34875485,
          -7.7012391
        ]
      }
    },
    {
      "type": "Feature",
      "properties": {
        "id": "2291",
        "slug": "simpang-pasar-sleman-jl-magelang-arah-barat",
        "name": "SimpangPasarSleman2",
        "alias_name": "Simpang Pasar Sleman-Jl. Magelang (arah barat)",
        "group_name": "Dinas Kominfo Sleman",
        "pin_type": "cctv",
        "category": "sleman",
        "connected": true,
        "featured": false,
        "descr": "Dinas Kominfo Sleman • sleman",
        "stream_url": "https://cctv.jogjaprov.go.id/cctv-proxy/cctv-kominfosleman/SimpangPasarSleman2.stream/playlist.m3u8",
        "video_url": "https://cctv.jogjaprov.go.id/cctv-proxy/cctv-kominfosleman/SimpangPasarSleman2.stream/playlist.m3u8",
        "cctv_link": "https://cctv.jogjaprov.go.id/cctv-proxy/cctv-kominfosleman/SimpangPasarSleman2.stream/playlist.m3u8",
        "portal_url": "https://cctv.jogjaprov.go.id",
        "source_url": "https://cctv.jogjaprov.go.id/api/v1/location-pins?include=area,categories&filter%5Bhas_coords%5D=true&filter%5Bhas_slug%5D=true&filter%5Bevent_active%5D=true&filter%5Bdisabled%5D=false"
      },
      "geometry": {
        "type": "Point",
        "coordinates": [
          110.3485679,
          -7.7010888
        ]
      }
    },
    {
      "type": "Feature",
      "properties": {
        "id": "2292",
        "slug": "simpang-pasar-sleman-jl-magelang-arah-utara",
        "name": "SimpangPasarSleman3",
        "alias_name": "Simpang Pasar Sleman-Jl. Magelang (arah utara)",
        "group_name": "Dinas Kominfo Sleman",
        "pin_type": "cctv",
        "category": "sleman",
        "connected": true,
        "featured": false,
        "descr": "Dinas Kominfo Sleman • sleman",
        "stream_url": "https://cctv.jogjaprov.go.id/cctv-proxy/cctv-kominfosleman/SimpangPasarSleman3.stream/playlist.m3u8",
        "video_url": "https://cctv.jogjaprov.go.id/cctv-proxy/cctv-kominfosleman/SimpangPasarSleman3.stream/playlist.m3u8",
        "cctv_link": "https://cctv.jogjaprov.go.id/cctv-proxy/cctv-kominfosleman/SimpangPasarSleman3.stream/playlist.m3u8",
        "portal_url": "https://cctv.jogjaprov.go.id",
        "source_url": "https://cctv.jogjaprov.go.id/api/v1/location-pins?include=area,categories&filter%5Bhas_coords%5D=true&filter%5Bhas_slug%5D=true&filter%5Bevent_active%5D=true&filter%5Bdisabled%5D=false"
      },
      "geometry": {
        "type": "Point",
        "coordinates": [
          110.3484928,
          -7.70092395
        ]
      }
    },
    {
      "type": "Feature",
      "properties": {
        "id": "2293",
        "slug": "rsud-morangan-arah-utara",
        "name": "RSUDMorangan1",
        "alias_name": "RSUD Morangan (arah utara)",
        "group_name": "Dinas Kominfo Sleman",
        "pin_type": "cctv",
        "category": "sleman, Rumah Sakit",
        "connected": true,
        "featured": false,
        "descr": "Dinas Kominfo Sleman • sleman, Rumah Sakit",
        "stream_url": "https://cctv.jogjaprov.go.id/cctv-proxy/cctv-kominfosleman/RSUDMorangan1.stream/playlist.m3u8",
        "video_url": "https://cctv.jogjaprov.go.id/cctv-proxy/cctv-kominfosleman/RSUDMorangan1.stream/playlist.m3u8",
        "cctv_link": "https://cctv.jogjaprov.go.id/cctv-proxy/cctv-kominfosleman/RSUDMorangan1.stream/playlist.m3u8",
        "portal_url": "https://cctv.jogjaprov.go.id",
        "source_url": "https://cctv.jogjaprov.go.id/api/v1/location-pins?include=area,categories&filter%5Bhas_coords%5D=true&filter%5Bhas_slug%5D=true&filter%5Bevent_active%5D=true&filter%5Bdisabled%5D=false"
      },
      "geometry": {
        "type": "Point",
        "coordinates": [
          110.34165488,
          -7.68710309
        ]
      }
    },
    {
      "type": "Feature",
      "properties": {
        "id": "2294",
        "slug": "rsud-morangan-arah-selatan",
        "name": "RSUDMorangan2",
        "alias_name": "RSUD Morangan (arah selatan)",
        "group_name": "Dinas Kominfo Sleman",
        "pin_type": "cctv",
        "category": "sleman, Rumah Sakit",
        "connected": true,
        "featured": false,
        "descr": "Dinas Kominfo Sleman • sleman, Rumah Sakit",
        "stream_url": "https://cctv.jogjaprov.go.id/cctv-proxy/cctv-kominfosleman/RSUDMorangan2.stream/playlist.m3u8",
        "video_url": "https://cctv.jogjaprov.go.id/cctv-proxy/cctv-kominfosleman/RSUDMorangan2.stream/playlist.m3u8",
        "cctv_link": "https://cctv.jogjaprov.go.id/cctv-proxy/cctv-kominfosleman/RSUDMorangan2.stream/playlist.m3u8",
        "portal_url": "https://cctv.jogjaprov.go.id",
        "source_url": "https://cctv.jogjaprov.go.id/api/v1/location-pins?include=area,categories&filter%5Bhas_coords%5D=true&filter%5Bhas_slug%5D=true&filter%5Bevent_active%5D=true&filter%5Bdisabled%5D=false"
      },
      "geometry": {
        "type": "Point",
        "coordinates": [
          110.34180658,
          -7.68729735
        ]
      }
    },
    {
      "type": "Feature",
      "properties": {
        "id": "2295",
        "slug": "tempel-bawah-belokan",
        "name": "TempelBawah1",
        "alias_name": "Tempel Bawah (belokan)",
        "group_name": "Dinas Kominfo Sleman",
        "pin_type": "cctv",
        "category": "sleman",
        "connected": true,
        "featured": false,
        "descr": "Dinas Kominfo Sleman • sleman",
        "stream_url": "https://cctv.jogjaprov.go.id/cctv-proxy/cctv-kominfosleman/TempelBawah1.stream/playlist.m3u8",
        "video_url": "https://cctv.jogjaprov.go.id/cctv-proxy/cctv-kominfosleman/TempelBawah1.stream/playlist.m3u8",
        "cctv_link": "https://cctv.jogjaprov.go.id/cctv-proxy/cctv-kominfosleman/TempelBawah1.stream/playlist.m3u8",
        "portal_url": "https://cctv.jogjaprov.go.id",
        "source_url": "https://cctv.jogjaprov.go.id/api/v1/location-pins?include=area,categories&filter%5Bhas_coords%5D=true&filter%5Bhas_slug%5D=true&filter%5Bevent_active%5D=true&filter%5Bdisabled%5D=false"
      },
      "geometry": {
        "type": "Point",
        "coordinates": [
          110.32449135,
          -7.64716763
        ]
      }
    },
    {
      "type": "Feature",
      "properties": {
        "id": "2296",
        "slug": "tempel-bawah-arah-utara",
        "name": "TempelBawah2",
        "alias_name": "Tempel Bawah (arah utara)",
        "group_name": "Dinas Kominfo Sleman",
        "pin_type": "cctv",
        "category": "sleman",
        "connected": true,
        "featured": false,
        "descr": "Dinas Kominfo Sleman • sleman",
        "stream_url": "https://cctv.jogjaprov.go.id/cctv-proxy/cctv-kominfosleman/TempelBawah2.stream/playlist.m3u8",
        "video_url": "https://cctv.jogjaprov.go.id/cctv-proxy/cctv-kominfosleman/TempelBawah2.stream/playlist.m3u8",
        "cctv_link": "https://cctv.jogjaprov.go.id/cctv-proxy/cctv-kominfosleman/TempelBawah2.stream/playlist.m3u8",
        "portal_url": "https://cctv.jogjaprov.go.id",
        "source_url": "https://cctv.jogjaprov.go.id/api/v1/location-pins?include=area,categories&filter%5Bhas_coords%5D=true&filter%5Bhas_slug%5D=true&filter%5Bevent_active%5D=true&filter%5Bdisabled%5D=false"
      },
      "geometry": {
        "type": "Point",
        "coordinates": [
          110.3245913,
          -7.6470531
        ]
      }
    },
    {
      "type": "Feature",
      "properties": {
        "id": "2297",
        "slug": "tempel-bawah-turunan",
        "name": "TempelBawah3",
        "alias_name": "Tempel Bawah (turunan)",
        "group_name": "Dinas Kominfo Sleman",
        "pin_type": "cctv",
        "category": "sleman",
        "connected": true,
        "featured": false,
        "descr": "Dinas Kominfo Sleman • sleman",
        "stream_url": "https://cctv.jogjaprov.go.id/cctv-proxy/cctv-kominfosleman/TempelBawah3.stream/playlist.m3u8",
        "video_url": "https://cctv.jogjaprov.go.id/cctv-proxy/cctv-kominfosleman/TempelBawah3.stream/playlist.m3u8",
        "cctv_link": "https://cctv.jogjaprov.go.id/cctv-proxy/cctv-kominfosleman/TempelBawah3.stream/playlist.m3u8",
        "portal_url": "https://cctv.jogjaprov.go.id",
        "source_url": "https://cctv.jogjaprov.go.id/api/v1/location-pins?include=area,categories&filter%5Bhas_coords%5D=true&filter%5Bhas_slug%5D=true&filter%5Bevent_active%5D=true&filter%5Bdisabled%5D=false"
      },
      "geometry": {
        "type": "Point",
        "coordinates": [
          110.32476832,
          -7.64690423
        ]
      }
    },
    {
      "type": "Feature",
      "properties": {
        "id": "2299",
        "slug": "tugu-kaliurang-tugu-udang",
        "name": "TuguKaliurang",
        "alias_name": "Tugu Kaliurang (Tugu Udang)",
        "group_name": "Dinas Kominfo Sleman",
        "pin_type": "cctv",
        "category": "sleman",
        "connected": true,
        "featured": false,
        "descr": "Dinas Kominfo Sleman • sleman",
        "stream_url": "https://cctv.jogjaprov.go.id/cctv-proxy/cctv-kominfosleman/TuguKaliurang.stream/playlist.m3u8",
        "video_url": "https://cctv.jogjaprov.go.id/cctv-proxy/cctv-kominfosleman/TuguKaliurang.stream/playlist.m3u8",
        "cctv_link": "https://cctv.jogjaprov.go.id/cctv-proxy/cctv-kominfosleman/TuguKaliurang.stream/playlist.m3u8",
        "portal_url": "https://cctv.jogjaprov.go.id",
        "source_url": "https://cctv.jogjaprov.go.id/api/v1/location-pins?include=area,categories&filter%5Bhas_coords%5D=true&filter%5Bhas_slug%5D=true&filter%5Bevent_active%5D=true&filter%5Bdisabled%5D=false"
      },
      "geometry": {
        "type": "Point",
        "coordinates": [
          110.42696162,
          -7.60335513
        ]
      }
    },
    {
      "type": "Feature",
      "properties": {
        "id": "2300",
        "slug": "tugu-kaliurang-arah-wisma",
        "name": "TuguKaliurangWisma",
        "alias_name": "Tugu Kaliurang arah Wisma",
        "group_name": "Dinas Kominfo Sleman",
        "pin_type": "cctv",
        "category": "sleman",
        "connected": true,
        "featured": false,
        "descr": "Dinas Kominfo Sleman • sleman",
        "stream_url": "https://cctv.jogjaprov.go.id/cctv-proxy/cctv-kominfosleman/TuguKaliurangWisma.stream/playlist.m3u8",
        "video_url": "https://cctv.jogjaprov.go.id/cctv-proxy/cctv-kominfosleman/TuguKaliurangWisma.stream/playlist.m3u8",
        "cctv_link": "https://cctv.jogjaprov.go.id/cctv-proxy/cctv-kominfosleman/TuguKaliurangWisma.stream/playlist.m3u8",
        "portal_url": "https://cctv.jogjaprov.go.id",
        "source_url": "https://cctv.jogjaprov.go.id/api/v1/location-pins?include=area,categories&filter%5Bhas_coords%5D=true&filter%5Bhas_slug%5D=true&filter%5Bevent_active%5D=true&filter%5Bdisabled%5D=false"
      },
      "geometry": {
        "type": "Point",
        "coordinates": [
          110.42688387,
          -7.6032807
        ]
      }
    },
    {
      "type": "Feature",
      "properties": {
        "id": "2301",
        "slug": "tugu-kaliurang-arah-jogja",
        "name": "TuguKaliurangJogja",
        "alias_name": "Tugu Kaliurang arah Jogja",
        "group_name": "Dinas Kominfo Sleman",
        "pin_type": "cctv",
        "category": "sleman",
        "connected": true,
        "featured": false,
        "descr": "Dinas Kominfo Sleman • sleman",
        "stream_url": "https://cctv.jogjaprov.go.id/cctv-proxy/cctv-kominfosleman/TuguKaliurangJogja.stream/playlist.m3u8",
        "video_url": "https://cctv.jogjaprov.go.id/cctv-proxy/cctv-kominfosleman/TuguKaliurangJogja.stream/playlist.m3u8",
        "cctv_link": "https://cctv.jogjaprov.go.id/cctv-proxy/cctv-kominfosleman/TuguKaliurangJogja.stream/playlist.m3u8",
        "portal_url": "https://cctv.jogjaprov.go.id",
        "source_url": "https://cctv.jogjaprov.go.id/api/v1/location-pins?include=area,categories&filter%5Bhas_coords%5D=true&filter%5Bhas_slug%5D=true&filter%5Bevent_active%5D=true&filter%5Bdisabled%5D=false"
      },
      "geometry": {
        "type": "Point",
        "coordinates": [
          110.42702873,
          -7.60342764
        ]
      }
    },
    {
      "type": "Feature",
      "properties": {
        "id": "2304",
        "slug": "pasar-cebongan-arah-selatan",
        "name": "PasarCebonganSelatan",
        "alias_name": "Pasar Cebongan (arah selatan)",
        "group_name": "Dinas Kominfo Sleman",
        "pin_type": "cctv",
        "category": "sleman",
        "connected": true,
        "featured": false,
        "descr": "Dinas Kominfo Sleman • sleman",
        "stream_url": "https://cctv.jogjaprov.go.id/cctv-proxy/cctv-kominfosleman/PasarCebonganSelatan.stream/playlist.m3u8",
        "video_url": "https://cctv.jogjaprov.go.id/cctv-proxy/cctv-kominfosleman/PasarCebonganSelatan.stream/playlist.m3u8",
        "cctv_link": "https://cctv.jogjaprov.go.id/cctv-proxy/cctv-kominfosleman/PasarCebonganSelatan.stream/playlist.m3u8",
        "portal_url": "https://cctv.jogjaprov.go.id",
        "source_url": "https://cctv.jogjaprov.go.id/api/v1/location-pins?include=area,categories&filter%5Bhas_coords%5D=true&filter%5Bhas_slug%5D=true&filter%5Bevent_active%5D=true&filter%5Bdisabled%5D=false"
      },
      "geometry": {
        "type": "Point",
        "coordinates": [
          110.33131041,
          -7.73028979
        ]
      }
    },
    {
      "type": "Feature",
      "properties": {
        "id": "2308",
        "slug": "kalurahan-pandowoharjo-arah-selatan",
        "name": "PendowoSelatan",
        "alias_name": "Kalurahan Pandowoharjo (arah selatan)",
        "group_name": "Dinas Kominfo Sleman",
        "pin_type": "cctv",
        "category": "sleman",
        "connected": true,
        "featured": false,
        "descr": "Dinas Kominfo Sleman • sleman",
        "stream_url": "https://cctv.jogjaprov.go.id/cctv-proxy/cctv-kominfosleman/PendowoSelatan.stream/playlist.m3u8",
        "video_url": "https://cctv.jogjaprov.go.id/cctv-proxy/cctv-kominfosleman/PendowoSelatan.stream/playlist.m3u8",
        "cctv_link": "https://cctv.jogjaprov.go.id/cctv-proxy/cctv-kominfosleman/PendowoSelatan.stream/playlist.m3u8",
        "portal_url": "https://cctv.jogjaprov.go.id",
        "source_url": "https://cctv.jogjaprov.go.id/api/v1/location-pins?include=area,categories&filter%5Bhas_coords%5D=true&filter%5Bhas_slug%5D=true&filter%5Bevent_active%5D=true&filter%5Bdisabled%5D=false"
      },
      "geometry": {
        "type": "Point",
        "coordinates": [
          110.36452199,
          -7.70051389
        ]
      }
    },
    {
      "type": "Feature",
      "properties": {
        "id": "2309",
        "slug": "kalurahan-pandowoharjo-arah-utara",
        "name": "PendowoUtara",
        "alias_name": "Kalurahan Pandowoharjo (arah utara)",
        "group_name": "Dinas Kominfo Sleman",
        "pin_type": "cctv",
        "category": "sleman",
        "connected": true,
        "featured": false,
        "descr": "Dinas Kominfo Sleman • sleman",
        "stream_url": "https://cctv.jogjaprov.go.id/cctv-proxy/cctv-kominfosleman/PendowoUtara.stream/playlist.m3u8",
        "video_url": "https://cctv.jogjaprov.go.id/cctv-proxy/cctv-kominfosleman/PendowoUtara.stream/playlist.m3u8",
        "cctv_link": "https://cctv.jogjaprov.go.id/cctv-proxy/cctv-kominfosleman/PendowoUtara.stream/playlist.m3u8",
        "portal_url": "https://cctv.jogjaprov.go.id",
        "source_url": "https://cctv.jogjaprov.go.id/api/v1/location-pins?include=area,categories&filter%5Bhas_coords%5D=true&filter%5Bhas_slug%5D=true&filter%5Bevent_active%5D=true&filter%5Bdisabled%5D=false"
      },
      "geometry": {
        "type": "Point",
        "coordinates": [
          110.36467149,
          -7.7004222
        ]
      }
    },
    {
      "type": "Feature",
      "properties": {
        "id": "2315",
        "slug": "puskesmas-ngemplak-2-arah-barat",
        "name": "PuskesmasNgemplak2Barat",
        "alias_name": "Puskesmas Ngemplak 2 (arah barat)",
        "group_name": "Dinas Kominfo Sleman",
        "pin_type": "cctv",
        "category": "sleman",
        "connected": true,
        "featured": false,
        "descr": "Dinas Kominfo Sleman • sleman",
        "stream_url": "https://cctv.jogjaprov.go.id/cctv-proxy/cctv-kominfosleman/PuskesmasNgemplak2Barat.stream/playlist.m3u8",
        "video_url": "https://cctv.jogjaprov.go.id/cctv-proxy/cctv-kominfosleman/PuskesmasNgemplak2Barat.stream/playlist.m3u8",
        "cctv_link": "https://cctv.jogjaprov.go.id/cctv-proxy/cctv-kominfosleman/PuskesmasNgemplak2Barat.stream/playlist.m3u8",
        "portal_url": "https://cctv.jogjaprov.go.id",
        "source_url": "https://cctv.jogjaprov.go.id/api/v1/location-pins?include=area,categories&filter%5Bhas_coords%5D=true&filter%5Bhas_slug%5D=true&filter%5Bevent_active%5D=true&filter%5Bdisabled%5D=false"
      },
      "geometry": {
        "type": "Point",
        "coordinates": [
          110.44474642,
          -7.70294525
        ]
      }
    },
    {
      "type": "Feature",
      "properties": {
        "id": "2316",
        "slug": "puskesmas-ngemplak-2-arah-timur",
        "name": "PuskesmasNgemplak2Timur",
        "alias_name": "Puskesmas Ngemplak 2 (arah timur)",
        "group_name": "Dinas Kominfo Sleman",
        "pin_type": "cctv",
        "category": "sleman",
        "connected": true,
        "featured": false,
        "descr": "Dinas Kominfo Sleman • sleman",
        "stream_url": "https://cctv.jogjaprov.go.id/cctv-proxy/cctv-kominfosleman/PuskesmasNgemplak2Timur.stream/playlist.m3u8",
        "video_url": "https://cctv.jogjaprov.go.id/cctv-proxy/cctv-kominfosleman/PuskesmasNgemplak2Timur.stream/playlist.m3u8",
        "cctv_link": "https://cctv.jogjaprov.go.id/cctv-proxy/cctv-kominfosleman/PuskesmasNgemplak2Timur.stream/playlist.m3u8",
        "portal_url": "https://cctv.jogjaprov.go.id",
        "source_url": "https://cctv.jogjaprov.go.id/api/v1/location-pins?include=area,categories&filter%5Bhas_coords%5D=true&filter%5Bhas_slug%5D=true&filter%5Bevent_active%5D=true&filter%5Bdisabled%5D=false"
      },
      "geometry": {
        "type": "Point",
        "coordinates": [
          110.4444326,
          -7.70306218
        ]
      }
    },
    {
      "type": "Feature",
      "properties": {
        "id": "2317",
        "slug": "puskesmas-moyudan-arah-selatan",
        "name": "PuskesmasMoyudanSelatan",
        "alias_name": "Puskesmas Moyudan (arah selatan)",
        "group_name": "Dinas Kominfo Sleman",
        "pin_type": "cctv",
        "category": "sleman",
        "connected": true,
        "featured": false,
        "descr": "Dinas Kominfo Sleman • sleman",
        "stream_url": "https://cctv.jogjaprov.go.id/cctv-proxy/cctv-kominfosleman/PuskesmasMoyudanSelatan.stream/playlist.m3u8",
        "video_url": "https://cctv.jogjaprov.go.id/cctv-proxy/cctv-kominfosleman/PuskesmasMoyudanSelatan.stream/playlist.m3u8",
        "cctv_link": "https://cctv.jogjaprov.go.id/cctv-proxy/cctv-kominfosleman/PuskesmasMoyudanSelatan.stream/playlist.m3u8",
        "portal_url": "https://cctv.jogjaprov.go.id",
        "source_url": "https://cctv.jogjaprov.go.id/api/v1/location-pins?include=area,categories&filter%5Bhas_coords%5D=true&filter%5Bhas_slug%5D=true&filter%5Bevent_active%5D=true&filter%5Bdisabled%5D=false"
      },
      "geometry": {
        "type": "Point",
        "coordinates": [
          110.25260597,
          -7.77605126
        ]
      }
    },
    {
      "type": "Feature",
      "properties": {
        "id": "2318",
        "slug": "puskesmas-moyudan-arah-utara",
        "name": "PuskesmasMoyudanUtara",
        "alias_name": "Puskesmas Moyudan (arah utara)",
        "group_name": "Dinas Kominfo Sleman",
        "pin_type": "cctv",
        "category": "sleman",
        "connected": true,
        "featured": false,
        "descr": "Dinas Kominfo Sleman • sleman",
        "stream_url": "https://cctv.jogjaprov.go.id/cctv-proxy/cctv-kominfosleman/PuskesmasMoyudanUtara.stream/playlist.m3u8",
        "video_url": "https://cctv.jogjaprov.go.id/cctv-proxy/cctv-kominfosleman/PuskesmasMoyudanUtara.stream/playlist.m3u8",
        "cctv_link": "https://cctv.jogjaprov.go.id/cctv-proxy/cctv-kominfosleman/PuskesmasMoyudanUtara.stream/playlist.m3u8",
        "portal_url": "https://cctv.jogjaprov.go.id",
        "source_url": "https://cctv.jogjaprov.go.id/api/v1/location-pins?include=area,categories&filter%5Bhas_coords%5D=true&filter%5Bhas_slug%5D=true&filter%5Bevent_active%5D=true&filter%5Bdisabled%5D=false"
      },
      "geometry": {
        "type": "Point",
        "coordinates": [
          110.25269759,
          -7.77575528
        ]
      }
    },
    {
      "type": "Feature",
      "properties": {
        "id": "2322",
        "slug": "simpang-kolombo-view-selatan",
        "name": "Simpang_Kolombo1",
        "alias_name": "Simpang Kolombo (view Selatan)",
        "group_name": "Dinas Kominfo Sleman",
        "pin_type": "cctv",
        "category": "",
        "connected": true,
        "featured": false,
        "descr": "Dinas Kominfo Sleman",
        "stream_url": "https://cctv.jogjaprov.go.id/cctv-proxy/cctv-kominfosleman/Simpang_Kolombo1.stream/playlist.m3u8",
        "video_url": "https://cctv.jogjaprov.go.id/cctv-proxy/cctv-kominfosleman/Simpang_Kolombo1.stream/playlist.m3u8",
        "cctv_link": "https://cctv.jogjaprov.go.id/cctv-proxy/cctv-kominfosleman/Simpang_Kolombo1.stream/playlist.m3u8",
        "portal_url": "https://cctv.jogjaprov.go.id",
        "source_url": "https://cctv.jogjaprov.go.id/api/v1/location-pins?include=area,categories&filter%5Bhas_coords%5D=true&filter%5Bhas_slug%5D=true&filter%5Bevent_active%5D=true&filter%5Bdisabled%5D=false"
      },
      "geometry": {
        "type": "Point",
        "coordinates": [
          110.388766,
          -7.777896
        ]
      }
    },
    {
      "type": "Feature",
      "properties": {
        "id": "2326",
        "slug": "simpang-seturan-view-timur",
        "name": "SeturanTimur",
        "alias_name": "Simpang Seturan (view Timur)",
        "group_name": "Dinas Perhubungan DIY",
        "pin_type": "cctv",
        "category": "sleman",
        "connected": true,
        "featured": false,
        "descr": "Dinas Perhubungan DIY • sleman",
        "stream_url": "https://cctv.jogjaprov.go.id/cctv-proxy/atcs/SeturanTimur.stream/playlist.m3u8",
        "video_url": "https://cctv.jogjaprov.go.id/cctv-proxy/atcs/SeturanTimur.stream/playlist.m3u8",
        "cctv_link": "https://cctv.jogjaprov.go.id/cctv-proxy/atcs/SeturanTimur.stream/playlist.m3u8",
        "portal_url": "https://cctv.jogjaprov.go.id",
        "source_url": "https://cctv.jogjaprov.go.id/api/v1/location-pins?include=area,categories&filter%5Bhas_coords%5D=true&filter%5Bhas_slug%5D=true&filter%5Bevent_active%5D=true&filter%5Bdisabled%5D=false"
      },
      "geometry": {
        "type": "Point",
        "coordinates": [
          110.41211269,
          -7.76190404
        ]
      }
    },
    {
      "type": "Feature",
      "properties": {
        "id": "2327",
        "slug": "simpang-denggung",
        "name": "Denggung",
        "alias_name": "Simpang Denggung",
        "group_name": "Dinas Perhubungan DIY",
        "pin_type": "cctv",
        "category": "",
        "connected": true,
        "featured": false,
        "descr": "Dinas Perhubungan DIY",
        "stream_url": "https://cctv.jogjaprov.go.id/cctv-proxy/atcs/Denggung.stream/playlist.m3u8",
        "video_url": "https://cctv.jogjaprov.go.id/cctv-proxy/atcs/Denggung.stream/playlist.m3u8",
        "cctv_link": "https://cctv.jogjaprov.go.id/cctv-proxy/atcs/Denggung.stream/playlist.m3u8",
        "portal_url": "https://cctv.jogjaprov.go.id",
        "source_url": "https://cctv.jogjaprov.go.id/api/v1/location-pins?include=area,categories&filter%5Bhas_coords%5D=true&filter%5Bhas_slug%5D=true&filter%5Bevent_active%5D=true&filter%5Bdisabled%5D=false"
      },
      "geometry": {
        "type": "Point",
        "coordinates": [
          110.361426,
          -7.721785
        ]
      }
    },
    {
      "type": "Feature",
      "properties": {
        "id": "2334",
        "slug": "pakem",
        "name": "Pakem",
        "alias_name": "Pakem",
        "group_name": "Dinas Perhubungan DIY",
        "pin_type": "cctv",
        "category": "sleman",
        "connected": true,
        "featured": false,
        "descr": "Dinas Perhubungan DIY • sleman",
        "stream_url": "https://cctv.jogjaprov.go.id/cctv-proxy/atcs/Pakem.stream/playlist.m3u8",
        "video_url": "https://cctv.jogjaprov.go.id/cctv-proxy/atcs/Pakem.stream/playlist.m3u8",
        "cctv_link": "https://cctv.jogjaprov.go.id/cctv-proxy/atcs/Pakem.stream/playlist.m3u8",
        "portal_url": "https://cctv.jogjaprov.go.id",
        "source_url": "https://cctv.jogjaprov.go.id/api/v1/location-pins?include=area,categories&filter%5Bhas_coords%5D=true&filter%5Bhas_slug%5D=true&filter%5Bevent_active%5D=true&filter%5Bdisabled%5D=false"
      },
      "geometry": {
        "type": "Point",
        "coordinates": [
          110.41806788,
          -7.66730958
        ]
      }
    },
    {
      "type": "Feature",
      "properties": {
        "id": "2335",
        "slug": "simpang-prambanan-arah-timur",
        "name": "Prambanan",
        "alias_name": "Simpang Prambanan (arah timur)",
        "group_name": "Dinas Perhubungan DIY",
        "pin_type": "cctv",
        "category": "sleman",
        "connected": false,
        "featured": false,
        "descr": "Dinas Perhubungan DIY • sleman",
        "stream_url": "https://cctv.jogjaprov.go.id/cctv-proxy/atcs/Prambanan.stream/playlist.m3u8",
        "video_url": "https://cctv.jogjaprov.go.id/cctv-proxy/atcs/Prambanan.stream/playlist.m3u8",
        "cctv_link": "https://cctv.jogjaprov.go.id/cctv-proxy/atcs/Prambanan.stream/playlist.m3u8",
        "portal_url": "https://cctv.jogjaprov.go.id",
        "source_url": "https://cctv.jogjaprov.go.id/api/v1/location-pins?include=area,categories&filter%5Bhas_coords%5D=true&filter%5Bhas_slug%5D=true&filter%5Bevent_active%5D=true&filter%5Bdisabled%5D=false"
      },
      "geometry": {
        "type": "Point",
        "coordinates": [
          110.489275,
          -7.755495
        ]
      }
    },
    {
      "type": "Feature",
      "properties": {
        "id": "2336",
        "slug": "simpang-gamping-arah-timur",
        "name": "GampingTimur",
        "alias_name": "Simpang Gamping (arah timur)",
        "group_name": "Dinas Perhubungan DIY",
        "pin_type": "cctv",
        "category": "sleman",
        "connected": true,
        "featured": false,
        "descr": "Dinas Perhubungan DIY • sleman",
        "stream_url": "https://cctv.jogjaprov.go.id/cctv-proxy/atcs/GampingTimur.stream/playlist.m3u8",
        "video_url": "https://cctv.jogjaprov.go.id/cctv-proxy/atcs/GampingTimur.stream/playlist.m3u8",
        "cctv_link": "https://cctv.jogjaprov.go.id/cctv-proxy/atcs/GampingTimur.stream/playlist.m3u8",
        "portal_url": "https://cctv.jogjaprov.go.id",
        "source_url": "https://cctv.jogjaprov.go.id/api/v1/location-pins?include=area,categories&filter%5Bhas_coords%5D=true&filter%5Bhas_slug%5D=true&filter%5Bevent_active%5D=true&filter%5Bdisabled%5D=false"
      },
      "geometry": {
        "type": "Point",
        "coordinates": [
          110.32534286,
          -7.80045094
        ]
      }
    },
    {
      "type": "Feature",
      "properties": {
        "id": "2337",
        "slug": "simpang-gamping-arah-selatan",
        "name": "GampingSelatan",
        "alias_name": "Simpang Gamping (arah selatan)",
        "group_name": "Dinas Perhubungan DIY",
        "pin_type": "cctv",
        "category": "sleman",
        "connected": true,
        "featured": false,
        "descr": "Dinas Perhubungan DIY • sleman",
        "stream_url": "https://cctv.jogjaprov.go.id/cctv-proxy/atcs/GampingSelatan.stream/playlist.m3u8",
        "video_url": "https://cctv.jogjaprov.go.id/cctv-proxy/atcs/GampingSelatan.stream/playlist.m3u8",
        "cctv_link": "https://cctv.jogjaprov.go.id/cctv-proxy/atcs/GampingSelatan.stream/playlist.m3u8",
        "portal_url": "https://cctv.jogjaprov.go.id",
        "source_url": "https://cctv.jogjaprov.go.id/api/v1/location-pins?include=area,categories&filter%5Bhas_coords%5D=true&filter%5Bhas_slug%5D=true&filter%5Bevent_active%5D=true&filter%5Bdisabled%5D=false"
      },
      "geometry": {
        "type": "Point",
        "coordinates": [
          110.32519404,
          -7.80044426
        ]
      }
    },
    {
      "type": "Feature",
      "properties": {
        "id": "2338",
        "slug": "simpang-gamping-arah-barat",
        "name": "GampingBarat",
        "alias_name": "Simpang Gamping (arah barat)",
        "group_name": "Dinas Perhubungan DIY",
        "pin_type": "cctv",
        "category": "sleman",
        "connected": true,
        "featured": false,
        "descr": "Dinas Perhubungan DIY • sleman",
        "stream_url": "https://cctv.jogjaprov.go.id/cctv-proxy/atcs/GampingBarat.stream/playlist.m3u8",
        "video_url": "https://cctv.jogjaprov.go.id/cctv-proxy/atcs/GampingBarat.stream/playlist.m3u8",
        "cctv_link": "https://cctv.jogjaprov.go.id/cctv-proxy/atcs/GampingBarat.stream/playlist.m3u8",
        "portal_url": "https://cctv.jogjaprov.go.id",
        "source_url": "https://cctv.jogjaprov.go.id/api/v1/location-pins?include=area,categories&filter%5Bhas_coords%5D=true&filter%5Bhas_slug%5D=true&filter%5Bevent_active%5D=true&filter%5Bdisabled%5D=false"
      },
      "geometry": {
        "type": "Point",
        "coordinates": [
          110.3250445,
          -7.80041303
        ]
      }
    },
    {
      "type": "Feature",
      "properties": {
        "id": "2339",
        "slug": "simpang-kentungan-arah-utara",
        "name": "KentunganUtara",
        "alias_name": "Simpang Kentungan (arah utara)",
        "group_name": "Dinas Perhubungan DIY",
        "pin_type": "cctv",
        "category": "sleman",
        "connected": true,
        "featured": false,
        "descr": "Dinas Perhubungan DIY • sleman",
        "stream_url": "https://cctv.jogjaprov.go.id/cctv-proxy/atcs/KentunganUtara.stream/playlist.m3u8",
        "video_url": "https://cctv.jogjaprov.go.id/cctv-proxy/atcs/KentunganUtara.stream/playlist.m3u8",
        "cctv_link": "https://cctv.jogjaprov.go.id/cctv-proxy/atcs/KentunganUtara.stream/playlist.m3u8",
        "portal_url": "https://cctv.jogjaprov.go.id",
        "source_url": "https://cctv.jogjaprov.go.id/api/v1/location-pins?include=area,categories&filter%5Bhas_coords%5D=true&filter%5Bhas_slug%5D=true&filter%5Bevent_active%5D=true&filter%5Bdisabled%5D=false"
      },
      "geometry": {
        "type": "Point",
        "coordinates": [
          110.38340446,
          -7.75456699
        ]
      }
    },
    {
      "type": "Feature",
      "properties": {
        "id": "2340",
        "slug": "blok-o-arah-timur",
        "name": "BlokOTimur",
        "alias_name": "Blok O (arah timur)",
        "group_name": "Dinas Perhubungan DIY",
        "pin_type": "cctv",
        "category": "bantul",
        "connected": true,
        "featured": false,
        "descr": "Dinas Perhubungan DIY • bantul",
        "stream_url": "https://cctv.jogjaprov.go.id/cctv-proxy/atcs/BlokOTimur.stream/playlist.m3u8",
        "video_url": "https://cctv.jogjaprov.go.id/cctv-proxy/atcs/BlokOTimur.stream/playlist.m3u8",
        "cctv_link": "https://cctv.jogjaprov.go.id/cctv-proxy/atcs/BlokOTimur.stream/playlist.m3u8",
        "portal_url": "https://cctv.jogjaprov.go.id",
        "source_url": "https://cctv.jogjaprov.go.id/api/v1/location-pins?include=area,categories&filter%5Bhas_coords%5D=true&filter%5Bhas_slug%5D=true&filter%5Bevent_active%5D=true&filter%5Bdisabled%5D=false"
      },
      "geometry": {
        "type": "Point",
        "coordinates": [
          110.41004517,
          -7.79860699
        ]
      }
    },
    {
      "type": "Feature",
      "properties": {
        "id": "2341",
        "slug": "simpang-jujur",
        "name": "Jujur",
        "alias_name": "Simpang Jujur",
        "group_name": "Dinas Perhubungan DIY",
        "pin_type": "cctv",
        "category": "bantul",
        "connected": true,
        "featured": false,
        "descr": "Dinas Perhubungan DIY • bantul",
        "stream_url": "https://cctv.jogjaprov.go.id/cctv-proxy/atcs/Jujur.stream/playlist.m3u8",
        "video_url": "https://cctv.jogjaprov.go.id/cctv-proxy/atcs/Jujur.stream/playlist.m3u8",
        "cctv_link": "https://cctv.jogjaprov.go.id/cctv-proxy/atcs/Jujur.stream/playlist.m3u8",
        "portal_url": "https://cctv.jogjaprov.go.id",
        "source_url": "https://cctv.jogjaprov.go.id/api/v1/location-pins?include=area,categories&filter%5Bhas_coords%5D=true&filter%5Bhas_slug%5D=true&filter%5Bevent_active%5D=true&filter%5Bdisabled%5D=false"
      },
      "geometry": {
        "type": "Point",
        "coordinates": [
          110.34214747,
          -7.80081879
        ]
      }
    },
    {
      "type": "Feature",
      "properties": {
        "id": "2342",
        "slug": "simpang-damai-jakal",
        "name": "DamaiTimur",
        "alias_name": "Simpang Damai-Jakal",
        "group_name": "Dinas Perhubungan DIY",
        "pin_type": "cctv",
        "category": "simpang, sleman",
        "connected": true,
        "featured": false,
        "descr": "Dinas Perhubungan DIY • simpang, sleman",
        "stream_url": "https://cctv.jogjaprov.go.id/cctv-proxy/atcs/DamaiTimur.stream/playlist.m3u8",
        "video_url": "https://cctv.jogjaprov.go.id/cctv-proxy/atcs/DamaiTimur.stream/playlist.m3u8",
        "cctv_link": "https://cctv.jogjaprov.go.id/cctv-proxy/atcs/DamaiTimur.stream/playlist.m3u8",
        "portal_url": "https://cctv.jogjaprov.go.id",
        "source_url": "https://cctv.jogjaprov.go.id/api/v1/location-pins?include=area,categories&filter%5Bhas_coords%5D=true&filter%5Bhas_slug%5D=true&filter%5Bevent_active%5D=true&filter%5Bdisabled%5D=false"
      },
      "geometry": {
        "type": "Point",
        "coordinates": [
          110.39528146,
          -7.73456756
        ]
      }
    },
    {
      "type": "Feature",
      "properties": {
        "id": "2343",
        "slug": "tanjakan-cinomati",
        "name": "TanjakanCinomati",
        "alias_name": "Tanjakan Cinomati",
        "group_name": "Dinas Kominfo Bantul",
        "pin_type": "cctv",
        "category": "bantul",
        "connected": true,
        "featured": false,
        "descr": "Dinas Kominfo Bantul • bantul",
        "stream_url": "https://cctv.jogjaprov.go.id/cctv-proxy/cctv-bantul/TanjakanCinomati.stream/playlist.m3u8",
        "video_url": "https://cctv.jogjaprov.go.id/cctv-proxy/cctv-bantul/TanjakanCinomati.stream/playlist.m3u8",
        "cctv_link": "https://cctv.jogjaprov.go.id/cctv-proxy/cctv-bantul/TanjakanCinomati.stream/playlist.m3u8",
        "portal_url": "https://cctv.jogjaprov.go.id",
        "source_url": "https://cctv.jogjaprov.go.id/api/v1/location-pins?include=area,categories&filter%5Bhas_coords%5D=true&filter%5Bhas_slug%5D=true&filter%5Bevent_active%5D=true&filter%5Bdisabled%5D=false"
      },
      "geometry": {
        "type": "Point",
        "coordinates": [
          110.44445011,
          -7.88561609
        ]
      }
    },
    {
      "type": "Feature",
      "properties": {
        "id": "2344",
        "slug": "simpang-condongcatur-arah-utara",
        "name": "CondongcaturUtara",
        "alias_name": "Simpang Condongcatur (arah utara)",
        "group_name": "Dinas Perhubungan DIY",
        "pin_type": "cctv",
        "category": "sleman",
        "connected": true,
        "featured": false,
        "descr": "Dinas Perhubungan DIY • sleman",
        "stream_url": "https://cctv.jogjaprov.go.id/cctv-proxy/atcs/CondongcaturUtara.stream/playlist.m3u8",
        "video_url": "https://cctv.jogjaprov.go.id/cctv-proxy/atcs/CondongcaturUtara.stream/playlist.m3u8",
        "cctv_link": "https://cctv.jogjaprov.go.id/cctv-proxy/atcs/CondongcaturUtara.stream/playlist.m3u8",
        "portal_url": "https://cctv.jogjaprov.go.id",
        "source_url": "https://cctv.jogjaprov.go.id/api/v1/location-pins?include=area,categories&filter%5Bhas_coords%5D=true&filter%5Bhas_slug%5D=true&filter%5Bevent_active%5D=true&filter%5Bdisabled%5D=false"
      },
      "geometry": {
        "type": "Point",
        "coordinates": [
          110.39583667,
          -7.75828957
        ]
      }
    },
    {
      "type": "Feature",
      "properties": {
        "id": "2345",
        "slug": "simpang-condongcatur-arah-timur",
        "name": "CondongcaturTimur",
        "alias_name": "Simpang Condongcatur (arah timur)",
        "group_name": "Dinas Perhubungan DIY",
        "pin_type": "cctv",
        "category": "sleman",
        "connected": true,
        "featured": false,
        "descr": "Dinas Perhubungan DIY • sleman",
        "stream_url": "https://cctv.jogjaprov.go.id/cctv-proxy/atcs/CondongcaturTimur.stream/playlist.m3u8",
        "video_url": "https://cctv.jogjaprov.go.id/cctv-proxy/atcs/CondongcaturTimur.stream/playlist.m3u8",
        "cctv_link": "https://cctv.jogjaprov.go.id/cctv-proxy/atcs/CondongcaturTimur.stream/playlist.m3u8",
        "portal_url": "https://cctv.jogjaprov.go.id",
        "source_url": "https://cctv.jogjaprov.go.id/api/v1/location-pins?include=area,categories&filter%5Bhas_coords%5D=true&filter%5Bhas_slug%5D=true&filter%5Bevent_active%5D=true&filter%5Bdisabled%5D=false"
      },
      "geometry": {
        "type": "Point",
        "coordinates": [
          110.39582594,
          -7.75851547
        ]
      }
    }
  ]
}